public_id,record_id,layout_id,split,raw_input_digest_declared,policy,truth_relation,truth_defined,truth_status,variant_mode,variant_count,public_sha256,action_before_answer,predicted_relation,correct_decision,wrong_task,query,unnecessary_query,missed_clarification,unresolved,coverage,correctness
PUBLIC_aaf625b720fd9db210114b6a,TOWN01_JUNCTION_26_UNIT01|CFG_LONGER_VS_STRAIGHTER|DC-M1V3-OBS-T01-J26-A-20260804T063020Z|P1,Town01:junction:26,DEV,41c8478616b55c8bb4dedbc51d7d946436f8b6bcfb3a02be1806e5960b6bded3,NO_CLARIFICATION,TASK_EQUIVALENT,True,DEFINED,EQUIVALENCE_CLASS_RESPONSE_A,1,392d7fa2a526c6acbdcc77024c4fef07a2fdbc8d721e4d2f6f1bb995760e6eda,ACT,,1.0,0.0,0.0,0.0,,0.0,1.0,1.0
PUBLIC_aaf625b720fd9db210114b6a,TOWN01_JUNCTION_26_UNIT01|CFG_LONGER_VS_STRAIGHTER|DC-M1V3-OBS-T01-J26-A-20260804T063020Z|P1,Town01:junction:26,DEV,41c8478616b55c8bb4dedbc51d7d946436f8b6bcfb3a02be1806e5960b6bded3,IMMEDIATE_QUERY,TASK_EQUIVALENT,True,DEFINED,EQUIVALENCE_CLASS_RESPONSE_A,1,392d7fa2a526c6acbdcc77024c4fef07a2fdbc8d721e4d2f6f1bb995760e6eda,ASK,,1.0,0.0,1.0,1.0,,0.0,1.0,1.0
PUBLIC_aaf625b720fd9db210114b6a,TOWN01_JUNCTION_26_UNIT01|CFG_LONGER_VS_STRAIGHTER|DC-M1V3-OBS-T01-J26-A-20260804T063020Z|P1,Town01:junction:26,DEV,41c8478616b55c8bb4dedbc51d7d946436f8b6bcfb3a02be1806e5960b6bded3,DRIVECLARIFY,TASK_EQUIVALENT,True,DEFINED,EQUIVALENCE_CLASS_RESPONSE_A,1,392d7fa2a526c6acbdcc77024c4fef07a2fdbc8d721e4d2f6f1bb995760e6eda,ACT,TASK_EQUIVALENT,1.0,0.0,0.0,0.0,,0.0,1.0,1.0
PUBLIC_7dd2ae92a022bba33d273c6d,TOWN01_JUNCTION_26_UNIT01|CFG_LONGER_VS_STRAIGHTER|DC-M1V3-OBS-T01-J26-A-20260804T063020Z|P2,Town01:junction:26,DEV,501e1384fff47c558cd3be6148d396f5dc5bf6e7c8cec817a829028807d9beed,NO_CLARIFICATION,TASK_EQUIVALENT,True,DEFINED,EQUIVALENCE_CLASS_RESPONSE_A,1,9bf16bb47246106a988693170c7de4fa28b681bbf8bf998e02d638a711050772,ACT,,1.0,0.0,0.0,0.0,,0.0,1.0,1.0
PUBLIC_7dd2ae92a022bba33d273c6d,TOWN01_JUNCTION_26_UNIT01|CFG_LONGER_VS_STRAIGHTER|DC-M1V3-OBS-T01-J26-A-20260804T063020Z|P2,Town01:junction:26,DEV,501e1384fff47c558cd3be6148d396f5dc5bf6e7c8cec817a829028807d9beed,IMMEDIATE_QUERY,TASK_EQUIVALENT,True,DEFINED,EQUIVALENCE_CLASS_RESPONSE_A,1,9bf16bb47246106a988693170c7de4fa28b681bbf8bf998e02d638a711050772,ASK,,1.0,0.0,1.0,1.0,,0.0,1.0,1.0
PUBLIC_7dd2ae92a022bba33d273c6d,TOWN01_JUNCTION_26_UNIT01|CFG_LONGER_VS_STRAIGHTER|DC-M1V3-OBS-T01-J26-A-20260804T063020Z|P2,Town01:junction:26,DEV,501e1384fff47c558cd3be6148d396f5dc5bf6e7c8cec817a829028807d9beed,DRIVECLARIFY,TASK_EQUIVALENT,True,DEFINED,EQUIVALENCE_CLASS_RESPONSE_A,1,9bf16bb47246106a988693170c7de4fa28b681bbf8bf998e02d638a711050772,ACT,TASK_EQUIVALENT,1.0,0.0,0.0,0.0,,0.0,1.0,1.0
PUBLIC_a588fca2bb690ce7bbcb66a1,TOWN01_JUNCTION_26_UNIT01|CFG_LONGER_VS_SHARPER|DC-M1V3-OBS-T01-J26-A-20260804T063020Z|P1,Town01:junction:26,DEV,66fbbf52f80f181da87c559c1cba0e72df6891838994617d72816492a75d34b2,NO_CLARIFICATION,TASK_DIVERGENT,True,DEFINED,BALANCED_COUNTERFACTUAL_INTENT_PAIR,2,84bf2d7f5e1319c7137b630b1dc157be61a3d4fa08234cdbd2eced1cef4de717,ACT,,0.5,0.5,0.0,,0.5,0.0,1.0,0.5
PUBLIC_a588fca2bb690ce7bbcb66a1,TOWN01_JUNCTION_26_UNIT01|CFG_LONGER_VS_SHARPER|DC-M1V3-OBS-T01-J26-A-20260804T063020Z|P1,Town01:junction:26,DEV,66fbbf52f80f181da87c559c1cba0e72df6891838994617d72816492a75d34b2,IMMEDIATE_QUERY,TASK_DIVERGENT,True,DEFINED,BALANCED_COUNTERFACTUAL_INTENT_PAIR,2,84bf2d7f5e1319c7137b630b1dc157be61a3d4fa08234cdbd2eced1cef4de717,ASK,,1.0,0.0,1.0,,0.0,0.0,1.0,1.0
PUBLIC_a588fca2bb690ce7bbcb66a1,TOWN01_JUNCTION_26_UNIT01|CFG_LONGER_VS_SHARPER|DC-M1V3-OBS-T01-J26-A-20260804T063020Z|P1,Town01:junction:26,DEV,66fbbf52f80f181da87c559c1cba0e72df6891838994617d72816492a75d34b2,DRIVECLARIFY,TASK_DIVERGENT,True,DEFINED,BALANCED_COUNTERFACTUAL_INTENT_PAIR,2,84bf2d7f5e1319c7137b630b1dc157be61a3d4fa08234cdbd2eced1cef4de717,ASK,TASK_DIVERGENT,1.0,0.0,1.0,,0.0,0.0,1.0,1.0
PUBLIC_40272f041842092f8ebf5038,TOWN01_JUNCTION_26_UNIT01|CFG_LONGER_VS_SHARPER|DC-M1V3-OBS-T01-J26-A-20260804T063020Z|P2,Town01:junction:26,DEV,bbc6ec2005361f6c0cefdb5c397722e8b809d7a5752fc2a66f6a7118a3e80388,NO_CLARIFICATION,TASK_DIVERGENT,True,DEFINED,BALANCED_COUNTERFACTUAL_INTENT_PAIR,2,70ee8a3382bca5ee85b65fb56195e089580562bad77bee66b3503a0407f92c51,ACT,,0.5,0.5,0.0,,0.5,0.0,1.0,0.5
PUBLIC_40272f041842092f8ebf5038,TOWN01_JUNCTION_26_UNIT01|CFG_LONGER_VS_SHARPER|DC-M1V3-OBS-T01-J26-A-20260804T063020Z|P2,Town01:junction:26,DEV,bbc6ec2005361f6c0cefdb5c397722e8b809d7a5752fc2a66f6a7118a3e80388,IMMEDIATE_QUERY,TASK_DIVERGENT,True,DEFINED,BALANCED_COUNTERFACTUAL_INTENT_PAIR,2,70ee8a3382bca5ee85b65fb56195e089580562bad77bee66b3503a0407f92c51,ASK,,1.0,0.0,1.0,,0.0,0.0,1.0,1.0
PUBLIC_40272f041842092f8ebf5038,TOWN01_JUNCTION_26_UNIT01|CFG_LONGER_VS_SHARPER|DC-M1V3-OBS-T01-J26-A-20260804T063020Z|P2,Town01:junction:26,DEV,bbc6ec2005361f6c0cefdb5c397722e8b809d7a5752fc2a66f6a7118a3e80388,DRIVECLARIFY,TASK_DIVERGENT,True,DEFINED,BALANCED_COUNTERFACTUAL_INTENT_PAIR,2,70ee8a3382bca5ee85b65fb56195e089580562bad77bee66b3503a0407f92c51,ASK,TASK_DIVERGENT,1.0,0.0,1.0,,0.0,0.0,1.0,1.0
PUBLIC_50c8e70d1d42dce7454e92d3,TOWN01_JUNCTION_26_UNIT01|CFG_SAME_EXPRESSION|DC-M1V3-OBS-T01-J26-A-20260804T063020Z|P1,Town01:junction:26,DEV,a17c35d8153baa9888ee9f1d696e810886401ae40c90a9c374c992363cfbd553,NO_CLARIFICATION,TASK_EQUIVALENT,True,DEFINED,EQUIVALENCE_CLASS_RESPONSE_A,1,b28ff50cc9f33648ffff69ab25f8b36ae8c2343b8c5032236bbebf5916518b22,ACT,,1.0,0.0,0.0,0.0,,0.0,1.0,1.0
PUBLIC_50c8e70d1d42dce7454e92d3,TOWN01_JUNCTION_26_UNIT01|CFG_SAME_EXPRESSION|DC-M1V3-OBS-T01-J26-A-20260804T063020Z|P1,Town01:junction:26,DEV,a17c35d8153baa9888ee9f1d696e810886401ae40c90a9c374c992363cfbd553,IMMEDIATE_QUERY,TASK_EQUIVALENT,True,DEFINED,EQUIVALENCE_CLASS_RESPONSE_A,1,b28ff50cc9f33648ffff69ab25f8b36ae8c2343b8c5032236bbebf5916518b22,ASK,,1.0,0.0,1.0,1.0,,0.0,1.0,1.0
PUBLIC_50c8e70d1d42dce7454e92d3,TOWN01_JUNCTION_26_UNIT01|CFG_SAME_EXPRESSION|DC-M1V3-OBS-T01-J26-A-20260804T063020Z|P1,Town01:junction:26,DEV,a17c35d8153baa9888ee9f1d696e810886401ae40c90a9c374c992363cfbd553,DRIVECLARIFY,TASK_EQUIVALENT,True,DEFINED,EQUIVALENCE_CLASS_RESPONSE_A,1,b28ff50cc9f33648ffff69ab25f8b36ae8c2343b8c5032236bbebf5916518b22,ACT,TASK_EQUIVALENT,1.0,0.0,0.0,0.0,,0.0,1.0,1.0
PUBLIC_2dc1ec341d410afe83b8cf4c,TOWN01_JUNCTION_26_UNIT01|CFG_SAME_EXPRESSION|DC-M1V3-OBS-T01-J26-A-20260804T063020Z|P2,Town01:junction:26,DEV,a88a7233f6ea569baeaca1c7c4cf08396a15be7915dce867b38c251c2d585c70,NO_CLARIFICATION,TASK_EQUIVALENT,True,DEFINED,EQUIVALENCE_CLASS_RESPONSE_A,1,e3d6aac3e225a75412d8016aefa12deda697286aeb40e6352c28c4234d724f6f,ACT,,1.0,0.0,0.0,0.0,,0.0,1.0,1.0
PUBLIC_2dc1ec341d410afe83b8cf4c,TOWN01_JUNCTION_26_UNIT01|CFG_SAME_EXPRESSION|DC-M1V3-OBS-T01-J26-A-20260804T063020Z|P2,Town01:junction:26,DEV,a88a7233f6ea569baeaca1c7c4cf08396a15be7915dce867b38c251c2d585c70,IMMEDIATE_QUERY,TASK_EQUIVALENT,True,DEFINED,EQUIVALENCE_CLASS_RESPONSE_A,1,e3d6aac3e225a75412d8016aefa12deda697286aeb40e6352c28c4234d724f6f,ASK,,1.0,0.0,1.0,1.0,,0.0,1.0,1.0
PUBLIC_2dc1ec341d410afe83b8cf4c,TOWN01_JUNCTION_26_UNIT01|CFG_SAME_EXPRESSION|DC-M1V3-OBS-T01-J26-A-20260804T063020Z|P2,Town01:junction:26,DEV,a88a7233f6ea569baeaca1c7c4cf08396a15be7915dce867b38c251c2d585c70,DRIVECLARIFY,TASK_EQUIVALENT,True,DEFINED,EQUIVALENCE_CLASS_RESPONSE_A,1,e3d6aac3e225a75412d8016aefa12deda697286aeb40e6352c28c4234d724f6f,ACT,TASK_EQUIVALENT,1.0,0.0,0.0,0.0,,0.0,1.0,1.0
PUBLIC_45f0f5b2b57b6f509eb71a5b,TOWN01_JUNCTION_26_UNIT01|CFG_EVIDENCE_INSUFFICIENT|DC-M1V3-OBS-T01-J26-A-20260804T063020Z|P1,Town01:junction:26,DEV,bd234d3b6340940be0b8793a4d8b99847a8a3b871568239e205485885046165a,NO_CLARIFICATION,,False,LABEL_UNDEFINED_UNDER_ALLOWED_INPUTS,OUTPUT_ONLY_RESPONSE_A,1,eeab37a1d37e952936f56f036cdbef7f7effa0bfbfcf10a658ae7d5e28650fef,ACT,,,,0.0,,,0.0,1.0,
PUBLIC_45f0f5b2b57b6f509eb71a5b,TOWN01_JUNCTION_26_UNIT01|CFG_EVIDENCE_INSUFFICIENT|DC-M1V3-OBS-T01-J26-A-20260804T063020Z|P1,Town01:junction:26,DEV,bd234d3b6340940be0b8793a4d8b99847a8a3b871568239e205485885046165a,IMMEDIATE_QUERY,,False,LABEL_UNDEFINED_UNDER_ALLOWED_INPUTS,OUTPUT_ONLY_RESPONSE_A,1,eeab37a1d37e952936f56f036cdbef7f7effa0bfbfcf10a658ae7d5e28650fef,ASK,,,,1.0,,,0.0,1.0,
PUBLIC_45f0f5b2b57b6f509eb71a5b,TOWN01_JUNCTION_26_UNIT01|CFG_EVIDENCE_INSUFFICIENT|DC-M1V3-OBS-T01-J26-A-20260804T063020Z|P1,Town01:junction:26,DEV,bd234d3b6340940be0b8793a4d8b99847a8a3b871568239e205485885046165a,DRIVECLARIFY,,False,LABEL_UNDEFINED_UNDER_ALLOWED_INPUTS,OUTPUT_ONLY_RESPONSE_A,1,eeab37a1d37e952936f56f036cdbef7f7effa0bfbfcf10a658ae7d5e28650fef,ABSTAIN,UNKNOWN,,,0.0,,,1.0,0.0,
PUBLIC_3194e7fb029f7625d4d1d23e,TOWN01_JUNCTION_26_UNIT01|CFG_EVIDENCE_INSUFFICIENT|DC-M1V3-OBS-T01-J26-A-20260804T063020Z|P2,Town01:junction:26,DEV,bbbcf22a656aa2b7f53d5ad2761622f89545bd23142ecd73fa6ee6cc4560e0cb,NO_CLARIFICATION,,False,LABEL_UNDEFINED_UNDER_ALLOWED_INPUTS,OUTPUT_ONLY_RESPONSE_A,1,e917e4447e8ac2768c732904c16a883e696379afd85dcb44e25fb6c9a25738c2,ACT,,,,0.0,,,0.0,1.0,
PUBLIC_3194e7fb029f7625d4d1d23e,TOWN01_JUNCTION_26_UNIT01|CFG_EVIDENCE_INSUFFICIENT|DC-M1V3-OBS-T01-J26-A-20260804T063020Z|P2,Town01:junction:26,DEV,bbbcf22a656aa2b7f53d5ad2761622f89545bd23142ecd73fa6ee6cc4560e0cb,IMMEDIATE_QUERY,,False,LABEL_UNDEFINED_UNDER_ALLOWED_INPUTS,OUTPUT_ONLY_RESPONSE_A,1,e917e4447e8ac2768c732904c16a883e696379afd85dcb44e25fb6c9a25738c2,ASK,,,,1.0,,,0.0,1.0,
PUBLIC_3194e7fb029f7625d4d1d23e,TOWN01_JUNCTION_26_UNIT01|CFG_EVIDENCE_INSUFFICIENT|DC-M1V3-OBS-T01-J26-A-20260804T063020Z|P2,Town01:junction:26,DEV,bbbcf22a656aa2b7f53d5ad2761622f89545bd23142ecd73fa6ee6cc4560e0cb,DRIVECLARIFY,,False,LABEL_UNDEFINED_UNDER_ALLOWED_INPUTS,OUTPUT_ONLY_RESPONSE_A,1,e917e4447e8ac2768c732904c16a883e696379afd85dcb44e25fb6c9a25738c2,ABSTAIN,UNKNOWN,,,0.0,,,1.0,0.0,
PUBLIC_36ae0e3c492f6a0febdad197,TOWN02_JUNCTION_20_UNIT01|CFG_LONGER_VS_STRAIGHTER|DC-M1V3-OBS-T02-J20-A-20260804T063015Z|P1,Town02:junction:20,DEV,8dd6383fe821e611ac9f39f6d26bd9171cb138e7e3f387f101d75fe63135ed09,NO_CLARIFICATION,TASK_EQUIVALENT,True,DEFINED,EQUIVALENCE_CLASS_RESPONSE_A,1,85498526763cad8ac49a96367cef39f3da69fec80887ecaff533dd5984da390b,ACT,,1.0,0.0,0.0,0.0,,0.0,1.0,1.0
PUBLIC_36ae0e3c492f6a0febdad197,TOWN02_JUNCTION_20_UNIT01|CFG_LONGER_VS_STRAIGHTER|DC-M1V3-OBS-T02-J20-A-20260804T063015Z|P1,Town02:junction:20,DEV,8dd6383fe821e611ac9f39f6d26bd9171cb138e7e3f387f101d75fe63135ed09,IMMEDIATE_QUERY,TASK_EQUIVALENT,True,DEFINED,EQUIVALENCE_CLASS_RESPONSE_A,1,85498526763cad8ac49a96367cef39f3da69fec80887ecaff533dd5984da390b,ASK,,1.0,0.0,1.0,1.0,,0.0,1.0,1.0
PUBLIC_36ae0e3c492f6a0febdad197,TOWN02_JUNCTION_20_UNIT01|CFG_LONGER_VS_STRAIGHTER|DC-M1V3-OBS-T02-J20-A-20260804T063015Z|P1,Town02:junction:20,DEV,8dd6383fe821e611ac9f39f6d26bd9171cb138e7e3f387f101d75fe63135ed09,DRIVECLARIFY,TASK_EQUIVALENT,True,DEFINED,EQUIVALENCE_CLASS_RESPONSE_A,1,85498526763cad8ac49a96367cef39f3da69fec80887ecaff533dd5984da390b,ACT,TASK_EQUIVALENT,1.0,0.0,0.0,0.0,,0.0,1.0,1.0
PUBLIC_e29aee613e4aecd2eab04a64,TOWN02_JUNCTION_20_UNIT01|CFG_LONGER_VS_STRAIGHTER|DC-M1V3-OBS-T02-J20-A-20260804T063015Z|P2,Town02:junction:20,DEV,c22fe5a20143b64c9c2e28b35bac00d5a7734f79458dcbc0345790ec85f546ab,NO_CLARIFICATION,TASK_EQUIVALENT,True,DEFINED,EQUIVALENCE_CLASS_RESPONSE_A,1,05ce6d07d2263fc0bc2ad8fdc67087c133b6712bb5c5510d7651406cb10e43e0,ACT,,1.0,0.0,0.0,0.0,,0.0,1.0,1.0
PUBLIC_e29aee613e4aecd2eab04a64,TOWN02_JUNCTION_20_UNIT01|CFG_LONGER_VS_STRAIGHTER|DC-M1V3-OBS-T02-J20-A-20260804T063015Z|P2,Town02:junction:20,DEV,c22fe5a20143b64c9c2e28b35bac00d5a7734f79458dcbc0345790ec85f546ab,IMMEDIATE_QUERY,TASK_EQUIVALENT,True,DEFINED,EQUIVALENCE_CLASS_RESPONSE_A,1,05ce6d07d2263fc0bc2ad8fdc67087c133b6712bb5c5510d7651406cb10e43e0,ASK,,1.0,0.0,1.0,1.0,,0.0,1.0,1.0
PUBLIC_e29aee613e4aecd2eab04a64,TOWN02_JUNCTION_20_UNIT01|CFG_LONGER_VS_STRAIGHTER|DC-M1V3-OBS-T02-J20-A-20260804T063015Z|P2,Town02:junction:20,DEV,c22fe5a20143b64c9c2e28b35bac00d5a7734f79458dcbc0345790ec85f546ab,DRIVECLARIFY,TASK_EQUIVALENT,True,DEFINED,EQUIVALENCE_CLASS_RESPONSE_A,1,05ce6d07d2263fc0bc2ad8fdc67087c133b6712bb5c5510d7651406cb10e43e0,ACT,TASK_EQUIVALENT,1.0,0.0,0.0,0.0,,0.0,1.0,1.0
PUBLIC_79ef7e48c04ed060594260ae,TOWN02_JUNCTION_20_UNIT01|CFG_LONGER_VS_SHARPER|DC-M1V3-OBS-T02-J20-A-20260804T063015Z|P1,Town02:junction:20,DEV,d01c49d1d25ea5c052fe032cc56a423cb36e1f9fdb2224c2faecd64b85efb366,NO_CLARIFICATION,TASK_DIVERGENT,True,DEFINED,BALANCED_COUNTERFACTUAL_INTENT_PAIR,2,d2443efba21432adfd659ddd70b3a1bd0b739cc9d603801e68ec9619350087f8,ACT,,0.5,0.5,0.0,,0.5,0.0,1.0,0.5
PUBLIC_79ef7e48c04ed060594260ae,TOWN02_JUNCTION_20_UNIT01|CFG_LONGER_VS_SHARPER|DC-M1V3-OBS-T02-J20-A-20260804T063015Z|P1,Town02:junction:20,DEV,d01c49d1d25ea5c052fe032cc56a423cb36e1f9fdb2224c2faecd64b85efb366,IMMEDIATE_QUERY,TASK_DIVERGENT,True,DEFINED,BALANCED_COUNTERFACTUAL_INTENT_PAIR,2,d2443efba21432adfd659ddd70b3a1bd0b739cc9d603801e68ec9619350087f8,ASK,,1.0,0.0,1.0,,0.0,0.0,1.0,1.0
PUBLIC_79ef7e48c04ed060594260ae,TOWN02_JUNCTION_20_UNIT01|CFG_LONGER_VS_SHARPER|DC-M1V3-OBS-T02-J20-A-20260804T063015Z|P1,Town02:junction:20,DEV,d01c49d1d25ea5c052fe032cc56a423cb36e1f9fdb2224c2faecd64b85efb366,DRIVECLARIFY,TASK_DIVERGENT,True,DEFINED,BALANCED_COUNTERFACTUAL_INTENT_PAIR,2,d2443efba21432adfd659ddd70b3a1bd0b739cc9d603801e68ec9619350087f8,ASK,TASK_DIVERGENT,1.0,0.0,1.0,,0.0,0.0,1.0,1.0
PUBLIC_76add269cd5b72c422c834c6,TOWN02_JUNCTION_20_UNIT01|CFG_LONGER_VS_SHARPER|DC-M1V3-OBS-T02-J20-A-20260804T063015Z|P2,Town02:junction:20,DEV,f840e01f05c44b09d165e9093c7ca38fca19450ce33324857014431ea937957c,NO_CLARIFICATION,TASK_DIVERGENT,True,DEFINED,BALANCED_COUNTERFACTUAL_INTENT_PAIR,2,43fdd753fa8f810b4f6ecfb101ed64bc7e30bfe34fc0d86889ef33f90d636716,ACT,,0.5,0.5,0.0,,0.5,0.0,1.0,0.5
PUBLIC_76add269cd5b72c422c834c6,TOWN02_JUNCTION_20_UNIT01|CFG_LONGER_VS_SHARPER|DC-M1V3-OBS-T02-J20-A-20260804T063015Z|P2,Town02:junction:20,DEV,f840e01f05c44b09d165e9093c7ca38fca19450ce33324857014431ea937957c,IMMEDIATE_QUERY,TASK_DIVERGENT,True,DEFINED,BALANCED_COUNTERFACTUAL_INTENT_PAIR,2,43fdd753fa8f810b4f6ecfb101ed64bc7e30bfe34fc0d86889ef33f90d636716,ASK,,1.0,0.0,1.0,,0.0,0.0,1.0,1.0
PUBLIC_76add269cd5b72c422c834c6,TOWN02_JUNCTION_20_UNIT01|CFG_LONGER_VS_SHARPER|DC-M1V3-OBS-T02-J20-A-20260804T063015Z|P2,Town02:junction:20,DEV,f840e01f05c44b09d165e9093c7ca38fca19450ce33324857014431ea937957c,DRIVECLARIFY,TASK_DIVERGENT,True,DEFINED,BALANCED_COUNTERFACTUAL_INTENT_PAIR,2,43fdd753fa8f810b4f6ecfb101ed64bc7e30bfe34fc0d86889ef33f90d636716,ASK,TASK_DIVERGENT,1.0,0.0,1.0,,0.0,0.0,1.0,1.0
PUBLIC_5b55eb4387ca7e1108fd0058,TOWN02_JUNCTION_20_UNIT01|CFG_SAME_EXPRESSION|DC-M1V3-OBS-T02-J20-A-20260804T063015Z|P1,Town02:junction:20,DEV,95232d600f96f4265e5240e59f48188393af0a2c01a833e8c17ddecbb0882652,NO_CLARIFICATION,TASK_EQUIVALENT,True,DEFINED,EQUIVALENCE_CLASS_RESPONSE_A,1,d6d0c2b7ea0f7e9a539b7d29494958a123b465248e7d10ec06dcfb9fa3d87f92,ACT,,1.0,0.0,0.0,0.0,,0.0,1.0,1.0
PUBLIC_5b55eb4387ca7e1108fd0058,TOWN02_JUNCTION_20_UNIT01|CFG_SAME_EXPRESSION|DC-M1V3-OBS-T02-J20-A-20260804T063015Z|P1,Town02:junction:20,DEV,95232d600f96f4265e5240e59f48188393af0a2c01a833e8c17ddecbb0882652,IMMEDIATE_QUERY,TASK_EQUIVALENT,True,DEFINED,EQUIVALENCE_CLASS_RESPONSE_A,1,d6d0c2b7ea0f7e9a539b7d29494958a123b465248e7d10ec06dcfb9fa3d87f92,ASK,,1.0,0.0,1.0,1.0,,0.0,1.0,1.0
PUBLIC_5b55eb4387ca7e1108fd0058,TOWN02_JUNCTION_20_UNIT01|CFG_SAME_EXPRESSION|DC-M1V3-OBS-T02-J20-A-20260804T063015Z|P1,Town02:junction:20,DEV,95232d600f96f4265e5240e59f48188393af0a2c01a833e8c17ddecbb0882652,DRIVECLARIFY,TASK_EQUIVALENT,True,DEFINED,EQUIVALENCE_CLASS_RESPONSE_A,1,d6d0c2b7ea0f7e9a539b7d29494958a123b465248e7d10ec06dcfb9fa3d87f92,ACT,TASK_EQUIVALENT,1.0,0.0,0.0,0.0,,0.0,1.0,1.0
PUBLIC_1b48350b2db5807d83d922f4,TOWN02_JUNCTION_20_UNIT01|CFG_SAME_EXPRESSION|DC-M1V3-OBS-T02-J20-A-20260804T063015Z|P2,Town02:junction:20,DEV,a9ed47bf424af75231a88cbc893456069be0f47f8098fe72fd31f734cb6e4307,NO_CLARIFICATION,TASK_EQUIVALENT,True,DEFINED,EQUIVALENCE_CLASS_RESPONSE_A,1,bf1bef8e8fc49c9d0d3872500a4628f4235b44a9048545aff738e1af61b31e6d,ACT,,1.0,0.0,0.0,0.0,,0.0,1.0,1.0
PUBLIC_1b48350b2db5807d83d922f4,TOWN02_JUNCTION_20_UNIT01|CFG_SAME_EXPRESSION|DC-M1V3-OBS-T02-J20-A-20260804T063015Z|P2,Town02:junction:20,DEV,a9ed47bf424af75231a88cbc893456069be0f47f8098fe72fd31f734cb6e4307,IMMEDIATE_QUERY,TASK_EQUIVALENT,True,DEFINED,EQUIVALENCE_CLASS_RESPONSE_A,1,bf1bef8e8fc49c9d0d3872500a4628f4235b44a9048545aff738e1af61b31e6d,ASK,,1.0,0.0,1.0,1.0,,0.0,1.0,1.0
PUBLIC_1b48350b2db5807d83d922f4,TOWN02_JUNCTION_20_UNIT01|CFG_SAME_EXPRESSION|DC-M1V3-OBS-T02-J20-A-20260804T063015Z|P2,Town02:junction:20,DEV,a9ed47bf424af75231a88cbc893456069be0f47f8098fe72fd31f734cb6e4307,DRIVECLARIFY,TASK_EQUIVALENT,True,DEFINED,EQUIVALENCE_CLASS_RESPONSE_A,1,bf1bef8e8fc49c9d0d3872500a4628f4235b44a9048545aff738e1af61b31e6d,ACT,TASK_EQUIVALENT,1.0,0.0,0.0,0.0,,0.0,1.0,1.0
PUBLIC_2bf4daa05b1b10081327e326,TOWN02_JUNCTION_20_UNIT01|CFG_EVIDENCE_INSUFFICIENT|DC-M1V3-OBS-T02-J20-A-20260804T063015Z|P1,Town02:junction:20,DEV,e607a5b3a84b33a1b5514a96d72ac7e4ff83bb75c1979581a4e07483d1f7b625,NO_CLARIFICATION,,False,LABEL_UNDEFINED_UNDER_ALLOWED_INPUTS,OUTPUT_ONLY_RESPONSE_A,1,e3c2cfba665644cf8b9836221d6717cab897de46d4d664177d800e54e4a293ea,ACT,,,,0.0,,,0.0,1.0,
PUBLIC_2bf4daa05b1b10081327e326,TOWN02_JUNCTION_20_UNIT01|CFG_EVIDENCE_INSUFFICIENT|DC-M1V3-OBS-T02-J20-A-20260804T063015Z|P1,Town02:junction:20,DEV,e607a5b3a84b33a1b5514a96d72ac7e4ff83bb75c1979581a4e07483d1f7b625,IMMEDIATE_QUERY,,False,LABEL_UNDEFINED_UNDER_ALLOWED_INPUTS,OUTPUT_ONLY_RESPONSE_A,1,e3c2cfba665644cf8b9836221d6717cab897de46d4d664177d800e54e4a293ea,ASK,,,,1.0,,,0.0,1.0,
PUBLIC_2bf4daa05b1b10081327e326,TOWN02_JUNCTION_20_UNIT01|CFG_EVIDENCE_INSUFFICIENT|DC-M1V3-OBS-T02-J20-A-20260804T063015Z|P1,Town02:junction:20,DEV,e607a5b3a84b33a1b5514a96d72ac7e4ff83bb75c1979581a4e07483d1f7b625,DRIVECLARIFY,,False,LABEL_UNDEFINED_UNDER_ALLOWED_INPUTS,OUTPUT_ONLY_RESPONSE_A,1,e3c2cfba665644cf8b9836221d6717cab897de46d4d664177d800e54e4a293ea,ABSTAIN,UNKNOWN,,,0.0,,,1.0,0.0,
PUBLIC_b12a0507e16b47ad1ed2c50a,TOWN02_JUNCTION_20_UNIT01|CFG_EVIDENCE_INSUFFICIENT|DC-M1V3-OBS-T02-J20-A-20260804T063015Z|P2,Town02:junction:20,DEV,4c1dd7e335c7013f06ddb61cabc18d6ff07f86654818cbe9596fce833e03dc1d,NO_CLARIFICATION,,False,LABEL_UNDEFINED_UNDER_ALLOWED_INPUTS,OUTPUT_ONLY_RESPONSE_A,1,3bc025081331056c3a2ac0e1e469108c7d1f06876c7bf9f6bf2b6300d35cdfdf,ACT,,,,0.0,,,0.0,1.0,
PUBLIC_b12a0507e16b47ad1ed2c50a,TOWN02_JUNCTION_20_UNIT01|CFG_EVIDENCE_INSUFFICIENT|DC-M1V3-OBS-T02-J20-A-20260804T063015Z|P2,Town02:junction:20,DEV,4c1dd7e335c7013f06ddb61cabc18d6ff07f86654818cbe9596fce833e03dc1d,IMMEDIATE_QUERY,,False,LABEL_UNDEFINED_UNDER_ALLOWED_INPUTS,OUTPUT_ONLY_RESPONSE_A,1,3bc025081331056c3a2ac0e1e469108c7d1f06876c7bf9f6bf2b6300d35cdfdf,ASK,,,,1.0,,,0.0,1.0,
PUBLIC_b12a0507e16b47ad1ed2c50a,TOWN02_JUNCTION_20_UNIT01|CFG_EVIDENCE_INSUFFICIENT|DC-M1V3-OBS-T02-J20-A-20260804T063015Z|P2,Town02:junction:20,DEV,4c1dd7e335c7013f06ddb61cabc18d6ff07f86654818cbe9596fce833e03dc1d,DRIVECLARIFY,,False,LABEL_UNDEFINED_UNDER_ALLOWED_INPUTS,OUTPUT_ONLY_RESPONSE_A,1,3bc025081331056c3a2ac0e1e469108c7d1f06876c7bf9f6bf2b6300d35cdfdf,ABSTAIN,UNKNOWN,,,0.0,,,1.0,0.0,
PUBLIC_b43c93ed8887cc8395f28381,TOWN03_JUNCTION_498_UNIT01|CFG_LONGER_VS_STRAIGHTER|DC-M1V3-OBS-T03-J498-A-20260804T063001Z|P1,Town03:junction:498,DEV,78fd176571c0dae4b3dd2afb3f10d358a0d10fbbda5b0e0ecf91f3ea6ac73460,NO_CLARIFICATION,TASK_EQUIVALENT,True,DEFINED,EQUIVALENCE_CLASS_RESPONSE_A,1,51da1126baf978d1b7b93ae4e19dec736e4b2e47baaa56d979ac7f7e5ce18dc2,ACT,,1.0,0.0,0.0,0.0,,0.0,1.0,1.0
PUBLIC_b43c93ed8887cc8395f28381,TOWN03_JUNCTION_498_UNIT01|CFG_LONGER_VS_STRAIGHTER|DC-M1V3-OBS-T03-J498-A-20260804T063001Z|P1,Town03:junction:498,DEV,78fd176571c0dae4b3dd2afb3f10d358a0d10fbbda5b0e0ecf91f3ea6ac73460,IMMEDIATE_QUERY,TASK_EQUIVALENT,True,DEFINED,EQUIVALENCE_CLASS_RESPONSE_A,1,51da1126baf978d1b7b93ae4e19dec736e4b2e47baaa56d979ac7f7e5ce18dc2,ASK,,1.0,0.0,1.0,1.0,,0.0,1.0,1.0
PUBLIC_b43c93ed8887cc8395f28381,TOWN03_JUNCTION_498_UNIT01|CFG_LONGER_VS_STRAIGHTER|DC-M1V3-OBS-T03-J498-A-20260804T063001Z|P1,Town03:junction:498,DEV,78fd176571c0dae4b3dd2afb3f10d358a0d10fbbda5b0e0ecf91f3ea6ac73460,DRIVECLARIFY,TASK_EQUIVALENT,True,DEFINED,EQUIVALENCE_CLASS_RESPONSE_A,1,51da1126baf978d1b7b93ae4e19dec736e4b2e47baaa56d979ac7f7e5ce18dc2,ACT,TASK_EQUIVALENT,1.0,0.0,0.0,0.0,,0.0,1.0,1.0
PUBLIC_5cd4f18ff71ac9d3936c3e35,TOWN03_JUNCTION_498_UNIT01|CFG_LONGER_VS_STRAIGHTER|DC-M1V3-OBS-T03-J498-A-20260804T063001Z|P2,Town03:junction:498,DEV,717253da8aead9e08ca8026b79768dc2de91e900526c40b26c24812e97dc6f1d,NO_CLARIFICATION,TASK_EQUIVALENT,True,DEFINED,EQUIVALENCE_CLASS_RESPONSE_A,1,62bb74561480496df46d080cc7dea002f5250dd9f1d2ab194d66c00308092795,ACT,,1.0,0.0,0.0,0.0,,0.0,1.0,1.0
PUBLIC_5cd4f18ff71ac9d3936c3e35,TOWN03_JUNCTION_498_UNIT01|CFG_LONGER_VS_STRAIGHTER|DC-M1V3-OBS-T03-J498-A-20260804T063001Z|P2,Town03:junction:498,DEV,717253da8aead9e08ca8026b79768dc2de91e900526c40b26c24812e97dc6f1d,IMMEDIATE_QUERY,TASK_EQUIVALENT,True,DEFINED,EQUIVALENCE_CLASS_RESPONSE_A,1,62bb74561480496df46d080cc7dea002f5250dd9f1d2ab194d66c00308092795,ASK,,1.0,0.0,1.0,1.0,,0.0,1.0,1.0
PUBLIC_5cd4f18ff71ac9d3936c3e35,TOWN03_JUNCTION_498_UNIT01|CFG_LONGER_VS_STRAIGHTER|DC-M1V3-OBS-T03-J498-A-20260804T063001Z|P2,Town03:junction:498,DEV,717253da8aead9e08ca8026b79768dc2de91e900526c40b26c24812e97dc6f1d,DRIVECLARIFY,TASK_EQUIVALENT,True,DEFINED,EQUIVALENCE_CLASS_RESPONSE_A,1,62bb74561480496df46d080cc7dea002f5250dd9f1d2ab194d66c00308092795,ACT,TASK_EQUIVALENT,1.0,0.0,0.0,0.0,,0.0,1.0,1.0
PUBLIC_142bda4855d9a4951f880600,TOWN03_JUNCTION_498_UNIT01|CFG_LONGER_VS_SHARPER|DC-M1V3-OBS-T03-J498-A-20260804T063001Z|P1,Town03:junction:498,DEV,a5e84255f6998bdbbecca3f5f58d14488a2bc7b495a1f5187c7be45a40a6ce14,NO_CLARIFICATION,TASK_DIVERGENT,True,DEFINED,BALANCED_COUNTERFACTUAL_INTENT_PAIR,2,3f8e3da233961ff2fed1faca9ec71472f0758f949df64b0eae75a23dd93c9a0d,ACT,,0.5,0.5,0.0,,0.5,0.0,1.0,0.5
PUBLIC_142bda4855d9a4951f880600,TOWN03_JUNCTION_498_UNIT01|CFG_LONGER_VS_SHARPER|DC-M1V3-OBS-T03-J498-A-20260804T063001Z|P1,Town03:junction:498,DEV,a5e84255f6998bdbbecca3f5f58d14488a2bc7b495a1f5187c7be45a40a6ce14,IMMEDIATE_QUERY,TASK_DIVERGENT,True,DEFINED,BALANCED_COUNTERFACTUAL_INTENT_PAIR,2,3f8e3da233961ff2fed1faca9ec71472f0758f949df64b0eae75a23dd93c9a0d,ASK,,1.0,0.0,1.0,,0.0,0.0,1.0,1.0
PUBLIC_142bda4855d9a4951f880600,TOWN03_JUNCTION_498_UNIT01|CFG_LONGER_VS_SHARPER|DC-M1V3-OBS-T03-J498-A-20260804T063001Z|P1,Town03:junction:498,DEV,a5e84255f6998bdbbecca3f5f58d14488a2bc7b495a1f5187c7be45a40a6ce14,DRIVECLARIFY,TASK_DIVERGENT,True,DEFINED,BALANCED_COUNTERFACTUAL_INTENT_PAIR,2,3f8e3da233961ff2fed1faca9ec71472f0758f949df64b0eae75a23dd93c9a0d,ASK,TASK_DIVERGENT,1.0,0.0,1.0,,0.0,0.0,1.0,1.0
PUBLIC_17e825b1804244fb2f56d397,TOWN03_JUNCTION_498_UNIT01|CFG_LONGER_VS_SHARPER|DC-M1V3-OBS-T03-J498-A-20260804T063001Z|P2,Town03:junction:498,DEV,78ff03d2dda6ad84bf422494fd37e3fd7f2d45433470feaed48d1dba422ad891,NO_CLARIFICATION,TASK_DIVERGENT,True,DEFINED,BALANCED_COUNTERFACTUAL_INTENT_PAIR,2,42201b049a1c42f62dfac2a86480065e8e37baa7c205d1c7c49b03e5faa31248,ACT,,0.5,0.5,0.0,,0.5,0.0,1.0,0.5
PUBLIC_17e825b1804244fb2f56d397,TOWN03_JUNCTION_498_UNIT01|CFG_LONGER_VS_SHARPER|DC-M1V3-OBS-T03-J498-A-20260804T063001Z|P2,Town03:junction:498,DEV,78ff03d2dda6ad84bf422494fd37e3fd7f2d45433470feaed48d1dba422ad891,IMMEDIATE_QUERY,TASK_DIVERGENT,True,DEFINED,BALANCED_COUNTERFACTUAL_INTENT_PAIR,2,42201b049a1c42f62dfac2a86480065e8e37baa7c205d1c7c49b03e5faa31248,ASK,,1.0,0.0,1.0,,0.0,0.0,1.0,1.0
PUBLIC_17e825b1804244fb2f56d397,TOWN03_JUNCTION_498_UNIT01|CFG_LONGER_VS_SHARPER|DC-M1V3-OBS-T03-J498-A-20260804T063001Z|P2,Town03:junction:498,DEV,78ff03d2dda6ad84bf422494fd37e3fd7f2d45433470feaed48d1dba422ad891,DRIVECLARIFY,TASK_DIVERGENT,True,DEFINED,BALANCED_COUNTERFACTUAL_INTENT_PAIR,2,42201b049a1c42f62dfac2a86480065e8e37baa7c205d1c7c49b03e5faa31248,ASK,TASK_DIVERGENT,1.0,0.0,1.0,,0.0,0.0,1.0,1.0
PUBLIC_e6019fda44d81660434434fa,TOWN03_JUNCTION_498_UNIT01|CFG_SAME_EXPRESSION|DC-M1V3-OBS-T03-J498-A-20260804T063001Z|P1,Town03:junction:498,DEV,e520a7bcae84f09d5b6894e067e699312c7bf814219fb05517cdbce2bbb20b9e,NO_CLARIFICATION,TASK_EQUIVALENT,True,DEFINED,EQUIVALENCE_CLASS_RESPONSE_A,1,26cc1d5954ba27cbee7707ca28804bd1ec45343b0da0a3da49fdfc71ef03da80,ACT,,1.0,0.0,0.0,0.0,,0.0,1.0,1.0
PUBLIC_e6019fda44d81660434434fa,TOWN03_JUNCTION_498_UNIT01|CFG_SAME_EXPRESSION|DC-M1V3-OBS-T03-J498-A-20260804T063001Z|P1,Town03:junction:498,DEV,e520a7bcae84f09d5b6894e067e699312c7bf814219fb05517cdbce2bbb20b9e,IMMEDIATE_QUERY,TASK_EQUIVALENT,True,DEFINED,EQUIVALENCE_CLASS_RESPONSE_A,1,26cc1d5954ba27cbee7707ca28804bd1ec45343b0da0a3da49fdfc71ef03da80,ASK,,1.0,0.0,1.0,1.0,,0.0,1.0,1.0
PUBLIC_e6019fda44d81660434434fa,TOWN03_JUNCTION_498_UNIT01|CFG_SAME_EXPRESSION|DC-M1V3-OBS-T03-J498-A-20260804T063001Z|P1,Town03:junction:498,DEV,e520a7bcae84f09d5b6894e067e699312c7bf814219fb05517cdbce2bbb20b9e,DRIVECLARIFY,TASK_EQUIVALENT,True,DEFINED,EQUIVALENCE_CLASS_RESPONSE_A,1,26cc1d5954ba27cbee7707ca28804bd1ec45343b0da0a3da49fdfc71ef03da80,ACT,TASK_EQUIVALENT,1.0,0.0,0.0,0.0,,0.0,1.0,1.0
PUBLIC_f5f717aa4d4ad6f2dd783ce4,TOWN03_JUNCTION_498_UNIT01|CFG_SAME_EXPRESSION|DC-M1V3-OBS-T03-J498-A-20260804T063001Z|P2,Town03:junction:498,DEV,2e1eabc82c25d6268c711ee5ba1a4fd853193f6e52036eaacdf39a4bf4fc7c1c,NO_CLARIFICATION,TASK_EQUIVALENT,True,DEFINED,EQUIVALENCE_CLASS_RESPONSE_A,1,fdb086c03157c7929740e004985840bdd3fa98438553fa4342ad24c7f2739938,ACT,,1.0,0.0,0.0,0.0,,0.0,1.0,1.0
PUBLIC_f5f717aa4d4ad6f2dd783ce4,TOWN03_JUNCTION_498_UNIT01|CFG_SAME_EXPRESSION|DC-M1V3-OBS-T03-J498-A-20260804T063001Z|P2,Town03:junction:498,DEV,2e1eabc82c25d6268c711ee5ba1a4fd853193f6e52036eaacdf39a4bf4fc7c1c,IMMEDIATE_QUERY,TASK_EQUIVALENT,True,DEFINED,EQUIVALENCE_CLASS_RESPONSE_A,1,fdb086c03157c7929740e004985840bdd3fa98438553fa4342ad24c7f2739938,ASK,,1.0,0.0,1.0,1.0,,0.0,1.0,1.0
PUBLIC_f5f717aa4d4ad6f2dd783ce4,TOWN03_JUNCTION_498_UNIT01|CFG_SAME_EXPRESSION|DC-M1V3-OBS-T03-J498-A-20260804T063001Z|P2,Town03:junction:498,DEV,2e1eabc82c25d6268c711ee5ba1a4fd853193f6e52036eaacdf39a4bf4fc7c1c,DRIVECLARIFY,TASK_EQUIVALENT,True,DEFINED,EQUIVALENCE_CLASS_RESPONSE_A,1,fdb086c03157c7929740e004985840bdd3fa98438553fa4342ad24c7f2739938,ACT,TASK_EQUIVALENT,1.0,0.0,0.0,0.0,,0.0,1.0,1.0
PUBLIC_e76e281fbb53861f6a1764d5,TOWN03_JUNCTION_498_UNIT01|CFG_EVIDENCE_INSUFFICIENT|DC-M1V3-OBS-T03-J498-A-20260804T063001Z|P1,Town03:junction:498,DEV,b91fdb09999d3dce5e7f2eb0fdbdb157b9588156b577217b1238fdfff0c4d29e,NO_CLARIFICATION,,False,LABEL_UNDEFINED_UNDER_ALLOWED_INPUTS,OUTPUT_ONLY_RESPONSE_A,1,81b3f87f66a5e8969d2aca2b44c48b7637cd847a2496ba5f9db07ae59759d210,ACT,,,,0.0,,,0.0,1.0,
PUBLIC_e76e281fbb53861f6a1764d5,TOWN03_JUNCTION_498_UNIT01|CFG_EVIDENCE_INSUFFICIENT|DC-M1V3-OBS-T03-J498-A-20260804T063001Z|P1,Town03:junction:498,DEV,b91fdb09999d3dce5e7f2eb0fdbdb157b9588156b577217b1238fdfff0c4d29e,IMMEDIATE_QUERY,,False,LABEL_UNDEFINED_UNDER_ALLOWED_INPUTS,OUTPUT_ONLY_RESPONSE_A,1,81b3f87f66a5e8969d2aca2b44c48b7637cd847a2496ba5f9db07ae59759d210,ASK,,,,1.0,,,0.0,1.0,
PUBLIC_e76e281fbb53861f6a1764d5,TOWN03_JUNCTION_498_UNIT01|CFG_EVIDENCE_INSUFFICIENT|DC-M1V3-OBS-T03-J498-A-20260804T063001Z|P1,Town03:junction:498,DEV,b91fdb09999d3dce5e7f2eb0fdbdb157b9588156b577217b1238fdfff0c4d29e,DRIVECLARIFY,,False,LABEL_UNDEFINED_UNDER_ALLOWED_INPUTS,OUTPUT_ONLY_RESPONSE_A,1,81b3f87f66a5e8969d2aca2b44c48b7637cd847a2496ba5f9db07ae59759d210,ABSTAIN,UNKNOWN,,,0.0,,,1.0,0.0,
PUBLIC_aced4cd335ece1ab849c7d6f,TOWN03_JUNCTION_498_UNIT01|CFG_EVIDENCE_INSUFFICIENT|DC-M1V3-OBS-T03-J498-A-20260804T063001Z|P2,Town03:junction:498,DEV,838380b5cc2d1fdf0a077cb23f0e466e98294d7f72a54512b7a3530bbf8b8eae,NO_CLARIFICATION,,False,LABEL_UNDEFINED_UNDER_ALLOWED_INPUTS,OUTPUT_ONLY_RESPONSE_A,1,7f6dd953835105746284ef40dcf5ac6b0fc718367ed1611bcb875017eb262953,ACT,,,,0.0,,,0.0,1.0,
PUBLIC_aced4cd335ece1ab849c7d6f,TOWN03_JUNCTION_498_UNIT01|CFG_EVIDENCE_INSUFFICIENT|DC-M1V3-OBS-T03-J498-A-20260804T063001Z|P2,Town03:junction:498,DEV,838380b5cc2d1fdf0a077cb23f0e466e98294d7f72a54512b7a3530bbf8b8eae,IMMEDIATE_QUERY,,False,LABEL_UNDEFINED_UNDER_ALLOWED_INPUTS,OUTPUT_ONLY_RESPONSE_A,1,7f6dd953835105746284ef40dcf5ac6b0fc718367ed1611bcb875017eb262953,ASK,,,,1.0,,,0.0,1.0,
PUBLIC_aced4cd335ece1ab849c7d6f,TOWN03_JUNCTION_498_UNIT01|CFG_EVIDENCE_INSUFFICIENT|DC-M1V3-OBS-T03-J498-A-20260804T063001Z|P2,Town03:junction:498,DEV,838380b5cc2d1fdf0a077cb23f0e466e98294d7f72a54512b7a3530bbf8b8eae,DRIVECLARIFY,,False,LABEL_UNDEFINED_UNDER_ALLOWED_INPUTS,OUTPUT_ONLY_RESPONSE_A,1,7f6dd953835105746284ef40dcf5ac6b0fc718367ed1611bcb875017eb262953,ABSTAIN,UNKNOWN,,,0.0,,,1.0,0.0,
PUBLIC_d5979511dd294ed37e204246,TOWN04_JUNCTION_483_UNIT01|CFG_LONGER_VS_STRAIGHTER|DC-M1V3-OBS-T04-J483-A-20260804T063004Z|P1,Town04:junction:483,DEV,baf0580adf75f23961c3eb20b43f92157d2875e83215922c5058d49d0108d35c,NO_CLARIFICATION,TASK_EQUIVALENT,True,DEFINED,EQUIVALENCE_CLASS_RESPONSE_A,1,ec9188deb7b4c1155c9c9546a0a5152879f2438e34144cb9fc9fd7d27cca4a94,ACT,,1.0,0.0,0.0,0.0,,0.0,1.0,1.0
PUBLIC_d5979511dd294ed37e204246,TOWN04_JUNCTION_483_UNIT01|CFG_LONGER_VS_STRAIGHTER|DC-M1V3-OBS-T04-J483-A-20260804T063004Z|P1,Town04:junction:483,DEV,baf0580adf75f23961c3eb20b43f92157d2875e83215922c5058d49d0108d35c,IMMEDIATE_QUERY,TASK_EQUIVALENT,True,DEFINED,EQUIVALENCE_CLASS_RESPONSE_A,1,ec9188deb7b4c1155c9c9546a0a5152879f2438e34144cb9fc9fd7d27cca4a94,ASK,,1.0,0.0,1.0,1.0,,0.0,1.0,1.0
PUBLIC_d5979511dd294ed37e204246,TOWN04_JUNCTION_483_UNIT01|CFG_LONGER_VS_STRAIGHTER|DC-M1V3-OBS-T04-J483-A-20260804T063004Z|P1,Town04:junction:483,DEV,baf0580adf75f23961c3eb20b43f92157d2875e83215922c5058d49d0108d35c,DRIVECLARIFY,TASK_EQUIVALENT,True,DEFINED,EQUIVALENCE_CLASS_RESPONSE_A,1,ec9188deb7b4c1155c9c9546a0a5152879f2438e34144cb9fc9fd7d27cca4a94,ACT,TASK_EQUIVALENT,1.0,0.0,0.0,0.0,,0.0,1.0,1.0
PUBLIC_2023ae2771401b2375518ae4,TOWN04_JUNCTION_483_UNIT01|CFG_LONGER_VS_STRAIGHTER|DC-M1V3-OBS-T04-J483-A-20260804T063004Z|P2,Town04:junction:483,DEV,efffdaf254798d8054db7274076b1791408223e4299d75b5c11b17b93a0cc9d2,NO_CLARIFICATION,TASK_EQUIVALENT,True,DEFINED,EQUIVALENCE_CLASS_RESPONSE_A,1,97d754a74c08362e222738c8fc6878525d75f3a5e22fb1850b0f24b49d7f02ea,ACT,,1.0,0.0,0.0,0.0,,0.0,1.0,1.0
PUBLIC_2023ae2771401b2375518ae4,TOWN04_JUNCTION_483_UNIT01|CFG_LONGER_VS_STRAIGHTER|DC-M1V3-OBS-T04-J483-A-20260804T063004Z|P2,Town04:junction:483,DEV,efffdaf254798d8054db7274076b1791408223e4299d75b5c11b17b93a0cc9d2,IMMEDIATE_QUERY,TASK_EQUIVALENT,True,DEFINED,EQUIVALENCE_CLASS_RESPONSE_A,1,97d754a74c08362e222738c8fc6878525d75f3a5e22fb1850b0f24b49d7f02ea,ASK,,1.0,0.0,1.0,1.0,,0.0,1.0,1.0
PUBLIC_2023ae2771401b2375518ae4,TOWN04_JUNCTION_483_UNIT01|CFG_LONGER_VS_STRAIGHTER|DC-M1V3-OBS-T04-J483-A-20260804T063004Z|P2,Town04:junction:483,DEV,efffdaf254798d8054db7274076b1791408223e4299d75b5c11b17b93a0cc9d2,DRIVECLARIFY,TASK_EQUIVALENT,True,DEFINED,EQUIVALENCE_CLASS_RESPONSE_A,1,97d754a74c08362e222738c8fc6878525d75f3a5e22fb1850b0f24b49d7f02ea,ACT,TASK_EQUIVALENT,1.0,0.0,0.0,0.0,,0.0,1.0,1.0
PUBLIC_6fce51e48ba340e22b7d822e,TOWN04_JUNCTION_483_UNIT01|CFG_LONGER_VS_SHARPER|DC-M1V3-OBS-T04-J483-A-20260804T063004Z|P1,Town04:junction:483,DEV,ec2060715d2c3ba676694b67534597eb8c7bdff64b7a964ad45e172e41312d98,NO_CLARIFICATION,TASK_DIVERGENT,True,DEFINED,BALANCED_COUNTERFACTUAL_INTENT_PAIR,2,dfed414b0ecf18feb84fdb869bf159f6726000ee7c1f13274dc201361065240c,ACT,,0.5,0.5,0.0,,0.5,0.0,1.0,0.5
PUBLIC_6fce51e48ba340e22b7d822e,TOWN04_JUNCTION_483_UNIT01|CFG_LONGER_VS_SHARPER|DC-M1V3-OBS-T04-J483-A-20260804T063004Z|P1,Town04:junction:483,DEV,ec2060715d2c3ba676694b67534597eb8c7bdff64b7a964ad45e172e41312d98,IMMEDIATE_QUERY,TASK_DIVERGENT,True,DEFINED,BALANCED_COUNTERFACTUAL_INTENT_PAIR,2,dfed414b0ecf18feb84fdb869bf159f6726000ee7c1f13274dc201361065240c,ASK,,1.0,0.0,1.0,,0.0,0.0,1.0,1.0
PUBLIC_6fce51e48ba340e22b7d822e,TOWN04_JUNCTION_483_UNIT01|CFG_LONGER_VS_SHARPER|DC-M1V3-OBS-T04-J483-A-20260804T063004Z|P1,Town04:junction:483,DEV,ec2060715d2c3ba676694b67534597eb8c7bdff64b7a964ad45e172e41312d98,DRIVECLARIFY,TASK_DIVERGENT,True,DEFINED,BALANCED_COUNTERFACTUAL_INTENT_PAIR,2,dfed414b0ecf18feb84fdb869bf159f6726000ee7c1f13274dc201361065240c,ASK,TASK_DIVERGENT,1.0,0.0,1.0,,0.0,0.0,1.0,1.0
PUBLIC_7f222ba13391a892bd6e94f7,TOWN04_JUNCTION_483_UNIT01|CFG_LONGER_VS_SHARPER|DC-M1V3-OBS-T04-J483-A-20260804T063004Z|P2,Town04:junction:483,DEV,27a8ba441c73cb4a5df288001e22e88f18e4125a7e545ff6fd67fc74310beb03,NO_CLARIFICATION,TASK_DIVERGENT,True,DEFINED,BALANCED_COUNTERFACTUAL_INTENT_PAIR,2,d3b17c9365484239fb174947019c9a818bbb16176bb16cdaa8beadfed092715e,ACT,,0.5,0.5,0.0,,0.5,0.0,1.0,0.5
PUBLIC_7f222ba13391a892bd6e94f7,TOWN04_JUNCTION_483_UNIT01|CFG_LONGER_VS_SHARPER|DC-M1V3-OBS-T04-J483-A-20260804T063004Z|P2,Town04:junction:483,DEV,27a8ba441c73cb4a5df288001e22e88f18e4125a7e545ff6fd67fc74310beb03,IMMEDIATE_QUERY,TASK_DIVERGENT,True,DEFINED,BALANCED_COUNTERFACTUAL_INTENT_PAIR,2,d3b17c9365484239fb174947019c9a818bbb16176bb16cdaa8beadfed092715e,ASK,,1.0,0.0,1.0,,0.0,0.0,1.0,1.0
PUBLIC_7f222ba13391a892bd6e94f7,TOWN04_JUNCTION_483_UNIT01|CFG_LONGER_VS_SHARPER|DC-M1V3-OBS-T04-J483-A-20260804T063004Z|P2,Town04:junction:483,DEV,27a8ba441c73cb4a5df288001e22e88f18e4125a7e545ff6fd67fc74310beb03,DRIVECLARIFY,TASK_DIVERGENT,True,DEFINED,BALANCED_COUNTERFACTUAL_INTENT_PAIR,2,d3b17c9365484239fb174947019c9a818bbb16176bb16cdaa8beadfed092715e,ASK,TASK_DIVERGENT,1.0,0.0,1.0,,0.0,0.0,1.0,1.0
PUBLIC_215bf58f44f256b7e9f9bba1,TOWN04_JUNCTION_483_UNIT01|CFG_SAME_EXPRESSION|DC-M1V3-OBS-T04-J483-A-20260804T063004Z|P1,Town04:junction:483,DEV,bc755b4fdea4551a88f3b147bfeb8ff66c8a5f9e4e2dd660e2f2d1f562247a8a,NO_CLARIFICATION,TASK_EQUIVALENT,True,DEFINED,EQUIVALENCE_CLASS_RESPONSE_A,1,cbc7c935e359895500f1aff201b73d86e5ce63a33f9c1ad7291cd2d0a40ca6f2,ACT,,1.0,0.0,0.0,0.0,,0.0,1.0,1.0
PUBLIC_215bf58f44f256b7e9f9bba1,TOWN04_JUNCTION_483_UNIT01|CFG_SAME_EXPRESSION|DC-M1V3-OBS-T04-J483-A-20260804T063004Z|P1,Town04:junction:483,DEV,bc755b4fdea4551a88f3b147bfeb8ff66c8a5f9e4e2dd660e2f2d1f562247a8a,IMMEDIATE_QUERY,TASK_EQUIVALENT,True,DEFINED,EQUIVALENCE_CLASS_RESPONSE_A,1,cbc7c935e359895500f1aff201b73d86e5ce63a33f9c1ad7291cd2d0a40ca6f2,ASK,,1.0,0.0,1.0,1.0,,0.0,1.0,1.0
PUBLIC_215bf58f44f256b7e9f9bba1,TOWN04_JUNCTION_483_UNIT01|CFG_SAME_EXPRESSION|DC-M1V3-OBS-T04-J483-A-20260804T063004Z|P1,Town04:junction:483,DEV,bc755b4fdea4551a88f3b147bfeb8ff66c8a5f9e4e2dd660e2f2d1f562247a8a,DRIVECLARIFY,TASK_EQUIVALENT,True,DEFINED,EQUIVALENCE_CLASS_RESPONSE_A,1,cbc7c935e359895500f1aff201b73d86e5ce63a33f9c1ad7291cd2d0a40ca6f2,ACT,TASK_EQUIVALENT,1.0,0.0,0.0,0.0,,0.0,1.0,1.0
PUBLIC_91acd2e6615397ea9b789070,TOWN04_JUNCTION_483_UNIT01|CFG_SAME_EXPRESSION|DC-M1V3-OBS-T04-J483-A-20260804T063004Z|P2,Town04:junction:483,DEV,a7b9ae09497fccca5c6048879c501e835b5f3eb9fbe43122029e3afef2e15fe5,NO_CLARIFICATION,TASK_EQUIVALENT,True,DEFINED,EQUIVALENCE_CLASS_RESPONSE_A,1,a93170f6e10f3a43b96126629727dd9e0960069e181b23017471509cba9d6cec,ACT,,1.0,0.0,0.0,0.0,,0.0,1.0,1.0
PUBLIC_91acd2e6615397ea9b789070,TOWN04_JUNCTION_483_UNIT01|CFG_SAME_EXPRESSION|DC-M1V3-OBS-T04-J483-A-20260804T063004Z|P2,Town04:junction:483,DEV,a7b9ae09497fccca5c6048879c501e835b5f3eb9fbe43122029e3afef2e15fe5,IMMEDIATE_QUERY,TASK_EQUIVALENT,True,DEFINED,EQUIVALENCE_CLASS_RESPONSE_A,1,a93170f6e10f3a43b96126629727dd9e0960069e181b23017471509cba9d6cec,ASK,,1.0,0.0,1.0,1.0,,0.0,1.0,1.0
PUBLIC_91acd2e6615397ea9b789070,TOWN04_JUNCTION_483_UNIT01|CFG_SAME_EXPRESSION|DC-M1V3-OBS-T04-J483-A-20260804T063004Z|P2,Town04:junction:483,DEV,a7b9ae09497fccca5c6048879c501e835b5f3eb9fbe43122029e3afef2e15fe5,DRIVECLARIFY,TASK_EQUIVALENT,True,DEFINED,EQUIVALENCE_CLASS_RESPONSE_A,1,a93170f6e10f3a43b96126629727dd9e0960069e181b23017471509cba9d6cec,ACT,TASK_EQUIVALENT,1.0,0.0,0.0,0.0,,0.0,1.0,1.0
PUBLIC_09c919611fb6c5848d9d440e,TOWN04_JUNCTION_483_UNIT01|CFG_EVIDENCE_INSUFFICIENT|DC-M1V3-OBS-T04-J483-A-20260804T063004Z|P1,Town04:junction:483,DEV,e724b3cd0dfbe276c5004afb9275c4522b1f3c67dc7c88617416e8a1a437ad28,NO_CLARIFICATION,,False,LABEL_UNDEFINED_UNDER_ALLOWED_INPUTS,OUTPUT_ONLY_RESPONSE_A,1,4681a8248cc5cba10b9b6ebc210b9c630e73891c627e7396d5b6c31ba9a4c284,ACT,,,,0.0,,,0.0,1.0,
PUBLIC_09c919611fb6c5848d9d440e,TOWN04_JUNCTION_483_UNIT01|CFG_EVIDENCE_INSUFFICIENT|DC-M1V3-OBS-T04-J483-A-20260804T063004Z|P1,Town04:junction:483,DEV,e724b3cd0dfbe276c5004afb9275c4522b1f3c67dc7c88617416e8a1a437ad28,IMMEDIATE_QUERY,,False,LABEL_UNDEFINED_UNDER_ALLOWED_INPUTS,OUTPUT_ONLY_RESPONSE_A,1,4681a8248cc5cba10b9b6ebc210b9c630e73891c627e7396d5b6c31ba9a4c284,ASK,,,,1.0,,,0.0,1.0,
PUBLIC_09c919611fb6c5848d9d440e,TOWN04_JUNCTION_483_UNIT01|CFG_EVIDENCE_INSUFFICIENT|DC-M1V3-OBS-T04-J483-A-20260804T063004Z|P1,Town04:junction:483,DEV,e724b3cd0dfbe276c5004afb9275c4522b1f3c67dc7c88617416e8a1a437ad28,DRIVECLARIFY,,False,LABEL_UNDEFINED_UNDER_ALLOWED_INPUTS,OUTPUT_ONLY_RESPONSE_A,1,4681a8248cc5cba10b9b6ebc210b9c630e73891c627e7396d5b6c31ba9a4c284,ABSTAIN,UNKNOWN,,,0.0,,,1.0,0.0,
PUBLIC_ef5d458e667c1956a7d0e1be,TOWN04_JUNCTION_483_UNIT01|CFG_EVIDENCE_INSUFFICIENT|DC-M1V3-OBS-T04-J483-A-20260804T063004Z|P2,Town04:junction:483,DEV,3eb43a031d947e72048efe055ce362e97f56131752d7eaff94dc14194e9af7e9,NO_CLARIFICATION,,False,LABEL_UNDEFINED_UNDER_ALLOWED_INPUTS,OUTPUT_ONLY_RESPONSE_A,1,9ce4a1667a4016a6e9b1980f2c6dd0714125d65acad4dffb4719f8ab6935d3cb,ACT,,,,0.0,,,0.0,1.0,
PUBLIC_ef5d458e667c1956a7d0e1be,TOWN04_JUNCTION_483_UNIT01|CFG_EVIDENCE_INSUFFICIENT|DC-M1V3-OBS-T04-J483-A-20260804T063004Z|P2,Town04:junction:483,DEV,3eb43a031d947e72048efe055ce362e97f56131752d7eaff94dc14194e9af7e9,IMMEDIATE_QUERY,,False,LABEL_UNDEFINED_UNDER_ALLOWED_INPUTS,OUTPUT_ONLY_RESPONSE_A,1,9ce4a1667a4016a6e9b1980f2c6dd0714125d65acad4dffb4719f8ab6935d3cb,ASK,,,,1.0,,,0.0,1.0,
PUBLIC_ef5d458e667c1956a7d0e1be,TOWN04_JUNCTION_483_UNIT01|CFG_EVIDENCE_INSUFFICIENT|DC-M1V3-OBS-T04-J483-A-20260804T063004Z|P2,Town04:junction:483,DEV,3eb43a031d947e72048efe055ce362e97f56131752d7eaff94dc14194e9af7e9,DRIVECLARIFY,,False,LABEL_UNDEFINED_UNDER_ALLOWED_INPUTS,OUTPUT_ONLY_RESPONSE_A,1,9ce4a1667a4016a6e9b1980f2c6dd0714125d65acad4dffb4719f8ab6935d3cb,ABSTAIN,UNKNOWN,,,0.0,,,1.0,0.0,
PUBLIC_b8533e5ce8d64abc2b66a22b,TOWN05_JUNCTION_720_UNIT01|CFG_LONGER_VS_STRAIGHTER|DC-M1V3-OBS-T05-J720-A-20260804T063007Z|P1,Town05:junction:720,DEV,6b651be1a91a46895c4ad7e1ce6895d610bdf59786aa00e4ecedefe451fd82c1,NO_CLARIFICATION,TASK_EQUIVALENT,True,DEFINED,EQUIVALENCE_CLASS_RESPONSE_A,1,4f72267a7e0fd817beb364df9c9cd9acaf5f3ae55df0e294d5da3f507e210037,ACT,,1.0,0.0,0.0,0.0,,0.0,1.0,1.0
PUBLIC_b8533e5ce8d64abc2b66a22b,TOWN05_JUNCTION_720_UNIT01|CFG_LONGER_VS_STRAIGHTER|DC-M1V3-OBS-T05-J720-A-20260804T063007Z|P1,Town05:junction:720,DEV,6b651be1a91a46895c4ad7e1ce6895d610bdf59786aa00e4ecedefe451fd82c1,IMMEDIATE_QUERY,TASK_EQUIVALENT,True,DEFINED,EQUIVALENCE_CLASS_RESPONSE_A,1,4f72267a7e0fd817beb364df9c9cd9acaf5f3ae55df0e294d5da3f507e210037,ASK,,1.0,0.0,1.0,1.0,,0.0,1.0,1.0
PUBLIC_b8533e5ce8d64abc2b66a22b,TOWN05_JUNCTION_720_UNIT01|CFG_LONGER_VS_STRAIGHTER|DC-M1V3-OBS-T05-J720-A-20260804T063007Z|P1,Town05:junction:720,DEV,6b651be1a91a46895c4ad7e1ce6895d610bdf59786aa00e4ecedefe451fd82c1,DRIVECLARIFY,TASK_EQUIVALENT,True,DEFINED,EQUIVALENCE_CLASS_RESPONSE_A,1,4f72267a7e0fd817beb364df9c9cd9acaf5f3ae55df0e294d5da3f507e210037,ACT,TASK_EQUIVALENT,1.0,0.0,0.0,0.0,,0.0,1.0,1.0
PUBLIC_c9f489938925241b6f314044,TOWN05_JUNCTION_720_UNIT01|CFG_LONGER_VS_STRAIGHTER|DC-M1V3-OBS-T05-J720-A-20260804T063007Z|P2,Town05:junction:720,DEV,bd2069b901c1c467a45613401814e18b38d27e1079440d1cf796a866de07981c,NO_CLARIFICATION,TASK_EQUIVALENT,True,DEFINED,EQUIVALENCE_CLASS_RESPONSE_A,1,4deec96f2d27fff35cc40a50900ecfa6ad54d20054705f90dfa4477033e32282,ACT,,1.0,0.0,0.0,0.0,,0.0,1.0,1.0
PUBLIC_c9f489938925241b6f314044,TOWN05_JUNCTION_720_UNIT01|CFG_LONGER_VS_STRAIGHTER|DC-M1V3-OBS-T05-J720-A-20260804T063007Z|P2,Town05:junction:720,DEV,bd2069b901c1c467a45613401814e18b38d27e1079440d1cf796a866de07981c,IMMEDIATE_QUERY,TASK_EQUIVALENT,True,DEFINED,EQUIVALENCE_CLASS_RESPONSE_A,1,4deec96f2d27fff35cc40a50900ecfa6ad54d20054705f90dfa4477033e32282,ASK,,1.0,0.0,1.0,1.0,,0.0,1.0,1.0
PUBLIC_c9f489938925241b6f314044,TOWN05_JUNCTION_720_UNIT01|CFG_LONGER_VS_STRAIGHTER|DC-M1V3-OBS-T05-J720-A-20260804T063007Z|P2,Town05:junction:720,DEV,bd2069b901c1c467a45613401814e18b38d27e1079440d1cf796a866de07981c,DRIVECLARIFY,TASK_EQUIVALENT,True,DEFINED,EQUIVALENCE_CLASS_RESPONSE_A,1,4deec96f2d27fff35cc40a50900ecfa6ad54d20054705f90dfa4477033e32282,ACT,TASK_EQUIVALENT,1.0,0.0,0.0,0.0,,0.0,1.0,1.0
PUBLIC_b9174f15b006c44e9e36030a,TOWN05_JUNCTION_720_UNIT01|CFG_LONGER_VS_SHARPER|DC-M1V3-OBS-T05-J720-A-20260804T063007Z|P1,Town05:junction:720,DEV,e4e7d67749dbba784aa134c25a3625b4089f3871228388284ba63a843c995726,NO_CLARIFICATION,TASK_DIVERGENT,True,DEFINED,BALANCED_COUNTERFACTUAL_INTENT_PAIR,2,36d85b0d5de383bf28e19bdc96c538d9109129e61aa0d1acd976656cba3996cc,ACT,,0.5,0.5,0.0,,0.5,0.0,1.0,0.5
PUBLIC_b9174f15b006c44e9e36030a,TOWN05_JUNCTION_720_UNIT01|CFG_LONGER_VS_SHARPER|DC-M1V3-OBS-T05-J720-A-20260804T063007Z|P1,Town05:junction:720,DEV,e4e7d67749dbba784aa134c25a3625b4089f3871228388284ba63a843c995726,IMMEDIATE_QUERY,TASK_DIVERGENT,True,DEFINED,BALANCED_COUNTERFACTUAL_INTENT_PAIR,2,36d85b0d5de383bf28e19bdc96c538d9109129e61aa0d1acd976656cba3996cc,ASK,,1.0,0.0,1.0,,0.0,0.0,1.0,1.0
PUBLIC_b9174f15b006c44e9e36030a,TOWN05_JUNCTION_720_UNIT01|CFG_LONGER_VS_SHARPER|DC-M1V3-OBS-T05-J720-A-20260804T063007Z|P1,Town05:junction:720,DEV,e4e7d67749dbba784aa134c25a3625b4089f3871228388284ba63a843c995726,DRIVECLARIFY,TASK_DIVERGENT,True,DEFINED,BALANCED_COUNTERFACTUAL_INTENT_PAIR,2,36d85b0d5de383bf28e19bdc96c538d9109129e61aa0d1acd976656cba3996cc,ASK,TASK_DIVERGENT,1.0,0.0,1.0,,0.0,0.0,1.0,1.0
PUBLIC_64b047945de476ea3d5c3f0c,TOWN05_JUNCTION_720_UNIT01|CFG_LONGER_VS_SHARPER|DC-M1V3-OBS-T05-J720-A-20260804T063007Z|P2,Town05:junction:720,DEV,3e4141a9e0285d60cd8f2b04c4c7955e8c3f38f57fd38ebfbf078648162e421c,NO_CLARIFICATION,TASK_DIVERGENT,True,DEFINED,BALANCED_COUNTERFACTUAL_INTENT_PAIR,2,c3b89f179cd8fa0e77ecea9a5c51d2a927531f132df54308f6d80fc15dad3dbe,ACT,,0.5,0.5,0.0,,0.5,0.0,1.0,0.5
PUBLIC_64b047945de476ea3d5c3f0c,TOWN05_JUNCTION_720_UNIT01|CFG_LONGER_VS_SHARPER|DC-M1V3-OBS-T05-J720-A-20260804T063007Z|P2,Town05:junction:720,DEV,3e4141a9e0285d60cd8f2b04c4c7955e8c3f38f57fd38ebfbf078648162e421c,IMMEDIATE_QUERY,TASK_DIVERGENT,True,DEFINED,BALANCED_COUNTERFACTUAL_INTENT_PAIR,2,c3b89f179cd8fa0e77ecea9a5c51d2a927531f132df54308f6d80fc15dad3dbe,ASK,,1.0,0.0,1.0,,0.0,0.0,1.0,1.0
PUBLIC_64b047945de476ea3d5c3f0c,TOWN05_JUNCTION_720_UNIT01|CFG_LONGER_VS_SHARPER|DC-M1V3-OBS-T05-J720-A-20260804T063007Z|P2,Town05:junction:720,DEV,3e4141a9e0285d60cd8f2b04c4c7955e8c3f38f57fd38ebfbf078648162e421c,DRIVECLARIFY,TASK_DIVERGENT,True,DEFINED,BALANCED_COUNTERFACTUAL_INTENT_PAIR,2,c3b89f179cd8fa0e77ecea9a5c51d2a927531f132df54308f6d80fc15dad3dbe,ASK,TASK_DIVERGENT,1.0,0.0,1.0,,0.0,0.0,1.0,1.0
PUBLIC_465bd3f3830722e9a686680e,TOWN05_JUNCTION_720_UNIT01|CFG_SAME_EXPRESSION|DC-M1V3-OBS-T05-J720-A-20260804T063007Z|P1,Town05:junction:720,DEV,15db6fb4c318c098ae582b05a763e771849974095bc4ee7f5f25631b0fc59dfd,NO_CLARIFICATION,TASK_EQUIVALENT,True,DEFINED,EQUIVALENCE_CLASS_RESPONSE_A,1,c02024d13a729b3048046032af39604ab9a99fc1eb6871ac39f32c692880b4c5,ACT,,1.0,0.0,0.0,0.0,,0.0,1.0,1.0
PUBLIC_465bd3f3830722e9a686680e,TOWN05_JUNCTION_720_UNIT01|CFG_SAME_EXPRESSION|DC-M1V3-OBS-T05-J720-A-20260804T063007Z|P1,Town05:junction:720,DEV,15db6fb4c318c098ae582b05a763e771849974095bc4ee7f5f25631b0fc59dfd,IMMEDIATE_QUERY,TASK_EQUIVALENT,True,DEFINED,EQUIVALENCE_CLASS_RESPONSE_A,1,c02024d13a729b3048046032af39604ab9a99fc1eb6871ac39f32c692880b4c5,ASK,,1.0,0.0,1.0,1.0,,0.0,1.0,1.0
PUBLIC_465bd3f3830722e9a686680e,TOWN05_JUNCTION_720_UNIT01|CFG_SAME_EXPRESSION|DC-M1V3-OBS-T05-J720-A-20260804T063007Z|P1,Town05:junction:720,DEV,15db6fb4c318c098ae582b05a763e771849974095bc4ee7f5f25631b0fc59dfd,DRIVECLARIFY,TASK_EQUIVALENT,True,DEFINED,EQUIVALENCE_CLASS_RESPONSE_A,1,c02024d13a729b3048046032af39604ab9a99fc1eb6871ac39f32c692880b4c5,ACT,TASK_EQUIVALENT,1.0,0.0,0.0,0.0,,0.0,1.0,1.0
PUBLIC_dd083273385ad79b8a699e3d,TOWN05_JUNCTION_720_UNIT01|CFG_SAME_EXPRESSION|DC-M1V3-OBS-T05-J720-A-20260804T063007Z|P2,Town05:junction:720,DEV,037deaa2337e21fefa1cfeff2d545da8417d397c40fa8e867e502814ecd27597,NO_CLARIFICATION,TASK_EQUIVALENT,True,DEFINED,EQUIVALENCE_CLASS_RESPONSE_A,1,89cf30a3e936977e192be53fc43b85a0ae154c6d0118b058cd71108d58427e51,ACT,,1.0,0.0,0.0,0.0,,0.0,1.0,1.0
PUBLIC_dd083273385ad79b8a699e3d,TOWN05_JUNCTION_720_UNIT01|CFG_SAME_EXPRESSION|DC-M1V3-OBS-T05-J720-A-20260804T063007Z|P2,Town05:junction:720,DEV,037deaa2337e21fefa1cfeff2d545da8417d397c40fa8e867e502814ecd27597,IMMEDIATE_QUERY,TASK_EQUIVALENT,True,DEFINED,EQUIVALENCE_CLASS_RESPONSE_A,1,89cf30a3e936977e192be53fc43b85a0ae154c6d0118b058cd71108d58427e51,ASK,,1.0,0.0,1.0,1.0,,0.0,1.0,1.0
PUBLIC_dd083273385ad79b8a699e3d,TOWN05_JUNCTION_720_UNIT01|CFG_SAME_EXPRESSION|DC-M1V3-OBS-T05-J720-A-20260804T063007Z|P2,Town05:junction:720,DEV,037deaa2337e21fefa1cfeff2d545da8417d397c40fa8e867e502814ecd27597,DRIVECLARIFY,TASK_EQUIVALENT,True,DEFINED,EQUIVALENCE_CLASS_RESPONSE_A,1,89cf30a3e936977e192be53fc43b85a0ae154c6d0118b058cd71108d58427e51,ACT,TASK_EQUIVALENT,1.0,0.0,0.0,0.0,,0.0,1.0,1.0
PUBLIC_3af07e56e7c2fb3386bd247c,TOWN05_JUNCTION_720_UNIT01|CFG_EVIDENCE_INSUFFICIENT|DC-M1V3-OBS-T05-J720-A-20260804T063007Z|P1,Town05:junction:720,DEV,f6e804619ab451bc50f4ff13b49c5626a3570fbc7dfe64188f3c7c99d510d2a5,NO_CLARIFICATION,,False,LABEL_UNDEFINED_UNDER_ALLOWED_INPUTS,OUTPUT_ONLY_RESPONSE_A,1,86d619661f3150a37dfb274345bb20d57a9ec8169762a8237d301cd732ebc90f,ACT,,,,0.0,,,0.0,1.0,
PUBLIC_3af07e56e7c2fb3386bd247c,TOWN05_JUNCTION_720_UNIT01|CFG_EVIDENCE_INSUFFICIENT|DC-M1V3-OBS-T05-J720-A-20260804T063007Z|P1,Town05:junction:720,DEV,f6e804619ab451bc50f4ff13b49c5626a3570fbc7dfe64188f3c7c99d510d2a5,IMMEDIATE_QUERY,,False,LABEL_UNDEFINED_UNDER_ALLOWED_INPUTS,OUTPUT_ONLY_RESPONSE_A,1,86d619661f3150a37dfb274345bb20d57a9ec8169762a8237d301cd732ebc90f,ASK,,,,1.0,,,0.0,1.0,
PUBLIC_3af07e56e7c2fb3386bd247c,TOWN05_JUNCTION_720_UNIT01|CFG_EVIDENCE_INSUFFICIENT|DC-M1V3-OBS-T05-J720-A-20260804T063007Z|P1,Town05:junction:720,DEV,f6e804619ab451bc50f4ff13b49c5626a3570fbc7dfe64188f3c7c99d510d2a5,DRIVECLARIFY,,False,LABEL_UNDEFINED_UNDER_ALLOWED_INPUTS,OUTPUT_ONLY_RESPONSE_A,1,86d619661f3150a37dfb274345bb20d57a9ec8169762a8237d301cd732ebc90f,ABSTAIN,UNKNOWN,,,0.0,,,1.0,0.0,
PUBLIC_814a002ac9f620aa98c8df49,TOWN05_JUNCTION_720_UNIT01|CFG_EVIDENCE_INSUFFICIENT|DC-M1V3-OBS-T05-J720-A-20260804T063007Z|P2,Town05:junction:720,DEV,929df51f21a6e919095edb6ece5b34bca2a1dfa454199df2f6397f3b003f5250,NO_CLARIFICATION,,False,LABEL_UNDEFINED_UNDER_ALLOWED_INPUTS,OUTPUT_ONLY_RESPONSE_A,1,4ebdaa3ce962848628d6dbe24b95da19c5cd47ca95d24a424b9e5f5d6b1ad155,ACT,,,,0.0,,,0.0,1.0,
PUBLIC_814a002ac9f620aa98c8df49,TOWN05_JUNCTION_720_UNIT01|CFG_EVIDENCE_INSUFFICIENT|DC-M1V3-OBS-T05-J720-A-20260804T063007Z|P2,Town05:junction:720,DEV,929df51f21a6e919095edb6ece5b34bca2a1dfa454199df2f6397f3b003f5250,IMMEDIATE_QUERY,,False,LABEL_UNDEFINED_UNDER_ALLOWED_INPUTS,OUTPUT_ONLY_RESPONSE_A,1,4ebdaa3ce962848628d6dbe24b95da19c5cd47ca95d24a424b9e5f5d6b1ad155,ASK,,,,1.0,,,0.0,1.0,
PUBLIC_814a002ac9f620aa98c8df49,TOWN05_JUNCTION_720_UNIT01|CFG_EVIDENCE_INSUFFICIENT|DC-M1V3-OBS-T05-J720-A-20260804T063007Z|P2,Town05:junction:720,DEV,929df51f21a6e919095edb6ece5b34bca2a1dfa454199df2f6397f3b003f5250,DRIVECLARIFY,,False,LABEL_UNDEFINED_UNDER_ALLOWED_INPUTS,OUTPUT_ONLY_RESPONSE_A,1,4ebdaa3ce962848628d6dbe24b95da19c5cd47ca95d24a424b9e5f5d6b1ad155,ABSTAIN,UNKNOWN,,,0.0,,,1.0,0.0,
PUBLIC_376021bb141fea7bb6beb89a,TOWN06_JUNCTION_72_UNIT01|CFG_LONGER_VS_STRAIGHTER|DC-M1V3-OBS-T06-J72-A-20260804T063013Z|P1,Town06:junction:72,DEV,ad2736ff2895c86b00cae7995fad52eff12b6244aaeceb42fe62bf698e3b97ba,NO_CLARIFICATION,TASK_DIVERGENT,True,DEFINED,BALANCED_COUNTERFACTUAL_INTENT_PAIR,2,26328023fcec2fb897cb4ea50065608f63eded0799cc8203b4bd12466fb4383e,ACT,,0.5,0.5,0.0,,0.5,0.0,1.0,0.5
PUBLIC_376021bb141fea7bb6beb89a,TOWN06_JUNCTION_72_UNIT01|CFG_LONGER_VS_STRAIGHTER|DC-M1V3-OBS-T06-J72-A-20260804T063013Z|P1,Town06:junction:72,DEV,ad2736ff2895c86b00cae7995fad52eff12b6244aaeceb42fe62bf698e3b97ba,IMMEDIATE_QUERY,TASK_DIVERGENT,True,DEFINED,BALANCED_COUNTERFACTUAL_INTENT_PAIR,2,26328023fcec2fb897cb4ea50065608f63eded0799cc8203b4bd12466fb4383e,ASK,,1.0,0.0,1.0,,0.0,0.0,1.0,1.0
PUBLIC_376021bb141fea7bb6beb89a,TOWN06_JUNCTION_72_UNIT01|CFG_LONGER_VS_STRAIGHTER|DC-M1V3-OBS-T06-J72-A-20260804T063013Z|P1,Town06:junction:72,DEV,ad2736ff2895c86b00cae7995fad52eff12b6244aaeceb42fe62bf698e3b97ba,DRIVECLARIFY,TASK_DIVERGENT,True,DEFINED,BALANCED_COUNTERFACTUAL_INTENT_PAIR,2,26328023fcec2fb897cb4ea50065608f63eded0799cc8203b4bd12466fb4383e,ASK,TASK_DIVERGENT,1.0,0.0,1.0,,0.0,0.0,1.0,1.0
PUBLIC_9e3875085058aa55f04fa836,TOWN06_JUNCTION_72_UNIT01|CFG_LONGER_VS_STRAIGHTER|DC-M1V3-OBS-T06-J72-A-20260804T063013Z|P2,Town06:junction:72,DEV,70caf4b59c29d0a7292d3e2242f8b721f9e4fbc69763ac52927e955444414e4a,NO_CLARIFICATION,TASK_DIVERGENT,True,DEFINED,BALANCED_COUNTERFACTUAL_INTENT_PAIR,2,28052512575be964db1139161c0cad9cfbf18654277d63e3dff21660eb4d1f05,ACT,,0.5,0.5,0.0,,0.5,0.0,1.0,0.5
PUBLIC_9e3875085058aa55f04fa836,TOWN06_JUNCTION_72_UNIT01|CFG_LONGER_VS_STRAIGHTER|DC-M1V3-OBS-T06-J72-A-20260804T063013Z|P2,Town06:junction:72,DEV,70caf4b59c29d0a7292d3e2242f8b721f9e4fbc69763ac52927e955444414e4a,IMMEDIATE_QUERY,TASK_DIVERGENT,True,DEFINED,BALANCED_COUNTERFACTUAL_INTENT_PAIR,2,28052512575be964db1139161c0cad9cfbf18654277d63e3dff21660eb4d1f05,ASK,,1.0,0.0,1.0,,0.0,0.0,1.0,1.0
PUBLIC_9e3875085058aa55f04fa836,TOWN06_JUNCTION_72_UNIT01|CFG_LONGER_VS_STRAIGHTER|DC-M1V3-OBS-T06-J72-A-20260804T063013Z|P2,Town06:junction:72,DEV,70caf4b59c29d0a7292d3e2242f8b721f9e4fbc69763ac52927e955444414e4a,DRIVECLARIFY,TASK_DIVERGENT,True,DEFINED,BALANCED_COUNTERFACTUAL_INTENT_PAIR,2,28052512575be964db1139161c0cad9cfbf18654277d63e3dff21660eb4d1f05,ASK,TASK_DIVERGENT,1.0,0.0,1.0,,0.0,0.0,1.0,1.0
PUBLIC_18e4e7ae276946ed41e46dab,TOWN06_JUNCTION_72_UNIT01|CFG_LONGER_VS_SHARPER|DC-M1V3-OBS-T06-J72-A-20260804T063013Z|P1,Town06:junction:72,DEV,3ac21f2b309aac4792557e183c75c0d181b4d1f261ade3c866a45bef2c1ad189,NO_CLARIFICATION,TASK_EQUIVALENT,True,DEFINED,EQUIVALENCE_CLASS_RESPONSE_A,1,e4819c6ecef074d58fadcfdf25040b024b7b15ff78e8891c6c9c3226c06696fe,ACT,,1.0,0.0,0.0,0.0,,0.0,1.0,1.0
PUBLIC_18e4e7ae276946ed41e46dab,TOWN06_JUNCTION_72_UNIT01|CFG_LONGER_VS_SHARPER|DC-M1V3-OBS-T06-J72-A-20260804T063013Z|P1,Town06:junction:72,DEV,3ac21f2b309aac4792557e183c75c0d181b4d1f261ade3c866a45bef2c1ad189,IMMEDIATE_QUERY,TASK_EQUIVALENT,True,DEFINED,EQUIVALENCE_CLASS_RESPONSE_A,1,e4819c6ecef074d58fadcfdf25040b024b7b15ff78e8891c6c9c3226c06696fe,ASK,,1.0,0.0,1.0,1.0,,0.0,1.0,1.0
PUBLIC_18e4e7ae276946ed41e46dab,TOWN06_JUNCTION_72_UNIT01|CFG_LONGER_VS_SHARPER|DC-M1V3-OBS-T06-J72-A-20260804T063013Z|P1,Town06:junction:72,DEV,3ac21f2b309aac4792557e183c75c0d181b4d1f261ade3c866a45bef2c1ad189,DRIVECLARIFY,TASK_EQUIVALENT,True,DEFINED,EQUIVALENCE_CLASS_RESPONSE_A,1,e4819c6ecef074d58fadcfdf25040b024b7b15ff78e8891c6c9c3226c06696fe,ACT,TASK_EQUIVALENT,1.0,0.0,0.0,0.0,,0.0,1.0,1.0
PUBLIC_df334413d1f526c1c71eab46,TOWN06_JUNCTION_72_UNIT01|CFG_LONGER_VS_SHARPER|DC-M1V3-OBS-T06-J72-A-20260804T063013Z|P2,Town06:junction:72,DEV,9c0936fab6f6118eb787641d98d00464b95dd05888f61aed5dea637978c659df,NO_CLARIFICATION,TASK_EQUIVALENT,True,DEFINED,EQUIVALENCE_CLASS_RESPONSE_A,1,d4ad1b815d5e12e3ffb0f3972d5678706653e6420ecfa7d9187acd00fd3da184,ACT,,1.0,0.0,0.0,0.0,,0.0,1.0,1.0
PUBLIC_df334413d1f526c1c71eab46,TOWN06_JUNCTION_72_UNIT01|CFG_LONGER_VS_SHARPER|DC-M1V3-OBS-T06-J72-A-20260804T063013Z|P2,Town06:junction:72,DEV,9c0936fab6f6118eb787641d98d00464b95dd05888f61aed5dea637978c659df,IMMEDIATE_QUERY,TASK_EQUIVALENT,True,DEFINED,EQUIVALENCE_CLASS_RESPONSE_A,1,d4ad1b815d5e12e3ffb0f3972d5678706653e6420ecfa7d9187acd00fd3da184,ASK,,1.0,0.0,1.0,1.0,,0.0,1.0,1.0
PUBLIC_df334413d1f526c1c71eab46,TOWN06_JUNCTION_72_UNIT01|CFG_LONGER_VS_SHARPER|DC-M1V3-OBS-T06-J72-A-20260804T063013Z|P2,Town06:junction:72,DEV,9c0936fab6f6118eb787641d98d00464b95dd05888f61aed5dea637978c659df,DRIVECLARIFY,TASK_EQUIVALENT,True,DEFINED,EQUIVALENCE_CLASS_RESPONSE_A,1,d4ad1b815d5e12e3ffb0f3972d5678706653e6420ecfa7d9187acd00fd3da184,ACT,TASK_EQUIVALENT,1.0,0.0,0.0,0.0,,0.0,1.0,1.0
PUBLIC_a19637f6e3e58960ec837db0,TOWN06_JUNCTION_72_UNIT01|CFG_SAME_EXPRESSION|DC-M1V3-OBS-T06-J72-A-20260804T063013Z|P1,Town06:junction:72,DEV,79c1aed7eae2281fea928fa52d9584d67287605737205119fdf9cb849e2f097b,NO_CLARIFICATION,TASK_EQUIVALENT,True,DEFINED,EQUIVALENCE_CLASS_RESPONSE_A,1,b989becb555134213fd6783b079c6c0406e1fa61b697f4a84ac0aa15205480d0,ACT,,1.0,0.0,0.0,0.0,,0.0,1.0,1.0
PUBLIC_a19637f6e3e58960ec837db0,TOWN06_JUNCTION_72_UNIT01|CFG_SAME_EXPRESSION|DC-M1V3-OBS-T06-J72-A-20260804T063013Z|P1,Town06:junction:72,DEV,79c1aed7eae2281fea928fa52d9584d67287605737205119fdf9cb849e2f097b,IMMEDIATE_QUERY,TASK_EQUIVALENT,True,DEFINED,EQUIVALENCE_CLASS_RESPONSE_A,1,b989becb555134213fd6783b079c6c0406e1fa61b697f4a84ac0aa15205480d0,ASK,,1.0,0.0,1.0,1.0,,0.0,1.0,1.0
PUBLIC_a19637f6e3e58960ec837db0,TOWN06_JUNCTION_72_UNIT01|CFG_SAME_EXPRESSION|DC-M1V3-OBS-T06-J72-A-20260804T063013Z|P1,Town06:junction:72,DEV,79c1aed7eae2281fea928fa52d9584d67287605737205119fdf9cb849e2f097b,DRIVECLARIFY,TASK_EQUIVALENT,True,DEFINED,EQUIVALENCE_CLASS_RESPONSE_A,1,b989becb555134213fd6783b079c6c0406e1fa61b697f4a84ac0aa15205480d0,ACT,TASK_EQUIVALENT,1.0,0.0,0.0,0.0,,0.0,1.0,1.0
PUBLIC_f06cdf8bf7d475fd189de39d,TOWN06_JUNCTION_72_UNIT01|CFG_SAME_EXPRESSION|DC-M1V3-OBS-T06-J72-A-20260804T063013Z|P2,Town06:junction:72,DEV,c1e5e33cf46e7b991dd2af58fdd99034a7f0508070e66c59c8b635be10ca0ac7,NO_CLARIFICATION,TASK_EQUIVALENT,True,DEFINED,EQUIVALENCE_CLASS_RESPONSE_A,1,9f56b601fa3c51ab47d181d5ef91b5464792e7391a3f6f9c38a0917792d5eece,ACT,,1.0,0.0,0.0,0.0,,0.0,1.0,1.0
PUBLIC_f06cdf8bf7d475fd189de39d,TOWN06_JUNCTION_72_UNIT01|CFG_SAME_EXPRESSION|DC-M1V3-OBS-T06-J72-A-20260804T063013Z|P2,Town06:junction:72,DEV,c1e5e33cf46e7b991dd2af58fdd99034a7f0508070e66c59c8b635be10ca0ac7,IMMEDIATE_QUERY,TASK_EQUIVALENT,True,DEFINED,EQUIVALENCE_CLASS_RESPONSE_A,1,9f56b601fa3c51ab47d181d5ef91b5464792e7391a3f6f9c38a0917792d5eece,ASK,,1.0,0.0,1.0,1.0,,0.0,1.0,1.0
PUBLIC_f06cdf8bf7d475fd189de39d,TOWN06_JUNCTION_72_UNIT01|CFG_SAME_EXPRESSION|DC-M1V3-OBS-T06-J72-A-20260804T063013Z|P2,Town06:junction:72,DEV,c1e5e33cf46e7b991dd2af58fdd99034a7f0508070e66c59c8b635be10ca0ac7,DRIVECLARIFY,TASK_EQUIVALENT,True,DEFINED,EQUIVALENCE_CLASS_RESPONSE_A,1,9f56b601fa3c51ab47d181d5ef91b5464792e7391a3f6f9c38a0917792d5eece,ACT,TASK_EQUIVALENT,1.0,0.0,0.0,0.0,,0.0,1.0,1.0
PUBLIC_a5277a31327b36f07f6cec56,TOWN06_JUNCTION_72_UNIT01|CFG_EVIDENCE_INSUFFICIENT|DC-M1V3-OBS-T06-J72-A-20260804T063013Z|P1,Town06:junction:72,DEV,6a13c050482899bd31c307a69427ac351dc567d4f5e4b7d5e9959947f2dd73f7,NO_CLARIFICATION,,False,LABEL_UNDEFINED_UNDER_ALLOWED_INPUTS,OUTPUT_ONLY_RESPONSE_A,1,bf70d38a0be36d3b953bff4b1ce5fb5c06ddf61db6cca0abd11c45ab17eb44b5,ACT,,,,0.0,,,0.0,1.0,
PUBLIC_a5277a31327b36f07f6cec56,TOWN06_JUNCTION_72_UNIT01|CFG_EVIDENCE_INSUFFICIENT|DC-M1V3-OBS-T06-J72-A-20260804T063013Z|P1,Town06:junction:72,DEV,6a13c050482899bd31c307a69427ac351dc567d4f5e4b7d5e9959947f2dd73f7,IMMEDIATE_QUERY,,False,LABEL_UNDEFINED_UNDER_ALLOWED_INPUTS,OUTPUT_ONLY_RESPONSE_A,1,bf70d38a0be36d3b953bff4b1ce5fb5c06ddf61db6cca0abd11c45ab17eb44b5,ASK,,,,1.0,,,0.0,1.0,
PUBLIC_a5277a31327b36f07f6cec56,TOWN06_JUNCTION_72_UNIT01|CFG_EVIDENCE_INSUFFICIENT|DC-M1V3-OBS-T06-J72-A-20260804T063013Z|P1,Town06:junction:72,DEV,6a13c050482899bd31c307a69427ac351dc567d4f5e4b7d5e9959947f2dd73f7,DRIVECLARIFY,,False,LABEL_UNDEFINED_UNDER_ALLOWED_INPUTS,OUTPUT_ONLY_RESPONSE_A,1,bf70d38a0be36d3b953bff4b1ce5fb5c06ddf61db6cca0abd11c45ab17eb44b5,ABSTAIN,UNKNOWN,,,0.0,,,1.0,0.0,
PUBLIC_a50cec1e19a7fa93cf4a46a6,TOWN06_JUNCTION_72_UNIT01|CFG_EVIDENCE_INSUFFICIENT|DC-M1V3-OBS-T06-J72-A-20260804T063013Z|P2,Town06:junction:72,DEV,4de4e0fdab753e8370733e15ec3dea8693fd9770b826fb5ba247228159c3fbaf,NO_CLARIFICATION,,False,LABEL_UNDEFINED_UNDER_ALLOWED_INPUTS,OUTPUT_ONLY_RESPONSE_A,1,9235f44f3a9c44f0071a7383b8d22f49dedfa367f561ecda0be09511a3603ed8,ACT,,,,0.0,,,0.0,1.0,
PUBLIC_a50cec1e19a7fa93cf4a46a6,TOWN06_JUNCTION_72_UNIT01|CFG_EVIDENCE_INSUFFICIENT|DC-M1V3-OBS-T06-J72-A-20260804T063013Z|P2,Town06:junction:72,DEV,4de4e0fdab753e8370733e15ec3dea8693fd9770b826fb5ba247228159c3fbaf,IMMEDIATE_QUERY,,False,LABEL_UNDEFINED_UNDER_ALLOWED_INPUTS,OUTPUT_ONLY_RESPONSE_A,1,9235f44f3a9c44f0071a7383b8d22f49dedfa367f561ecda0be09511a3603ed8,ASK,,,,1.0,,,0.0,1.0,
PUBLIC_a50cec1e19a7fa93cf4a46a6,TOWN06_JUNCTION_72_UNIT01|CFG_EVIDENCE_INSUFFICIENT|DC-M1V3-OBS-T06-J72-A-20260804T063013Z|P2,Town06:junction:72,DEV,4de4e0fdab753e8370733e15ec3dea8693fd9770b826fb5ba247228159c3fbaf,DRIVECLARIFY,,False,LABEL_UNDEFINED_UNDER_ALLOWED_INPUTS,OUTPUT_ONLY_RESPONSE_A,1,9235f44f3a9c44f0071a7383b8d22f49dedfa367f561ecda0be09511a3603ed8,ABSTAIN,UNKNOWN,,,0.0,,,1.0,0.0,
PUBLIC_9e8c9ad165ee4c7882009ed7,TOWN07_JUNCTION_260_UNIT01|CFG_LONGER_VS_STRAIGHTER|DC-M1V3-OBS-T07-J260-A-20260804T063017Z|P1,Town07:junction:260,DEV,e8e89f2f97ce85bdac3534948bbe37128068d0269005949ee097294574034b33,NO_CLARIFICATION,TASK_EQUIVALENT,True,DEFINED,EQUIVALENCE_CLASS_RESPONSE_A,1,9b827a0063209ad9d66041dc3af98d53a9ddd74b6e6df90376dd911cc2a9efca,ACT,,1.0,0.0,0.0,0.0,,0.0,1.0,1.0
PUBLIC_9e8c9ad165ee4c7882009ed7,TOWN07_JUNCTION_260_UNIT01|CFG_LONGER_VS_STRAIGHTER|DC-M1V3-OBS-T07-J260-A-20260804T063017Z|P1,Town07:junction:260,DEV,e8e89f2f97ce85bdac3534948bbe37128068d0269005949ee097294574034b33,IMMEDIATE_QUERY,TASK_EQUIVALENT,True,DEFINED,EQUIVALENCE_CLASS_RESPONSE_A,1,9b827a0063209ad9d66041dc3af98d53a9ddd74b6e6df90376dd911cc2a9efca,ASK,,1.0,0.0,1.0,1.0,,0.0,1.0,1.0
PUBLIC_9e8c9ad165ee4c7882009ed7,TOWN07_JUNCTION_260_UNIT01|CFG_LONGER_VS_STRAIGHTER|DC-M1V3-OBS-T07-J260-A-20260804T063017Z|P1,Town07:junction:260,DEV,e8e89f2f97ce85bdac3534948bbe37128068d0269005949ee097294574034b33,DRIVECLARIFY,TASK_EQUIVALENT,True,DEFINED,EQUIVALENCE_CLASS_RESPONSE_A,1,9b827a0063209ad9d66041dc3af98d53a9ddd74b6e6df90376dd911cc2a9efca,ACT,TASK_EQUIVALENT,1.0,0.0,0.0,0.0,,0.0,1.0,1.0
PUBLIC_7cd9fab7f9a978936c932c13,TOWN07_JUNCTION_260_UNIT01|CFG_LONGER_VS_STRAIGHTER|DC-M1V3-OBS-T07-J260-A-20260804T063017Z|P2,Town07:junction:260,DEV,a1b5baf7328015e2980e690c06cdc5a006a5bcc92eb5107ba93d33bcb3e25a7b,NO_CLARIFICATION,TASK_EQUIVALENT,True,DEFINED,EQUIVALENCE_CLASS_RESPONSE_A,1,2980f6da18eaf93c2bb3adf37918739f337bba6e07aa7edde249224a12344c79,ACT,,1.0,0.0,0.0,0.0,,0.0,1.0,1.0
PUBLIC_7cd9fab7f9a978936c932c13,TOWN07_JUNCTION_260_UNIT01|CFG_LONGER_VS_STRAIGHTER|DC-M1V3-OBS-T07-J260-A-20260804T063017Z|P2,Town07:junction:260,DEV,a1b5baf7328015e2980e690c06cdc5a006a5bcc92eb5107ba93d33bcb3e25a7b,IMMEDIATE_QUERY,TASK_EQUIVALENT,True,DEFINED,EQUIVALENCE_CLASS_RESPONSE_A,1,2980f6da18eaf93c2bb3adf37918739f337bba6e07aa7edde249224a12344c79,ASK,,1.0,0.0,1.0,1.0,,0.0,1.0,1.0
PUBLIC_7cd9fab7f9a978936c932c13,TOWN07_JUNCTION_260_UNIT01|CFG_LONGER_VS_STRAIGHTER|DC-M1V3-OBS-T07-J260-A-20260804T063017Z|P2,Town07:junction:260,DEV,a1b5baf7328015e2980e690c06cdc5a006a5bcc92eb5107ba93d33bcb3e25a7b,DRIVECLARIFY,TASK_EQUIVALENT,True,DEFINED,EQUIVALENCE_CLASS_RESPONSE_A,1,2980f6da18eaf93c2bb3adf37918739f337bba6e07aa7edde249224a12344c79,ACT,TASK_EQUIVALENT,1.0,0.0,0.0,0.0,,0.0,1.0,1.0
PUBLIC_05777765fd6a8c58e6c5217e,TOWN07_JUNCTION_260_UNIT01|CFG_LONGER_VS_SHARPER|DC-M1V3-OBS-T07-J260-A-20260804T063017Z|P1,Town07:junction:260,DEV,478d1d40c2258a735fc1a006b9226414d491d305678133f702dc2e0ddcc9b60d,NO_CLARIFICATION,TASK_DIVERGENT,True,DEFINED,BALANCED_COUNTERFACTUAL_INTENT_PAIR,2,86602a7d7b84940c6f9e04593775e56175c8b0d36c54b1a73b4d2ad9aa37db91,ACT,,0.5,0.5,0.0,,0.5,0.0,1.0,0.5
PUBLIC_05777765fd6a8c58e6c5217e,TOWN07_JUNCTION_260_UNIT01|CFG_LONGER_VS_SHARPER|DC-M1V3-OBS-T07-J260-A-20260804T063017Z|P1,Town07:junction:260,DEV,478d1d40c2258a735fc1a006b9226414d491d305678133f702dc2e0ddcc9b60d,IMMEDIATE_QUERY,TASK_DIVERGENT,True,DEFINED,BALANCED_COUNTERFACTUAL_INTENT_PAIR,2,86602a7d7b84940c6f9e04593775e56175c8b0d36c54b1a73b4d2ad9aa37db91,ASK,,1.0,0.0,1.0,,0.0,0.0,1.0,1.0
PUBLIC_05777765fd6a8c58e6c5217e,TOWN07_JUNCTION_260_UNIT01|CFG_LONGER_VS_SHARPER|DC-M1V3-OBS-T07-J260-A-20260804T063017Z|P1,Town07:junction:260,DEV,478d1d40c2258a735fc1a006b9226414d491d305678133f702dc2e0ddcc9b60d,DRIVECLARIFY,TASK_DIVERGENT,True,DEFINED,BALANCED_COUNTERFACTUAL_INTENT_PAIR,2,86602a7d7b84940c6f9e04593775e56175c8b0d36c54b1a73b4d2ad9aa37db91,ASK,TASK_DIVERGENT,1.0,0.0,1.0,,0.0,0.0,1.0,1.0
PUBLIC_9232d0eb4c81ac4e0c3c7a66,TOWN07_JUNCTION_260_UNIT01|CFG_LONGER_VS_SHARPER|DC-M1V3-OBS-T07-J260-A-20260804T063017Z|P2,Town07:junction:260,DEV,6239c8e7d82303ea7aba3dc39d14f38727f475692cfae30ac299424a9a66a459,NO_CLARIFICATION,TASK_DIVERGENT,True,DEFINED,BALANCED_COUNTERFACTUAL_INTENT_PAIR,2,91d193f7c90e431da249d268b38ff7f731302c12e3cd0c43e2fe8cff5dcb0f15,ACT,,0.5,0.5,0.0,,0.5,0.0,1.0,0.5
PUBLIC_9232d0eb4c81ac4e0c3c7a66,TOWN07_JUNCTION_260_UNIT01|CFG_LONGER_VS_SHARPER|DC-M1V3-OBS-T07-J260-A-20260804T063017Z|P2,Town07:junction:260,DEV,6239c8e7d82303ea7aba3dc39d14f38727f475692cfae30ac299424a9a66a459,IMMEDIATE_QUERY,TASK_DIVERGENT,True,DEFINED,BALANCED_COUNTERFACTUAL_INTENT_PAIR,2,91d193f7c90e431da249d268b38ff7f731302c12e3cd0c43e2fe8cff5dcb0f15,ASK,,1.0,0.0,1.0,,0.0,0.0,1.0,1.0
PUBLIC_9232d0eb4c81ac4e0c3c7a66,TOWN07_JUNCTION_260_UNIT01|CFG_LONGER_VS_SHARPER|DC-M1V3-OBS-T07-J260-A-20260804T063017Z|P2,Town07:junction:260,DEV,6239c8e7d82303ea7aba3dc39d14f38727f475692cfae30ac299424a9a66a459,DRIVECLARIFY,TASK_DIVERGENT,True,DEFINED,BALANCED_COUNTERFACTUAL_INTENT_PAIR,2,91d193f7c90e431da249d268b38ff7f731302c12e3cd0c43e2fe8cff5dcb0f15,ASK,TASK_DIVERGENT,1.0,0.0,1.0,,0.0,0.0,1.0,1.0
PUBLIC_8328a1fb7085fd76ee9b94f5,TOWN07_JUNCTION_260_UNIT01|CFG_SAME_EXPRESSION|DC-M1V3-OBS-T07-J260-A-20260804T063017Z|P1,Town07:junction:260,DEV,71feec5a423ead116bd0fc675e8b62153277cd8c53acb4d9186a3814042181cc,NO_CLARIFICATION,TASK_EQUIVALENT,True,DEFINED,EQUIVALENCE_CLASS_RESPONSE_A,1,6a17f029c06260781f791e8188fcbf2d911acc07562a1e10d71821d4872b08dc,ACT,,1.0,0.0,0.0,0.0,,0.0,1.0,1.0
PUBLIC_8328a1fb7085fd76ee9b94f5,TOWN07_JUNCTION_260_UNIT01|CFG_SAME_EXPRESSION|DC-M1V3-OBS-T07-J260-A-20260804T063017Z|P1,Town07:junction:260,DEV,71feec5a423ead116bd0fc675e8b62153277cd8c53acb4d9186a3814042181cc,IMMEDIATE_QUERY,TASK_EQUIVALENT,True,DEFINED,EQUIVALENCE_CLASS_RESPONSE_A,1,6a17f029c06260781f791e8188fcbf2d911acc07562a1e10d71821d4872b08dc,ASK,,1.0,0.0,1.0,1.0,,0.0,1.0,1.0
PUBLIC_8328a1fb7085fd76ee9b94f5,TOWN07_JUNCTION_260_UNIT01|CFG_SAME_EXPRESSION|DC-M1V3-OBS-T07-J260-A-20260804T063017Z|P1,Town07:junction:260,DEV,71feec5a423ead116bd0fc675e8b62153277cd8c53acb4d9186a3814042181cc,DRIVECLARIFY,TASK_EQUIVALENT,True,DEFINED,EQUIVALENCE_CLASS_RESPONSE_A,1,6a17f029c06260781f791e8188fcbf2d911acc07562a1e10d71821d4872b08dc,ACT,TASK_EQUIVALENT,1.0,0.0,0.0,0.0,,0.0,1.0,1.0
PUBLIC_93ef08cb7df36e6727e992e9,TOWN07_JUNCTION_260_UNIT01|CFG_SAME_EXPRESSION|DC-M1V3-OBS-T07-J260-A-20260804T063017Z|P2,Town07:junction:260,DEV,83869c3265c7a3f32bd21134ac1f6eac835b4acd4da73f797d99388206e8870b,NO_CLARIFICATION,TASK_EQUIVALENT,True,DEFINED,EQUIVALENCE_CLASS_RESPONSE_A,1,af3975b3b7b74e784e187965f9c0f3817f17e876bbdc89eee213d23f31df386a,ACT,,1.0,0.0,0.0,0.0,,0.0,1.0,1.0
PUBLIC_93ef08cb7df36e6727e992e9,TOWN07_JUNCTION_260_UNIT01|CFG_SAME_EXPRESSION|DC-M1V3-OBS-T07-J260-A-20260804T063017Z|P2,Town07:junction:260,DEV,83869c3265c7a3f32bd21134ac1f6eac835b4acd4da73f797d99388206e8870b,IMMEDIATE_QUERY,TASK_EQUIVALENT,True,DEFINED,EQUIVALENCE_CLASS_RESPONSE_A,1,af3975b3b7b74e784e187965f9c0f3817f17e876bbdc89eee213d23f31df386a,ASK,,1.0,0.0,1.0,1.0,,0.0,1.0,1.0
PUBLIC_93ef08cb7df36e6727e992e9,TOWN07_JUNCTION_260_UNIT01|CFG_SAME_EXPRESSION|DC-M1V3-OBS-T07-J260-A-20260804T063017Z|P2,Town07:junction:260,DEV,83869c3265c7a3f32bd21134ac1f6eac835b4acd4da73f797d99388206e8870b,DRIVECLARIFY,TASK_EQUIVALENT,True,DEFINED,EQUIVALENCE_CLASS_RESPONSE_A,1,af3975b3b7b74e784e187965f9c0f3817f17e876bbdc89eee213d23f31df386a,ACT,TASK_EQUIVALENT,1.0,0.0,0.0,0.0,,0.0,1.0,1.0
PUBLIC_23823f80bba88eb3c900c184,TOWN07_JUNCTION_260_UNIT01|CFG_EVIDENCE_INSUFFICIENT|DC-M1V3-OBS-T07-J260-A-20260804T063017Z|P1,Town07:junction:260,DEV,d5ecac15e7d80c6fb832cb64be8021bc61b47494ade2812e0afd2443bd18dc24,NO_CLARIFICATION,,False,LABEL_UNDEFINED_UNDER_ALLOWED_INPUTS,OUTPUT_ONLY_RESPONSE_A,1,e64c186c307dd9d609538bc8a468910a58f82741aff9d1b37e7f190a68e6216f,ACT,,,,0.0,,,0.0,1.0,
PUBLIC_23823f80bba88eb3c900c184,TOWN07_JUNCTION_260_UNIT01|CFG_EVIDENCE_INSUFFICIENT|DC-M1V3-OBS-T07-J260-A-20260804T063017Z|P1,Town07:junction:260,DEV,d5ecac15e7d80c6fb832cb64be8021bc61b47494ade2812e0afd2443bd18dc24,IMMEDIATE_QUERY,,False,LABEL_UNDEFINED_UNDER_ALLOWED_INPUTS,OUTPUT_ONLY_RESPONSE_A,1,e64c186c307dd9d609538bc8a468910a58f82741aff9d1b37e7f190a68e6216f,ASK,,,,1.0,,,0.0,1.0,
PUBLIC_23823f80bba88eb3c900c184,TOWN07_JUNCTION_260_UNIT01|CFG_EVIDENCE_INSUFFICIENT|DC-M1V3-OBS-T07-J260-A-20260804T063017Z|P1,Town07:junction:260,DEV,d5ecac15e7d80c6fb832cb64be8021bc61b47494ade2812e0afd2443bd18dc24,DRIVECLARIFY,,False,LABEL_UNDEFINED_UNDER_ALLOWED_INPUTS,OUTPUT_ONLY_RESPONSE_A,1,e64c186c307dd9d609538bc8a468910a58f82741aff9d1b37e7f190a68e6216f,ABSTAIN,UNKNOWN,,,0.0,,,1.0,0.0,
PUBLIC_9c674f00b3d3356153c07068,TOWN07_JUNCTION_260_UNIT01|CFG_EVIDENCE_INSUFFICIENT|DC-M1V3-OBS-T07-J260-A-20260804T063017Z|P2,Town07:junction:260,DEV,dd33e77960310b8b87e9568bc9a1a22e7b90c7aa72c00d09aef4ac7c06861636,NO_CLARIFICATION,,False,LABEL_UNDEFINED_UNDER_ALLOWED_INPUTS,OUTPUT_ONLY_RESPONSE_A,1,6df5d9154fc1c97ebc6c470501ae4e12284062f44d4d40dc932896fe74af0fb9,ACT,,,,0.0,,,0.0,1.0,
PUBLIC_9c674f00b3d3356153c07068,TOWN07_JUNCTION_260_UNIT01|CFG_EVIDENCE_INSUFFICIENT|DC-M1V3-OBS-T07-J260-A-20260804T063017Z|P2,Town07:junction:260,DEV,dd33e77960310b8b87e9568bc9a1a22e7b90c7aa72c00d09aef4ac7c06861636,IMMEDIATE_QUERY,,False,LABEL_UNDEFINED_UNDER_ALLOWED_INPUTS,OUTPUT_ONLY_RESPONSE_A,1,6df5d9154fc1c97ebc6c470501ae4e12284062f44d4d40dc932896fe74af0fb9,ASK,,,,1.0,,,0.0,1.0,
PUBLIC_9c674f00b3d3356153c07068,TOWN07_JUNCTION_260_UNIT01|CFG_EVIDENCE_INSUFFICIENT|DC-M1V3-OBS-T07-J260-A-20260804T063017Z|P2,Town07:junction:260,DEV,dd33e77960310b8b87e9568bc9a1a22e7b90c7aa72c00d09aef4ac7c06861636,DRIVECLARIFY,,False,LABEL_UNDEFINED_UNDER_ALLOWED_INPUTS,OUTPUT_ONLY_RESPONSE_A,1,6df5d9154fc1c97ebc6c470501ae4e12284062f44d4d40dc932896fe74af0fb9,ABSTAIN,UNKNOWN,,,0.0,,,1.0,0.0,
PUBLIC_28ec589efb54319183fa691b,TOWN10HD_JUNCTION_664_UNIT01|CFG_LONGER_VS_STRAIGHTER|DC-M1V3-OBS-T10HD-J664-A-20260804T063024Z|P1,Town10HD:junction:664,DEV,4b59cfd43e7a34b0325ee19291590fc1a27535e48bfc9b3016eac9dfec45dc29,NO_CLARIFICATION,TASK_EQUIVALENT,True,DEFINED,EQUIVALENCE_CLASS_RESPONSE_A,1,14b73021fa45539e337f5949e14879d123f22442dc8e7a8cb99dd4febf093be1,ACT,,1.0,0.0,0.0,0.0,,0.0,1.0,1.0
PUBLIC_28ec589efb54319183fa691b,TOWN10HD_JUNCTION_664_UNIT01|CFG_LONGER_VS_STRAIGHTER|DC-M1V3-OBS-T10HD-J664-A-20260804T063024Z|P1,Town10HD:junction:664,DEV,4b59cfd43e7a34b0325ee19291590fc1a27535e48bfc9b3016eac9dfec45dc29,IMMEDIATE_QUERY,TASK_EQUIVALENT,True,DEFINED,EQUIVALENCE_CLASS_RESPONSE_A,1,14b73021fa45539e337f5949e14879d123f22442dc8e7a8cb99dd4febf093be1,ASK,,1.0,0.0,1.0,1.0,,0.0,1.0,1.0
PUBLIC_28ec589efb54319183fa691b,TOWN10HD_JUNCTION_664_UNIT01|CFG_LONGER_VS_STRAIGHTER|DC-M1V3-OBS-T10HD-J664-A-20260804T063024Z|P1,Town10HD:junction:664,DEV,4b59cfd43e7a34b0325ee19291590fc1a27535e48bfc9b3016eac9dfec45dc29,DRIVECLARIFY,TASK_EQUIVALENT,True,DEFINED,EQUIVALENCE_CLASS_RESPONSE_A,1,14b73021fa45539e337f5949e14879d123f22442dc8e7a8cb99dd4febf093be1,ACT,TASK_EQUIVALENT,1.0,0.0,0.0,0.0,,0.0,1.0,1.0
PUBLIC_ad2f50018a5416a31cb2283b,TOWN10HD_JUNCTION_664_UNIT01|CFG_LONGER_VS_STRAIGHTER|DC-M1V3-OBS-T10HD-J664-A-20260804T063024Z|P2,Town10HD:junction:664,DEV,7b08daf9ec1f12c6f8eb9fa9e7af51652df675a719f2a4a24c797727f0f1dd93,NO_CLARIFICATION,TASK_EQUIVALENT,True,DEFINED,EQUIVALENCE_CLASS_RESPONSE_A,1,9d57a4bb99607f4091dcad5de1287570da1efc9586a1dcd8edab28ad86440c82,ACT,,1.0,0.0,0.0,0.0,,0.0,1.0,1.0
PUBLIC_ad2f50018a5416a31cb2283b,TOWN10HD_JUNCTION_664_UNIT01|CFG_LONGER_VS_STRAIGHTER|DC-M1V3-OBS-T10HD-J664-A-20260804T063024Z|P2,Town10HD:junction:664,DEV,7b08daf9ec1f12c6f8eb9fa9e7af51652df675a719f2a4a24c797727f0f1dd93,IMMEDIATE_QUERY,TASK_EQUIVALENT,True,DEFINED,EQUIVALENCE_CLASS_RESPONSE_A,1,9d57a4bb99607f4091dcad5de1287570da1efc9586a1dcd8edab28ad86440c82,ASK,,1.0,0.0,1.0,1.0,,0.0,1.0,1.0
PUBLIC_ad2f50018a5416a31cb2283b,TOWN10HD_JUNCTION_664_UNIT01|CFG_LONGER_VS_STRAIGHTER|DC-M1V3-OBS-T10HD-J664-A-20260804T063024Z|P2,Town10HD:junction:664,DEV,7b08daf9ec1f12c6f8eb9fa9e7af51652df675a719f2a4a24c797727f0f1dd93,DRIVECLARIFY,TASK_EQUIVALENT,True,DEFINED,EQUIVALENCE_CLASS_RESPONSE_A,1,9d57a4bb99607f4091dcad5de1287570da1efc9586a1dcd8edab28ad86440c82,ACT,TASK_EQUIVALENT,1.0,0.0,0.0,0.0,,0.0,1.0,1.0
PUBLIC_a636ba2e26c96a79f5388029,TOWN10HD_JUNCTION_664_UNIT01|CFG_LONGER_VS_SHARPER|DC-M1V3-OBS-T10HD-J664-A-20260804T063024Z|P1,Town10HD:junction:664,DEV,b8a53746b1270551c0ddcdc6e04e3cc93a202b415480c8aa1ea620ec959b0f60,NO_CLARIFICATION,TASK_DIVERGENT,True,DEFINED,BALANCED_COUNTERFACTUAL_INTENT_PAIR,2,ca95d0acc05307e89da8b940c771d45537068b488985b8cc937e6bdded05a6ba,ACT,,0.5,0.5,0.0,,0.5,0.0,1.0,0.5
PUBLIC_a636ba2e26c96a79f5388029,TOWN10HD_JUNCTION_664_UNIT01|CFG_LONGER_VS_SHARPER|DC-M1V3-OBS-T10HD-J664-A-20260804T063024Z|P1,Town10HD:junction:664,DEV,b8a53746b1270551c0ddcdc6e04e3cc93a202b415480c8aa1ea620ec959b0f60,IMMEDIATE_QUERY,TASK_DIVERGENT,True,DEFINED,BALANCED_COUNTERFACTUAL_INTENT_PAIR,2,ca95d0acc05307e89da8b940c771d45537068b488985b8cc937e6bdded05a6ba,ASK,,1.0,0.0,1.0,,0.0,0.0,1.0,1.0
PUBLIC_a636ba2e26c96a79f5388029,TOWN10HD_JUNCTION_664_UNIT01|CFG_LONGER_VS_SHARPER|DC-M1V3-OBS-T10HD-J664-A-20260804T063024Z|P1,Town10HD:junction:664,DEV,b8a53746b1270551c0ddcdc6e04e3cc93a202b415480c8aa1ea620ec959b0f60,DRIVECLARIFY,TASK_DIVERGENT,True,DEFINED,BALANCED_COUNTERFACTUAL_INTENT_PAIR,2,ca95d0acc05307e89da8b940c771d45537068b488985b8cc937e6bdded05a6ba,ASK,TASK_DIVERGENT,1.0,0.0,1.0,,0.0,0.0,1.0,1.0
PUBLIC_886c4906d41bf0db0c7f977a,TOWN10HD_JUNCTION_664_UNIT01|CFG_LONGER_VS_SHARPER|DC-M1V3-OBS-T10HD-J664-A-20260804T063024Z|P2,Town10HD:junction:664,DEV,5c937d333b20871fa72eab63a48713a1729c5caa61b4ebdc38074438368af114,NO_CLARIFICATION,TASK_DIVERGENT,True,DEFINED,BALANCED_COUNTERFACTUAL_INTENT_PAIR,2,6ceda180d9c340fc48649d2b6151f9aa6a70295418e4e5189810792e105c707d,ACT,,0.5,0.5,0.0,,0.5,0.0,1.0,0.5
PUBLIC_886c4906d41bf0db0c7f977a,TOWN10HD_JUNCTION_664_UNIT01|CFG_LONGER_VS_SHARPER|DC-M1V3-OBS-T10HD-J664-A-20260804T063024Z|P2,Town10HD:junction:664,DEV,5c937d333b20871fa72eab63a48713a1729c5caa61b4ebdc38074438368af114,IMMEDIATE_QUERY,TASK_DIVERGENT,True,DEFINED,BALANCED_COUNTERFACTUAL_INTENT_PAIR,2,6ceda180d9c340fc48649d2b6151f9aa6a70295418e4e5189810792e105c707d,ASK,,1.0,0.0,1.0,,0.0,0.0,1.0,1.0
PUBLIC_886c4906d41bf0db0c7f977a,TOWN10HD_JUNCTION_664_UNIT01|CFG_LONGER_VS_SHARPER|DC-M1V3-OBS-T10HD-J664-A-20260804T063024Z|P2,Town10HD:junction:664,DEV,5c937d333b20871fa72eab63a48713a1729c5caa61b4ebdc38074438368af114,DRIVECLARIFY,TASK_DIVERGENT,True,DEFINED,BALANCED_COUNTERFACTUAL_INTENT_PAIR,2,6ceda180d9c340fc48649d2b6151f9aa6a70295418e4e5189810792e105c707d,ASK,TASK_DIVERGENT,1.0,0.0,1.0,,0.0,0.0,1.0,1.0
PUBLIC_9d043a042d01ba220c8f7976,TOWN10HD_JUNCTION_664_UNIT01|CFG_SAME_EXPRESSION|DC-M1V3-OBS-T10HD-J664-A-20260804T063024Z|P1,Town10HD:junction:664,DEV,a8ab5b0739715be265391ae10ddb9f55f43a5cdb5c4a86d1ff4deff48d7cb8ed,NO_CLARIFICATION,TASK_EQUIVALENT,True,DEFINED,EQUIVALENCE_CLASS_RESPONSE_A,1,892022f258e3fc835567e4c899ed193ceca4ef394a8670dbd21400ca10beae2c,ACT,,1.0,0.0,0.0,0.0,,0.0,1.0,1.0
PUBLIC_9d043a042d01ba220c8f7976,TOWN10HD_JUNCTION_664_UNIT01|CFG_SAME_EXPRESSION|DC-M1V3-OBS-T10HD-J664-A-20260804T063024Z|P1,Town10HD:junction:664,DEV,a8ab5b0739715be265391ae10ddb9f55f43a5cdb5c4a86d1ff4deff48d7cb8ed,IMMEDIATE_QUERY,TASK_EQUIVALENT,True,DEFINED,EQUIVALENCE_CLASS_RESPONSE_A,1,892022f258e3fc835567e4c899ed193ceca4ef394a8670dbd21400ca10beae2c,ASK,,1.0,0.0,1.0,1.0,,0.0,1.0,1.0
PUBLIC_9d043a042d01ba220c8f7976,TOWN10HD_JUNCTION_664_UNIT01|CFG_SAME_EXPRESSION|DC-M1V3-OBS-T10HD-J664-A-20260804T063024Z|P1,Town10HD:junction:664,DEV,a8ab5b0739715be265391ae10ddb9f55f43a5cdb5c4a86d1ff4deff48d7cb8ed,DRIVECLARIFY,TASK_EQUIVALENT,True,DEFINED,EQUIVALENCE_CLASS_RESPONSE_A,1,892022f258e3fc835567e4c899ed193ceca4ef394a8670dbd21400ca10beae2c,ACT,TASK_EQUIVALENT,1.0,0.0,0.0,0.0,,0.0,1.0,1.0
PUBLIC_6b49ae6736c6d3a1b2f648ea,TOWN10HD_JUNCTION_664_UNIT01|CFG_SAME_EXPRESSION|DC-M1V3-OBS-T10HD-J664-A-20260804T063024Z|P2,Town10HD:junction:664,DEV,f7e8bbee7156d4081cc1f996d312262828bee8beb18603542a0fb8b647b52d40,NO_CLARIFICATION,TASK_EQUIVALENT,True,DEFINED,EQUIVALENCE_CLASS_RESPONSE_A,1,4e14d256f1c6920d6b04688b7f21f9443f797ee3c4281d2076d6eaf993f18370,ACT,,1.0,0.0,0.0,0.0,,0.0,1.0,1.0
PUBLIC_6b49ae6736c6d3a1b2f648ea,TOWN10HD_JUNCTION_664_UNIT01|CFG_SAME_EXPRESSION|DC-M1V3-OBS-T10HD-J664-A-20260804T063024Z|P2,Town10HD:junction:664,DEV,f7e8bbee7156d4081cc1f996d312262828bee8beb18603542a0fb8b647b52d40,IMMEDIATE_QUERY,TASK_EQUIVALENT,True,DEFINED,EQUIVALENCE_CLASS_RESPONSE_A,1,4e14d256f1c6920d6b04688b7f21f9443f797ee3c4281d2076d6eaf993f18370,ASK,,1.0,0.0,1.0,1.0,,0.0,1.0,1.0
PUBLIC_6b49ae6736c6d3a1b2f648ea,TOWN10HD_JUNCTION_664_UNIT01|CFG_SAME_EXPRESSION|DC-M1V3-OBS-T10HD-J664-A-20260804T063024Z|P2,Town10HD:junction:664,DEV,f7e8bbee7156d4081cc1f996d312262828bee8beb18603542a0fb8b647b52d40,DRIVECLARIFY,TASK_EQUIVALENT,True,DEFINED,EQUIVALENCE_CLASS_RESPONSE_A,1,4e14d256f1c6920d6b04688b7f21f9443f797ee3c4281d2076d6eaf993f18370,ACT,TASK_EQUIVALENT,1.0,0.0,0.0,0.0,,0.0,1.0,1.0
PUBLIC_5996f5c75536cd4bac2cff97,TOWN10HD_JUNCTION_664_UNIT01|CFG_EVIDENCE_INSUFFICIENT|DC-M1V3-OBS-T10HD-J664-A-20260804T063024Z|P1,Town10HD:junction:664,DEV,b658c3dd982d67d7a3026ca50e29b3dbb515094ae2a1d501bafce22420e54929,NO_CLARIFICATION,,False,LABEL_UNDEFINED_UNDER_ALLOWED_INPUTS,OUTPUT_ONLY_RESPONSE_A,1,86631a725e410d64b74f99bdde5b20ed9e316bfaaab09a18a378a61217e31ce2,ACT,,,,0.0,,,0.0,1.0,
PUBLIC_5996f5c75536cd4bac2cff97,TOWN10HD_JUNCTION_664_UNIT01|CFG_EVIDENCE_INSUFFICIENT|DC-M1V3-OBS-T10HD-J664-A-20260804T063024Z|P1,Town10HD:junction:664,DEV,b658c3dd982d67d7a3026ca50e29b3dbb515094ae2a1d501bafce22420e54929,IMMEDIATE_QUERY,,False,LABEL_UNDEFINED_UNDER_ALLOWED_INPUTS,OUTPUT_ONLY_RESPONSE_A,1,86631a725e410d64b74f99bdde5b20ed9e316bfaaab09a18a378a61217e31ce2,ASK,,,,1.0,,,0.0,1.0,
PUBLIC_5996f5c75536cd4bac2cff97,TOWN10HD_JUNCTION_664_UNIT01|CFG_EVIDENCE_INSUFFICIENT|DC-M1V3-OBS-T10HD-J664-A-20260804T063024Z|P1,Town10HD:junction:664,DEV,b658c3dd982d67d7a3026ca50e29b3dbb515094ae2a1d501bafce22420e54929,DRIVECLARIFY,,False,LABEL_UNDEFINED_UNDER_ALLOWED_INPUTS,OUTPUT_ONLY_RESPONSE_A,1,86631a725e410d64b74f99bdde5b20ed9e316bfaaab09a18a378a61217e31ce2,ABSTAIN,UNKNOWN,,,0.0,,,1.0,0.0,
PUBLIC_a237772513ba2e4a4cb4c2f9,TOWN10HD_JUNCTION_664_UNIT01|CFG_EVIDENCE_INSUFFICIENT|DC-M1V3-OBS-T10HD-J664-A-20260804T063024Z|P2,Town10HD:junction:664,DEV,c9634300ef5645ad629e1839939b3a8ee1c5147bf0bb13f850f451bd9d0f9760,NO_CLARIFICATION,,False,LABEL_UNDEFINED_UNDER_ALLOWED_INPUTS,OUTPUT_ONLY_RESPONSE_A,1,765d1d138a25de4897da760f0f8ae16fa72e9af3b9635cd97e31b2eab786d09f,ACT,,,,0.0,,,0.0,1.0,
PUBLIC_a237772513ba2e4a4cb4c2f9,TOWN10HD_JUNCTION_664_UNIT01|CFG_EVIDENCE_INSUFFICIENT|DC-M1V3-OBS-T10HD-J664-A-20260804T063024Z|P2,Town10HD:junction:664,DEV,c9634300ef5645ad629e1839939b3a8ee1c5147bf0bb13f850f451bd9d0f9760,IMMEDIATE_QUERY,,False,LABEL_UNDEFINED_UNDER_ALLOWED_INPUTS,OUTPUT_ONLY_RESPONSE_A,1,765d1d138a25de4897da760f0f8ae16fa72e9af3b9635cd97e31b2eab786d09f,ASK,,,,1.0,,,0.0,1.0,
PUBLIC_a237772513ba2e4a4cb4c2f9,TOWN10HD_JUNCTION_664_UNIT01|CFG_EVIDENCE_INSUFFICIENT|DC-M1V3-OBS-T10HD-J664-A-20260804T063024Z|P2,Town10HD:junction:664,DEV,c9634300ef5645ad629e1839939b3a8ee1c5147bf0bb13f850f451bd9d0f9760,DRIVECLARIFY,,False,LABEL_UNDEFINED_UNDER_ALLOWED_INPUTS,OUTPUT_ONLY_RESPONSE_A,1,765d1d138a25de4897da760f0f8ae16fa72e9af3b9635cd97e31b2eab786d09f,ABSTAIN,UNKNOWN,,,0.0,,,1.0,0.0,
PUBLIC_ab08e68aaab38e78f46c6afb,TOWN01_JUNCTION_110_UNIT01|CFG_LONGER_VS_STRAIGHTER|DC-M1V3-OBS-T01-J110-A-20260804T063023Z|P1,Town01:junction:110,HIST,2f46ee88d67637866963ca742a5ef162e441c97f6af016bb36726c81126802b7,NO_CLARIFICATION,TASK_EQUIVALENT,True,DEFINED,EQUIVALENCE_CLASS_RESPONSE_A,1,82c7879de201e4502b517e327e57cd01224bf3a462ba0dcc7d0f287eef2ab5bd,ACT,,1.0,0.0,0.0,0.0,,0.0,1.0,1.0
PUBLIC_ab08e68aaab38e78f46c6afb,TOWN01_JUNCTION_110_UNIT01|CFG_LONGER_VS_STRAIGHTER|DC-M1V3-OBS-T01-J110-A-20260804T063023Z|P1,Town01:junction:110,HIST,2f46ee88d67637866963ca742a5ef162e441c97f6af016bb36726c81126802b7,IMMEDIATE_QUERY,TASK_EQUIVALENT,True,DEFINED,EQUIVALENCE_CLASS_RESPONSE_A,1,82c7879de201e4502b517e327e57cd01224bf3a462ba0dcc7d0f287eef2ab5bd,ASK,,1.0,0.0,1.0,1.0,,0.0,1.0,1.0
PUBLIC_ab08e68aaab38e78f46c6afb,TOWN01_JUNCTION_110_UNIT01|CFG_LONGER_VS_STRAIGHTER|DC-M1V3-OBS-T01-J110-A-20260804T063023Z|P1,Town01:junction:110,HIST,2f46ee88d67637866963ca742a5ef162e441c97f6af016bb36726c81126802b7,DRIVECLARIFY,TASK_EQUIVALENT,True,DEFINED,EQUIVALENCE_CLASS_RESPONSE_A,1,82c7879de201e4502b517e327e57cd01224bf3a462ba0dcc7d0f287eef2ab5bd,ACT,TASK_EQUIVALENT,1.0,0.0,0.0,0.0,,0.0,1.0,1.0
PUBLIC_82064338998074cf9e0f99fa,TOWN01_JUNCTION_110_UNIT01|CFG_LONGER_VS_STRAIGHTER|DC-M1V3-OBS-T01-J110-A-20260804T063023Z|P2,Town01:junction:110,HIST,21b462b2f69189bb9b986ebf45ebe022085fa417ea6c9732faee3d6b5b672344,NO_CLARIFICATION,TASK_EQUIVALENT,True,DEFINED,EQUIVALENCE_CLASS_RESPONSE_A,1,88165651233de13a70a037a403c3b17deb73c94fbff751a4105d06c13959938c,ACT,,1.0,0.0,0.0,0.0,,0.0,1.0,1.0
PUBLIC_82064338998074cf9e0f99fa,TOWN01_JUNCTION_110_UNIT01|CFG_LONGER_VS_STRAIGHTER|DC-M1V3-OBS-T01-J110-A-20260804T063023Z|P2,Town01:junction:110,HIST,21b462b2f69189bb9b986ebf45ebe022085fa417ea6c9732faee3d6b5b672344,IMMEDIATE_QUERY,TASK_EQUIVALENT,True,DEFINED,EQUIVALENCE_CLASS_RESPONSE_A,1,88165651233de13a70a037a403c3b17deb73c94fbff751a4105d06c13959938c,ASK,,1.0,0.0,1.0,1.0,,0.0,1.0,1.0
PUBLIC_82064338998074cf9e0f99fa,TOWN01_JUNCTION_110_UNIT01|CFG_LONGER_VS_STRAIGHTER|DC-M1V3-OBS-T01-J110-A-20260804T063023Z|P2,Town01:junction:110,HIST,21b462b2f69189bb9b986ebf45ebe022085fa417ea6c9732faee3d6b5b672344,DRIVECLARIFY,TASK_EQUIVALENT,True,DEFINED,EQUIVALENCE_CLASS_RESPONSE_A,1,88165651233de13a70a037a403c3b17deb73c94fbff751a4105d06c13959938c,ACT,TASK_EQUIVALENT,1.0,0.0,0.0,0.0,,0.0,1.0,1.0
PUBLIC_fce8ef66f7c44b7e8db617a5,TOWN01_JUNCTION_110_UNIT01|CFG_LONGER_VS_SHARPER|DC-M1V3-OBS-T01-J110-A-20260804T063023Z|P1,Town01:junction:110,HIST,fad41eaab9909891f51af0b312243725cb886ffb797cabfccdb4b78657fca96c,NO_CLARIFICATION,TASK_DIVERGENT,True,DEFINED,BALANCED_COUNTERFACTUAL_INTENT_PAIR,2,403c4b235e2dacbc0133fb1d30d42c216a370d1b15853dfc717fe4ae4c77adb2,ACT,,0.5,0.5,0.0,,0.5,0.0,1.0,0.5
PUBLIC_fce8ef66f7c44b7e8db617a5,TOWN01_JUNCTION_110_UNIT01|CFG_LONGER_VS_SHARPER|DC-M1V3-OBS-T01-J110-A-20260804T063023Z|P1,Town01:junction:110,HIST,fad41eaab9909891f51af0b312243725cb886ffb797cabfccdb4b78657fca96c,IMMEDIATE_QUERY,TASK_DIVERGENT,True,DEFINED,BALANCED_COUNTERFACTUAL_INTENT_PAIR,2,403c4b235e2dacbc0133fb1d30d42c216a370d1b15853dfc717fe4ae4c77adb2,ASK,,1.0,0.0,1.0,,0.0,0.0,1.0,1.0
PUBLIC_fce8ef66f7c44b7e8db617a5,TOWN01_JUNCTION_110_UNIT01|CFG_LONGER_VS_SHARPER|DC-M1V3-OBS-T01-J110-A-20260804T063023Z|P1,Town01:junction:110,HIST,fad41eaab9909891f51af0b312243725cb886ffb797cabfccdb4b78657fca96c,DRIVECLARIFY,TASK_DIVERGENT,True,DEFINED,BALANCED_COUNTERFACTUAL_INTENT_PAIR,2,403c4b235e2dacbc0133fb1d30d42c216a370d1b15853dfc717fe4ae4c77adb2,ASK,TASK_DIVERGENT,1.0,0.0,1.0,,0.0,0.0,1.0,1.0
PUBLIC_91523eecf024f7c5326dd133,TOWN01_JUNCTION_110_UNIT01|CFG_LONGER_VS_SHARPER|DC-M1V3-OBS-T01-J110-A-20260804T063023Z|P2,Town01:junction:110,HIST,38c38433fa7c09da1815142fcb42203aa3056fd9fb5e5259382dfc091902e2a4,NO_CLARIFICATION,TASK_DIVERGENT,True,DEFINED,BALANCED_COUNTERFACTUAL_INTENT_PAIR,2,97b3457e15f32526569aa7937c62ce28e093b082763d970fd1b27d2896e0ae3c,ACT,,0.5,0.5,0.0,,0.5,0.0,1.0,0.5
PUBLIC_91523eecf024f7c5326dd133,TOWN01_JUNCTION_110_UNIT01|CFG_LONGER_VS_SHARPER|DC-M1V3-OBS-T01-J110-A-20260804T063023Z|P2,Town01:junction:110,HIST,38c38433fa7c09da1815142fcb42203aa3056fd9fb5e5259382dfc091902e2a4,IMMEDIATE_QUERY,TASK_DIVERGENT,True,DEFINED,BALANCED_COUNTERFACTUAL_INTENT_PAIR,2,97b3457e15f32526569aa7937c62ce28e093b082763d970fd1b27d2896e0ae3c,ASK,,1.0,0.0,1.0,,0.0,0.0,1.0,1.0
PUBLIC_91523eecf024f7c5326dd133,TOWN01_JUNCTION_110_UNIT01|CFG_LONGER_VS_SHARPER|DC-M1V3-OBS-T01-J110-A-20260804T063023Z|P2,Town01:junction:110,HIST,38c38433fa7c09da1815142fcb42203aa3056fd9fb5e5259382dfc091902e2a4,DRIVECLARIFY,TASK_DIVERGENT,True,DEFINED,BALANCED_COUNTERFACTUAL_INTENT_PAIR,2,97b3457e15f32526569aa7937c62ce28e093b082763d970fd1b27d2896e0ae3c,ASK,TASK_DIVERGENT,1.0,0.0,1.0,,0.0,0.0,1.0,1.0
PUBLIC_a82dc8177ed15c609a2adbe6,TOWN01_JUNCTION_110_UNIT01|CFG_SAME_EXPRESSION|DC-M1V3-OBS-T01-J110-A-20260804T063023Z|P1,Town01:junction:110,HIST,e2d5adf85599c8de669dacf2cc557cd921d6d436ec6d00e1d2fb067cee1c7bed,NO_CLARIFICATION,TASK_EQUIVALENT,True,DEFINED,EQUIVALENCE_CLASS_RESPONSE_A,1,2290bdace5dee41301ba1bca5a1072fd9553e4b8ece0477c6f945f1c609c785e,ACT,,1.0,0.0,0.0,0.0,,0.0,1.0,1.0
PUBLIC_a82dc8177ed15c609a2adbe6,TOWN01_JUNCTION_110_UNIT01|CFG_SAME_EXPRESSION|DC-M1V3-OBS-T01-J110-A-20260804T063023Z|P1,Town01:junction:110,HIST,e2d5adf85599c8de669dacf2cc557cd921d6d436ec6d00e1d2fb067cee1c7bed,IMMEDIATE_QUERY,TASK_EQUIVALENT,True,DEFINED,EQUIVALENCE_CLASS_RESPONSE_A,1,2290bdace5dee41301ba1bca5a1072fd9553e4b8ece0477c6f945f1c609c785e,ASK,,1.0,0.0,1.0,1.0,,0.0,1.0,1.0
PUBLIC_a82dc8177ed15c609a2adbe6,TOWN01_JUNCTION_110_UNIT01|CFG_SAME_EXPRESSION|DC-M1V3-OBS-T01-J110-A-20260804T063023Z|P1,Town01:junction:110,HIST,e2d5adf85599c8de669dacf2cc557cd921d6d436ec6d00e1d2fb067cee1c7bed,DRIVECLARIFY,TASK_EQUIVALENT,True,DEFINED,EQUIVALENCE_CLASS_RESPONSE_A,1,2290bdace5dee41301ba1bca5a1072fd9553e4b8ece0477c6f945f1c609c785e,ACT,TASK_EQUIVALENT,1.0,0.0,0.0,0.0,,0.0,1.0,1.0
PUBLIC_cba3da3956596ec352fab400,TOWN01_JUNCTION_110_UNIT01|CFG_SAME_EXPRESSION|DC-M1V3-OBS-T01-J110-A-20260804T063023Z|P2,Town01:junction:110,HIST,e2cb415e63e0deb6eeb0fd773591792be6d6e3d09ac5fc0a95e946a06ddd6e7b,NO_CLARIFICATION,TASK_EQUIVALENT,True,DEFINED,EQUIVALENCE_CLASS_RESPONSE_A,1,2a0de4d9b8a5b934c6251c679c6cec26d61f38e7bd5cc54ef48d0f9e5e6a8e99,ACT,,1.0,0.0,0.0,0.0,,0.0,1.0,1.0
PUBLIC_cba3da3956596ec352fab400,TOWN01_JUNCTION_110_UNIT01|CFG_SAME_EXPRESSION|DC-M1V3-OBS-T01-J110-A-20260804T063023Z|P2,Town01:junction:110,HIST,e2cb415e63e0deb6eeb0fd773591792be6d6e3d09ac5fc0a95e946a06ddd6e7b,IMMEDIATE_QUERY,TASK_EQUIVALENT,True,DEFINED,EQUIVALENCE_CLASS_RESPONSE_A,1,2a0de4d9b8a5b934c6251c679c6cec26d61f38e7bd5cc54ef48d0f9e5e6a8e99,ASK,,1.0,0.0,1.0,1.0,,0.0,1.0,1.0
PUBLIC_cba3da3956596ec352fab400,TOWN01_JUNCTION_110_UNIT01|CFG_SAME_EXPRESSION|DC-M1V3-OBS-T01-J110-A-20260804T063023Z|P2,Town01:junction:110,HIST,e2cb415e63e0deb6eeb0fd773591792be6d6e3d09ac5fc0a95e946a06ddd6e7b,DRIVECLARIFY,TASK_EQUIVALENT,True,DEFINED,EQUIVALENCE_CLASS_RESPONSE_A,1,2a0de4d9b8a5b934c6251c679c6cec26d61f38e7bd5cc54ef48d0f9e5e6a8e99,ACT,TASK_EQUIVALENT,1.0,0.0,0.0,0.0,,0.0,1.0,1.0
PUBLIC_1f641ae4943e355aff22ee1b,TOWN01_JUNCTION_110_UNIT01|CFG_EVIDENCE_INSUFFICIENT|DC-M1V3-OBS-T01-J110-A-20260804T063023Z|P1,Town01:junction:110,HIST,9bda92e4cfa56a05a4c12dc6c7f6d30b408f6beefc5efe5802a4aa656fc857d4,NO_CLARIFICATION,,False,LABEL_UNDEFINED_UNDER_ALLOWED_INPUTS,OUTPUT_ONLY_RESPONSE_A,1,5c245201eb0d57cae496270121a3929f3b24454e334b80ae7d12e0ebdc482ee6,ACT,,,,0.0,,,0.0,1.0,
PUBLIC_1f641ae4943e355aff22ee1b,TOWN01_JUNCTION_110_UNIT01|CFG_EVIDENCE_INSUFFICIENT|DC-M1V3-OBS-T01-J110-A-20260804T063023Z|P1,Town01:junction:110,HIST,9bda92e4cfa56a05a4c12dc6c7f6d30b408f6beefc5efe5802a4aa656fc857d4,IMMEDIATE_QUERY,,False,LABEL_UNDEFINED_UNDER_ALLOWED_INPUTS,OUTPUT_ONLY_RESPONSE_A,1,5c245201eb0d57cae496270121a3929f3b24454e334b80ae7d12e0ebdc482ee6,ASK,,,,1.0,,,0.0,1.0,
PUBLIC_1f641ae4943e355aff22ee1b,TOWN01_JUNCTION_110_UNIT01|CFG_EVIDENCE_INSUFFICIENT|DC-M1V3-OBS-T01-J110-A-20260804T063023Z|P1,Town01:junction:110,HIST,9bda92e4cfa56a05a4c12dc6c7f6d30b408f6beefc5efe5802a4aa656fc857d4,DRIVECLARIFY,,False,LABEL_UNDEFINED_UNDER_ALLOWED_INPUTS,OUTPUT_ONLY_RESPONSE_A,1,5c245201eb0d57cae496270121a3929f3b24454e334b80ae7d12e0ebdc482ee6,ABSTAIN,UNKNOWN,,,0.0,,,1.0,0.0,
PUBLIC_3032bee1515be2a68f0a77b0,TOWN01_JUNCTION_110_UNIT01|CFG_EVIDENCE_INSUFFICIENT|DC-M1V3-OBS-T01-J110-A-20260804T063023Z|P2,Town01:junction:110,HIST,be1d11b4b98c59bb7e1bfe2cc9d05107c63c6dfbb5e12d703209d73eb1022b62,NO_CLARIFICATION,,False,LABEL_UNDEFINED_UNDER_ALLOWED_INPUTS,OUTPUT_ONLY_RESPONSE_A,1,950b2e281716d1d78839490b7d7b8de8db143ae13a49d45c4a88209158695327,ACT,,,,0.0,,,0.0,1.0,
PUBLIC_3032bee1515be2a68f0a77b0,TOWN01_JUNCTION_110_UNIT01|CFG_EVIDENCE_INSUFFICIENT|DC-M1V3-OBS-T01-J110-A-20260804T063023Z|P2,Town01:junction:110,HIST,be1d11b4b98c59bb7e1bfe2cc9d05107c63c6dfbb5e12d703209d73eb1022b62,IMMEDIATE_QUERY,,False,LABEL_UNDEFINED_UNDER_ALLOWED_INPUTS,OUTPUT_ONLY_RESPONSE_A,1,950b2e281716d1d78839490b7d7b8de8db143ae13a49d45c4a88209158695327,ASK,,,,1.0,,,0.0,1.0,
PUBLIC_3032bee1515be2a68f0a77b0,TOWN01_JUNCTION_110_UNIT01|CFG_EVIDENCE_INSUFFICIENT|DC-M1V3-OBS-T01-J110-A-20260804T063023Z|P2,Town01:junction:110,HIST,be1d11b4b98c59bb7e1bfe2cc9d05107c63c6dfbb5e12d703209d73eb1022b62,DRIVECLARIFY,,False,LABEL_UNDEFINED_UNDER_ALLOWED_INPUTS,OUTPUT_ONLY_RESPONSE_A,1,950b2e281716d1d78839490b7d7b8de8db143ae13a49d45c4a88209158695327,ABSTAIN,UNKNOWN,,,0.0,,,1.0,0.0,
PUBLIC_1c3e16270e48b442e5fd54bf,TOWN01_JUNCTION_54_UNIT01|CFG_LONGER_VS_STRAIGHTER|DC-M1V3-OBS-T01-J54-A-20260804T063021Z|P1,Town01:junction:54,HIST,c65fbe6cd13eb6357e25214b098b207d4a52130554599b28ded2369726dca79a,NO_CLARIFICATION,TASK_EQUIVALENT,True,DEFINED,EQUIVALENCE_CLASS_RESPONSE_A,1,9a10f4cb0851d07003c743eaf140ed6e466814f7c91a492885e3c9fb34b21475,ACT,,1.0,0.0,0.0,0.0,,0.0,1.0,1.0
PUBLIC_1c3e16270e48b442e5fd54bf,TOWN01_JUNCTION_54_UNIT01|CFG_LONGER_VS_STRAIGHTER|DC-M1V3-OBS-T01-J54-A-20260804T063021Z|P1,Town01:junction:54,HIST,c65fbe6cd13eb6357e25214b098b207d4a52130554599b28ded2369726dca79a,IMMEDIATE_QUERY,TASK_EQUIVALENT,True,DEFINED,EQUIVALENCE_CLASS_RESPONSE_A,1,9a10f4cb0851d07003c743eaf140ed6e466814f7c91a492885e3c9fb34b21475,ASK,,1.0,0.0,1.0,1.0,,0.0,1.0,1.0
PUBLIC_1c3e16270e48b442e5fd54bf,TOWN01_JUNCTION_54_UNIT01|CFG_LONGER_VS_STRAIGHTER|DC-M1V3-OBS-T01-J54-A-20260804T063021Z|P1,Town01:junction:54,HIST,c65fbe6cd13eb6357e25214b098b207d4a52130554599b28ded2369726dca79a,DRIVECLARIFY,TASK_EQUIVALENT,True,DEFINED,EQUIVALENCE_CLASS_RESPONSE_A,1,9a10f4cb0851d07003c743eaf140ed6e466814f7c91a492885e3c9fb34b21475,ACT,TASK_EQUIVALENT,1.0,0.0,0.0,0.0,,0.0,1.0,1.0
PUBLIC_6446944b8e16daf3c8c85bf2,TOWN01_JUNCTION_54_UNIT01|CFG_LONGER_VS_STRAIGHTER|DC-M1V3-OBS-T01-J54-A-20260804T063021Z|P2,Town01:junction:54,HIST,7696f6802408b7e65d8f81f7e2cee8fff83d972948b5c02d53e4c96af3a3b731,NO_CLARIFICATION,TASK_EQUIVALENT,True,DEFINED,EQUIVALENCE_CLASS_RESPONSE_A,1,1e5e5687819e26c3d7644cbd9a7d0e0d7b260771aee27995f7a3f6bc55b215cc,ACT,,1.0,0.0,0.0,0.0,,0.0,1.0,1.0
PUBLIC_6446944b8e16daf3c8c85bf2,TOWN01_JUNCTION_54_UNIT01|CFG_LONGER_VS_STRAIGHTER|DC-M1V3-OBS-T01-J54-A-20260804T063021Z|P2,Town01:junction:54,HIST,7696f6802408b7e65d8f81f7e2cee8fff83d972948b5c02d53e4c96af3a3b731,IMMEDIATE_QUERY,TASK_EQUIVALENT,True,DEFINED,EQUIVALENCE_CLASS_RESPONSE_A,1,1e5e5687819e26c3d7644cbd9a7d0e0d7b260771aee27995f7a3f6bc55b215cc,ASK,,1.0,0.0,1.0,1.0,,0.0,1.0,1.0
PUBLIC_6446944b8e16daf3c8c85bf2,TOWN01_JUNCTION_54_UNIT01|CFG_LONGER_VS_STRAIGHTER|DC-M1V3-OBS-T01-J54-A-20260804T063021Z|P2,Town01:junction:54,HIST,7696f6802408b7e65d8f81f7e2cee8fff83d972948b5c02d53e4c96af3a3b731,DRIVECLARIFY,TASK_EQUIVALENT,True,DEFINED,EQUIVALENCE_CLASS_RESPONSE_A,1,1e5e5687819e26c3d7644cbd9a7d0e0d7b260771aee27995f7a3f6bc55b215cc,ACT,TASK_EQUIVALENT,1.0,0.0,0.0,0.0,,0.0,1.0,1.0
PUBLIC_a4f21f92d333948e9815b5c4,TOWN01_JUNCTION_54_UNIT01|CFG_LONGER_VS_SHARPER|DC-M1V3-OBS-T01-J54-A-20260804T063021Z|P1,Town01:junction:54,HIST,554b3b81c32eb8df220e600f8852fe331886b8e61830d9fe4d43a35caa6bc74c,NO_CLARIFICATION,TASK_DIVERGENT,True,DEFINED,BALANCED_COUNTERFACTUAL_INTENT_PAIR,2,0ecdc66b7de00a8565b5cc2bf1c90965ed0b81574f482b9d961ee82a67f7efff,ACT,,0.5,0.5,0.0,,0.5,0.0,1.0,0.5
PUBLIC_a4f21f92d333948e9815b5c4,TOWN01_JUNCTION_54_UNIT01|CFG_LONGER_VS_SHARPER|DC-M1V3-OBS-T01-J54-A-20260804T063021Z|P1,Town01:junction:54,HIST,554b3b81c32eb8df220e600f8852fe331886b8e61830d9fe4d43a35caa6bc74c,IMMEDIATE_QUERY,TASK_DIVERGENT,True,DEFINED,BALANCED_COUNTERFACTUAL_INTENT_PAIR,2,0ecdc66b7de00a8565b5cc2bf1c90965ed0b81574f482b9d961ee82a67f7efff,ASK,,1.0,0.0,1.0,,0.0,0.0,1.0,1.0
PUBLIC_a4f21f92d333948e9815b5c4,TOWN01_JUNCTION_54_UNIT01|CFG_LONGER_VS_SHARPER|DC-M1V3-OBS-T01-J54-A-20260804T063021Z|P1,Town01:junction:54,HIST,554b3b81c32eb8df220e600f8852fe331886b8e61830d9fe4d43a35caa6bc74c,DRIVECLARIFY,TASK_DIVERGENT,True,DEFINED,BALANCED_COUNTERFACTUAL_INTENT_PAIR,2,0ecdc66b7de00a8565b5cc2bf1c90965ed0b81574f482b9d961ee82a67f7efff,ASK,TASK_DIVERGENT,1.0,0.0,1.0,,0.0,0.0,1.0,1.0
PUBLIC_0882e57ea1a13a297259199d,TOWN01_JUNCTION_54_UNIT01|CFG_LONGER_VS_SHARPER|DC-M1V3-OBS-T01-J54-A-20260804T063021Z|P2,Town01:junction:54,HIST,0451b180a5738a2bf93ef0b10db540f84a1527be24e04818f6e5d59861cc4660,NO_CLARIFICATION,TASK_DIVERGENT,True,DEFINED,BALANCED_COUNTERFACTUAL_INTENT_PAIR,2,1004dbac88962335e3472a4b46c16425ee05a228c186669eead99d4daf5f25cd,ACT,,0.5,0.5,0.0,,0.5,0.0,1.0,0.5
PUBLIC_0882e57ea1a13a297259199d,TOWN01_JUNCTION_54_UNIT01|CFG_LONGER_VS_SHARPER|DC-M1V3-OBS-T01-J54-A-20260804T063021Z|P2,Town01:junction:54,HIST,0451b180a5738a2bf93ef0b10db540f84a1527be24e04818f6e5d59861cc4660,IMMEDIATE_QUERY,TASK_DIVERGENT,True,DEFINED,BALANCED_COUNTERFACTUAL_INTENT_PAIR,2,1004dbac88962335e3472a4b46c16425ee05a228c186669eead99d4daf5f25cd,ASK,,1.0,0.0,1.0,,0.0,0.0,1.0,1.0
PUBLIC_0882e57ea1a13a297259199d,TOWN01_JUNCTION_54_UNIT01|CFG_LONGER_VS_SHARPER|DC-M1V3-OBS-T01-J54-A-20260804T063021Z|P2,Town01:junction:54,HIST,0451b180a5738a2bf93ef0b10db540f84a1527be24e04818f6e5d59861cc4660,DRIVECLARIFY,TASK_DIVERGENT,True,DEFINED,BALANCED_COUNTERFACTUAL_INTENT_PAIR,2,1004dbac88962335e3472a4b46c16425ee05a228c186669eead99d4daf5f25cd,ASK,TASK_DIVERGENT,1.0,0.0,1.0,,0.0,0.0,1.0,1.0
PUBLIC_052ac4317e503584801352a0,TOWN01_JUNCTION_54_UNIT01|CFG_SAME_EXPRESSION|DC-M1V3-OBS-T01-J54-A-20260804T063021Z|P1,Town01:junction:54,HIST,b4c8c0b9e16c942726712f3cbeb1efe281ce4ecd532000a2d89ce476726b9684,NO_CLARIFICATION,TASK_EQUIVALENT,True,DEFINED,EQUIVALENCE_CLASS_RESPONSE_A,1,2a8e1131660d6c707e320c648a1524e4dd747c2bea70c5155bf84b54353d8955,ACT,,1.0,0.0,0.0,0.0,,0.0,1.0,1.0
PUBLIC_052ac4317e503584801352a0,TOWN01_JUNCTION_54_UNIT01|CFG_SAME_EXPRESSION|DC-M1V3-OBS-T01-J54-A-20260804T063021Z|P1,Town01:junction:54,HIST,b4c8c0b9e16c942726712f3cbeb1efe281ce4ecd532000a2d89ce476726b9684,IMMEDIATE_QUERY,TASK_EQUIVALENT,True,DEFINED,EQUIVALENCE_CLASS_RESPONSE_A,1,2a8e1131660d6c707e320c648a1524e4dd747c2bea70c5155bf84b54353d8955,ASK,,1.0,0.0,1.0,1.0,,0.0,1.0,1.0
PUBLIC_052ac4317e503584801352a0,TOWN01_JUNCTION_54_UNIT01|CFG_SAME_EXPRESSION|DC-M1V3-OBS-T01-J54-A-20260804T063021Z|P1,Town01:junction:54,HIST,b4c8c0b9e16c942726712f3cbeb1efe281ce4ecd532000a2d89ce476726b9684,DRIVECLARIFY,TASK_EQUIVALENT,True,DEFINED,EQUIVALENCE_CLASS_RESPONSE_A,1,2a8e1131660d6c707e320c648a1524e4dd747c2bea70c5155bf84b54353d8955,ACT,TASK_EQUIVALENT,1.0,0.0,0.0,0.0,,0.0,1.0,1.0
PUBLIC_1445a0c0deb4162724d5d313,TOWN01_JUNCTION_54_UNIT01|CFG_SAME_EXPRESSION|DC-M1V3-OBS-T01-J54-A-20260804T063021Z|P2,Town01:junction:54,HIST,00af6be0443eaf8ae6b5209780a352cb6cde816491643ba9aced3f7aca1e9f14,NO_CLARIFICATION,TASK_EQUIVALENT,True,DEFINED,EQUIVALENCE_CLASS_RESPONSE_A,1,fd6495e10ee08809ed3317e935f5568e11046d3357dd9612eccec17501efd3a5,ACT,,1.0,0.0,0.0,0.0,,0.0,1.0,1.0
PUBLIC_1445a0c0deb4162724d5d313,TOWN01_JUNCTION_54_UNIT01|CFG_SAME_EXPRESSION|DC-M1V3-OBS-T01-J54-A-20260804T063021Z|P2,Town01:junction:54,HIST,00af6be0443eaf8ae6b5209780a352cb6cde816491643ba9aced3f7aca1e9f14,IMMEDIATE_QUERY,TASK_EQUIVALENT,True,DEFINED,EQUIVALENCE_CLASS_RESPONSE_A,1,fd6495e10ee08809ed3317e935f5568e11046d3357dd9612eccec17501efd3a5,ASK,,1.0,0.0,1.0,1.0,,0.0,1.0,1.0
PUBLIC_1445a0c0deb4162724d5d313,TOWN01_JUNCTION_54_UNIT01|CFG_SAME_EXPRESSION|DC-M1V3-OBS-T01-J54-A-20260804T063021Z|P2,Town01:junction:54,HIST,00af6be0443eaf8ae6b5209780a352cb6cde816491643ba9aced3f7aca1e9f14,DRIVECLARIFY,TASK_EQUIVALENT,True,DEFINED,EQUIVALENCE_CLASS_RESPONSE_A,1,fd6495e10ee08809ed3317e935f5568e11046d3357dd9612eccec17501efd3a5,ACT,TASK_EQUIVALENT,1.0,0.0,0.0,0.0,,0.0,1.0,1.0
PUBLIC_5063e5d60478d6b5f4770681,TOWN01_JUNCTION_54_UNIT01|CFG_EVIDENCE_INSUFFICIENT|DC-M1V3-OBS-T01-J54-A-20260804T063021Z|P1,Town01:junction:54,HIST,5f3c41ea31bbd90704a3f31857456103607cee039e297b99dda2bd0913d304c8,NO_CLARIFICATION,,False,LABEL_UNDEFINED_UNDER_ALLOWED_INPUTS,OUTPUT_ONLY_RESPONSE_A,1,c7ff5b4201becd41c278235b25dcd0d1f94f65d9fdea0c3adc958567804d4192,ACT,,,,0.0,,,0.0,1.0,
PUBLIC_5063e5d60478d6b5f4770681,TOWN01_JUNCTION_54_UNIT01|CFG_EVIDENCE_INSUFFICIENT|DC-M1V3-OBS-T01-J54-A-20260804T063021Z|P1,Town01:junction:54,HIST,5f3c41ea31bbd90704a3f31857456103607cee039e297b99dda2bd0913d304c8,IMMEDIATE_QUERY,,False,LABEL_UNDEFINED_UNDER_ALLOWED_INPUTS,OUTPUT_ONLY_RESPONSE_A,1,c7ff5b4201becd41c278235b25dcd0d1f94f65d9fdea0c3adc958567804d4192,ASK,,,,1.0,,,0.0,1.0,
PUBLIC_5063e5d60478d6b5f4770681,TOWN01_JUNCTION_54_UNIT01|CFG_EVIDENCE_INSUFFICIENT|DC-M1V3-OBS-T01-J54-A-20260804T063021Z|P1,Town01:junction:54,HIST,5f3c41ea31bbd90704a3f31857456103607cee039e297b99dda2bd0913d304c8,DRIVECLARIFY,,False,LABEL_UNDEFINED_UNDER_ALLOWED_INPUTS,OUTPUT_ONLY_RESPONSE_A,1,c7ff5b4201becd41c278235b25dcd0d1f94f65d9fdea0c3adc958567804d4192,ABSTAIN,UNKNOWN,,,0.0,,,1.0,0.0,
PUBLIC_8cdff06caf385e7f429ddbb2,TOWN01_JUNCTION_54_UNIT01|CFG_EVIDENCE_INSUFFICIENT|DC-M1V3-OBS-T01-J54-A-20260804T063021Z|P2,Town01:junction:54,HIST,afad2ac0a90ee68aa43c6924ff396254050cb6126e88f00318a2af88cff8e89a,NO_CLARIFICATION,,False,LABEL_UNDEFINED_UNDER_ALLOWED_INPUTS,OUTPUT_ONLY_RESPONSE_A,1,0e968377c852d664b236d0e474ecce28d79a053b4fa18524ab913e805f2755d2,ACT,,,,0.0,,,0.0,1.0,
PUBLIC_8cdff06caf385e7f429ddbb2,TOWN01_JUNCTION_54_UNIT01|CFG_EVIDENCE_INSUFFICIENT|DC-M1V3-OBS-T01-J54-A-20260804T063021Z|P2,Town01:junction:54,HIST,afad2ac0a90ee68aa43c6924ff396254050cb6126e88f00318a2af88cff8e89a,IMMEDIATE_QUERY,,False,LABEL_UNDEFINED_UNDER_ALLOWED_INPUTS,OUTPUT_ONLY_RESPONSE_A,1,0e968377c852d664b236d0e474ecce28d79a053b4fa18524ab913e805f2755d2,ASK,,,,1.0,,,0.0,1.0,
PUBLIC_8cdff06caf385e7f429ddbb2,TOWN01_JUNCTION_54_UNIT01|CFG_EVIDENCE_INSUFFICIENT|DC-M1V3-OBS-T01-J54-A-20260804T063021Z|P2,Town01:junction:54,HIST,afad2ac0a90ee68aa43c6924ff396254050cb6126e88f00318a2af88cff8e89a,DRIVECLARIFY,,False,LABEL_UNDEFINED_UNDER_ALLOWED_INPUTS,OUTPUT_ONLY_RESPONSE_A,1,0e968377c852d664b236d0e474ecce28d79a053b4fa18524ab913e805f2755d2,ABSTAIN,UNKNOWN,,,0.0,,,1.0,0.0,
PUBLIC_ac6a81ad81399283cfdf3c8c,TOWN01_JUNCTION_87_UNIT01|CFG_LONGER_VS_STRAIGHTER|DC-M1V3-OBS-T01-J87-A-20260804T063022Z|P1,Town01:junction:87,HIST,77b18929439dad5a62ac1af89befb4213d1274ba282bce47e569272088b8ae52,NO_CLARIFICATION,TASK_DIVERGENT,True,DEFINED,BALANCED_COUNTERFACTUAL_INTENT_PAIR,2,ae26c09ec768e16ba4423acff3f2f5e5a4e8fb877c84aaaef52cb38a04c09cb1,ACT,,0.5,0.5,0.0,,0.5,0.0,1.0,0.5
PUBLIC_ac6a81ad81399283cfdf3c8c,TOWN01_JUNCTION_87_UNIT01|CFG_LONGER_VS_STRAIGHTER|DC-M1V3-OBS-T01-J87-A-20260804T063022Z|P1,Town01:junction:87,HIST,77b18929439dad5a62ac1af89befb4213d1274ba282bce47e569272088b8ae52,IMMEDIATE_QUERY,TASK_DIVERGENT,True,DEFINED,BALANCED_COUNTERFACTUAL_INTENT_PAIR,2,ae26c09ec768e16ba4423acff3f2f5e5a4e8fb877c84aaaef52cb38a04c09cb1,ASK,,1.0,0.0,1.0,,0.0,0.0,1.0,1.0
PUBLIC_ac6a81ad81399283cfdf3c8c,TOWN01_JUNCTION_87_UNIT01|CFG_LONGER_VS_STRAIGHTER|DC-M1V3-OBS-T01-J87-A-20260804T063022Z|P1,Town01:junction:87,HIST,77b18929439dad5a62ac1af89befb4213d1274ba282bce47e569272088b8ae52,DRIVECLARIFY,TASK_DIVERGENT,True,DEFINED,BALANCED_COUNTERFACTUAL_INTENT_PAIR,2,ae26c09ec768e16ba4423acff3f2f5e5a4e8fb877c84aaaef52cb38a04c09cb1,ASK,TASK_DIVERGENT,1.0,0.0,1.0,,0.0,0.0,1.0,1.0
PUBLIC_760f63e324f06f3efdaf2092,TOWN01_JUNCTION_87_UNIT01|CFG_LONGER_VS_STRAIGHTER|DC-M1V3-OBS-T01-J87-A-20260804T063022Z|P2,Town01:junction:87,HIST,84133a22f64fea4182e94835c16578ade92d175307e5353a6c7aae8a95d49098,NO_CLARIFICATION,TASK_DIVERGENT,True,DEFINED,BALANCED_COUNTERFACTUAL_INTENT_PAIR,2,41a681de310a671c9e2df92158b2b2df9333e8f8c95f2e729e0b572ef0c7028c,ACT,,0.5,0.5,0.0,,0.5,0.0,1.0,0.5
PUBLIC_760f63e324f06f3efdaf2092,TOWN01_JUNCTION_87_UNIT01|CFG_LONGER_VS_STRAIGHTER|DC-M1V3-OBS-T01-J87-A-20260804T063022Z|P2,Town01:junction:87,HIST,84133a22f64fea4182e94835c16578ade92d175307e5353a6c7aae8a95d49098,IMMEDIATE_QUERY,TASK_DIVERGENT,True,DEFINED,BALANCED_COUNTERFACTUAL_INTENT_PAIR,2,41a681de310a671c9e2df92158b2b2df9333e8f8c95f2e729e0b572ef0c7028c,ASK,,1.0,0.0,1.0,,0.0,0.0,1.0,1.0
PUBLIC_760f63e324f06f3efdaf2092,TOWN01_JUNCTION_87_UNIT01|CFG_LONGER_VS_STRAIGHTER|DC-M1V3-OBS-T01-J87-A-20260804T063022Z|P2,Town01:junction:87,HIST,84133a22f64fea4182e94835c16578ade92d175307e5353a6c7aae8a95d49098,DRIVECLARIFY,TASK_DIVERGENT,True,DEFINED,BALANCED_COUNTERFACTUAL_INTENT_PAIR,2,41a681de310a671c9e2df92158b2b2df9333e8f8c95f2e729e0b572ef0c7028c,ASK,TASK_DIVERGENT,1.0,0.0,1.0,,0.0,0.0,1.0,1.0
PUBLIC_98dcc3ed75d549297c21cce4,TOWN01_JUNCTION_87_UNIT01|CFG_LONGER_VS_SHARPER|DC-M1V3-OBS-T01-J87-A-20260804T063022Z|P1,Town01:junction:87,HIST,b1199b0679ece9b30dfde78d227cfcef35f381d3b61015368a9323eb95bb0ed3,NO_CLARIFICATION,TASK_EQUIVALENT,True,DEFINED,EQUIVALENCE_CLASS_RESPONSE_A,1,9f2a234d50a638e9231b9d280af7b2b5e3d31fb678baf03c85ac176716d499f4,ACT,,1.0,0.0,0.0,0.0,,0.0,1.0,1.0
PUBLIC_98dcc3ed75d549297c21cce4,TOWN01_JUNCTION_87_UNIT01|CFG_LONGER_VS_SHARPER|DC-M1V3-OBS-T01-J87-A-20260804T063022Z|P1,Town01:junction:87,HIST,b1199b0679ece9b30dfde78d227cfcef35f381d3b61015368a9323eb95bb0ed3,IMMEDIATE_QUERY,TASK_EQUIVALENT,True,DEFINED,EQUIVALENCE_CLASS_RESPONSE_A,1,9f2a234d50a638e9231b9d280af7b2b5e3d31fb678baf03c85ac176716d499f4,ASK,,1.0,0.0,1.0,1.0,,0.0,1.0,1.0
PUBLIC_98dcc3ed75d549297c21cce4,TOWN01_JUNCTION_87_UNIT01|CFG_LONGER_VS_SHARPER|DC-M1V3-OBS-T01-J87-A-20260804T063022Z|P1,Town01:junction:87,HIST,b1199b0679ece9b30dfde78d227cfcef35f381d3b61015368a9323eb95bb0ed3,DRIVECLARIFY,TASK_EQUIVALENT,True,DEFINED,EQUIVALENCE_CLASS_RESPONSE_A,1,9f2a234d50a638e9231b9d280af7b2b5e3d31fb678baf03c85ac176716d499f4,ACT,TASK_EQUIVALENT,1.0,0.0,0.0,0.0,,0.0,1.0,1.0
PUBLIC_22a47322dabcece9d343134f,TOWN01_JUNCTION_87_UNIT01|CFG_LONGER_VS_SHARPER|DC-M1V3-OBS-T01-J87-A-20260804T063022Z|P2,Town01:junction:87,HIST,7a795a139e9463b48e4f470badf2cf319b6a761c072f6c0cc20c64c3461ae79d,NO_CLARIFICATION,TASK_EQUIVALENT,True,DEFINED,EQUIVALENCE_CLASS_RESPONSE_A,1,035837631c29e0f181c3ea4c0a42172bb9c7e29ad507ca2b91047068f8585917,ACT,,1.0,0.0,0.0,0.0,,0.0,1.0,1.0
PUBLIC_22a47322dabcece9d343134f,TOWN01_JUNCTION_87_UNIT01|CFG_LONGER_VS_SHARPER|DC-M1V3-OBS-T01-J87-A-20260804T063022Z|P2,Town01:junction:87,HIST,7a795a139e9463b48e4f470badf2cf319b6a761c072f6c0cc20c64c3461ae79d,IMMEDIATE_QUERY,TASK_EQUIVALENT,True,DEFINED,EQUIVALENCE_CLASS_RESPONSE_A,1,035837631c29e0f181c3ea4c0a42172bb9c7e29ad507ca2b91047068f8585917,ASK,,1.0,0.0,1.0,1.0,,0.0,1.0,1.0
PUBLIC_22a47322dabcece9d343134f,TOWN01_JUNCTION_87_UNIT01|CFG_LONGER_VS_SHARPER|DC-M1V3-OBS-T01-J87-A-20260804T063022Z|P2,Town01:junction:87,HIST,7a795a139e9463b48e4f470badf2cf319b6a761c072f6c0cc20c64c3461ae79d,DRIVECLARIFY,TASK_EQUIVALENT,True,DEFINED,EQUIVALENCE_CLASS_RESPONSE_A,1,035837631c29e0f181c3ea4c0a42172bb9c7e29ad507ca2b91047068f8585917,ACT,TASK_EQUIVALENT,1.0,0.0,0.0,0.0,,0.0,1.0,1.0
PUBLIC_d9857e4ef79a965286feb0c1,TOWN01_JUNCTION_87_UNIT01|CFG_SAME_EXPRESSION|DC-M1V3-OBS-T01-J87-A-20260804T063022Z|P1,Town01:junction:87,HIST,d6ba463562b8e2a45b0c5c13962a5fbbc27da05cdbd55f1f73054caeb7dc279d,NO_CLARIFICATION,TASK_EQUIVALENT,True,DEFINED,EQUIVALENCE_CLASS_RESPONSE_A,1,89233453e2ac2a2b4ef683b5e18c8d7a6465ed251825dd05e0244cb758cf3397,ACT,,1.0,0.0,0.0,0.0,,0.0,1.0,1.0
PUBLIC_d9857e4ef79a965286feb0c1,TOWN01_JUNCTION_87_UNIT01|CFG_SAME_EXPRESSION|DC-M1V3-OBS-T01-J87-A-20260804T063022Z|P1,Town01:junction:87,HIST,d6ba463562b8e2a45b0c5c13962a5fbbc27da05cdbd55f1f73054caeb7dc279d,IMMEDIATE_QUERY,TASK_EQUIVALENT,True,DEFINED,EQUIVALENCE_CLASS_RESPONSE_A,1,89233453e2ac2a2b4ef683b5e18c8d7a6465ed251825dd05e0244cb758cf3397,ASK,,1.0,0.0,1.0,1.0,,0.0,1.0,1.0
PUBLIC_d9857e4ef79a965286feb0c1,TOWN01_JUNCTION_87_UNIT01|CFG_SAME_EXPRESSION|DC-M1V3-OBS-T01-J87-A-20260804T063022Z|P1,Town01:junction:87,HIST,d6ba463562b8e2a45b0c5c13962a5fbbc27da05cdbd55f1f73054caeb7dc279d,DRIVECLARIFY,TASK_EQUIVALENT,True,DEFINED,EQUIVALENCE_CLASS_RESPONSE_A,1,89233453e2ac2a2b4ef683b5e18c8d7a6465ed251825dd05e0244cb758cf3397,ACT,TASK_EQUIVALENT,1.0,0.0,0.0,0.0,,0.0,1.0,1.0
PUBLIC_75bc3b3d9c316cdb8f826e13,TOWN01_JUNCTION_87_UNIT01|CFG_SAME_EXPRESSION|DC-M1V3-OBS-T01-J87-A-20260804T063022Z|P2,Town01:junction:87,HIST,9311b4cac956469edde7cd7040c77b6571fedddc690bfebcd7c5fc31ab269c4c,NO_CLARIFICATION,TASK_EQUIVALENT,True,DEFINED,EQUIVALENCE_CLASS_RESPONSE_A,1,acdd8e633dfc2b2da99c9cd158e7dc918ee9df9ff9d02e539a3cce2b37950352,ACT,,1.0,0.0,0.0,0.0,,0.0,1.0,1.0
PUBLIC_75bc3b3d9c316cdb8f826e13,TOWN01_JUNCTION_87_UNIT01|CFG_SAME_EXPRESSION|DC-M1V3-OBS-T01-J87-A-20260804T063022Z|P2,Town01:junction:87,HIST,9311b4cac956469edde7cd7040c77b6571fedddc690bfebcd7c5fc31ab269c4c,IMMEDIATE_QUERY,TASK_EQUIVALENT,True,DEFINED,EQUIVALENCE_CLASS_RESPONSE_A,1,acdd8e633dfc2b2da99c9cd158e7dc918ee9df9ff9d02e539a3cce2b37950352,ASK,,1.0,0.0,1.0,1.0,,0.0,1.0,1.0
PUBLIC_75bc3b3d9c316cdb8f826e13,TOWN01_JUNCTION_87_UNIT01|CFG_SAME_EXPRESSION|DC-M1V3-OBS-T01-J87-A-20260804T063022Z|P2,Town01:junction:87,HIST,9311b4cac956469edde7cd7040c77b6571fedddc690bfebcd7c5fc31ab269c4c,DRIVECLARIFY,TASK_EQUIVALENT,True,DEFINED,EQUIVALENCE_CLASS_RESPONSE_A,1,acdd8e633dfc2b2da99c9cd158e7dc918ee9df9ff9d02e539a3cce2b37950352,ACT,TASK_EQUIVALENT,1.0,0.0,0.0,0.0,,0.0,1.0,1.0
PUBLIC_15d0d599302d8c7fa066b2c0,TOWN01_JUNCTION_87_UNIT01|CFG_EVIDENCE_INSUFFICIENT|DC-M1V3-OBS-T01-J87-A-20260804T063022Z|P1,Town01:junction:87,HIST,e519e676254bfff6b75b8a66c77a0666f6ae58a188fc8ada7339339ebfe06725,NO_CLARIFICATION,,False,LABEL_UNDEFINED_UNDER_ALLOWED_INPUTS,OUTPUT_ONLY_RESPONSE_A,1,38cfcf60f971b619012ef8311bcfcab2a6f9ff3d85e263b716cd9bb115af41dd,ACT,,,,0.0,,,0.0,1.0,
PUBLIC_15d0d599302d8c7fa066b2c0,TOWN01_JUNCTION_87_UNIT01|CFG_EVIDENCE_INSUFFICIENT|DC-M1V3-OBS-T01-J87-A-20260804T063022Z|P1,Town01:junction:87,HIST,e519e676254bfff6b75b8a66c77a0666f6ae58a188fc8ada7339339ebfe06725,IMMEDIATE_QUERY,,False,LABEL_UNDEFINED_UNDER_ALLOWED_INPUTS,OUTPUT_ONLY_RESPONSE_A,1,38cfcf60f971b619012ef8311bcfcab2a6f9ff3d85e263b716cd9bb115af41dd,ASK,,,,1.0,,,0.0,1.0,
PUBLIC_15d0d599302d8c7fa066b2c0,TOWN01_JUNCTION_87_UNIT01|CFG_EVIDENCE_INSUFFICIENT|DC-M1V3-OBS-T01-J87-A-20260804T063022Z|P1,Town01:junction:87,HIST,e519e676254bfff6b75b8a66c77a0666f6ae58a188fc8ada7339339ebfe06725,DRIVECLARIFY,,False,LABEL_UNDEFINED_UNDER_ALLOWED_INPUTS,OUTPUT_ONLY_RESPONSE_A,1,38cfcf60f971b619012ef8311bcfcab2a6f9ff3d85e263b716cd9bb115af41dd,ABSTAIN,UNKNOWN,,,0.0,,,1.0,0.0,
PUBLIC_937282402216e1674aa481f3,TOWN01_JUNCTION_87_UNIT01|CFG_EVIDENCE_INSUFFICIENT|DC-M1V3-OBS-T01-J87-A-20260804T063022Z|P2,Town01:junction:87,HIST,71570462a02492c01c6a39a465fbbd0d7e1e38e0eed7b466ef1fa221ae02e5bd,NO_CLARIFICATION,,False,LABEL_UNDEFINED_UNDER_ALLOWED_INPUTS,OUTPUT_ONLY_RESPONSE_A,1,308257aa3a9948d7ab2f101ef9532fb491282851e9094a8c1e53750bd124effe,ACT,,,,0.0,,,0.0,1.0,
PUBLIC_937282402216e1674aa481f3,TOWN01_JUNCTION_87_UNIT01|CFG_EVIDENCE_INSUFFICIENT|DC-M1V3-OBS-T01-J87-A-20260804T063022Z|P2,Town01:junction:87,HIST,71570462a02492c01c6a39a465fbbd0d7e1e38e0eed7b466ef1fa221ae02e5bd,IMMEDIATE_QUERY,,False,LABEL_UNDEFINED_UNDER_ALLOWED_INPUTS,OUTPUT_ONLY_RESPONSE_A,1,308257aa3a9948d7ab2f101ef9532fb491282851e9094a8c1e53750bd124effe,ASK,,,,1.0,,,0.0,1.0,
PUBLIC_937282402216e1674aa481f3,TOWN01_JUNCTION_87_UNIT01|CFG_EVIDENCE_INSUFFICIENT|DC-M1V3-OBS-T01-J87-A-20260804T063022Z|P2,Town01:junction:87,HIST,71570462a02492c01c6a39a465fbbd0d7e1e38e0eed7b466ef1fa221ae02e5bd,DRIVECLARIFY,,False,LABEL_UNDEFINED_UNDER_ALLOWED_INPUTS,OUTPUT_ONLY_RESPONSE_A,1,308257aa3a9948d7ab2f101ef9532fb491282851e9094a8c1e53750bd124effe,ABSTAIN,UNKNOWN,,,0.0,,,1.0,0.0,
PUBLIC_a3c58f8477aa78b9d5ca182b,TOWN02_JUNCTION_76_UNIT01|CFG_LONGER_VS_STRAIGHTER|DC-M1V3-OBS-T02-J76-A-20260804T063016Z|P1,Town02:junction:76,HIST,e0c89e1ea3ef4d5efba605b2260c6acb7d2d6b864dfec50330ba6515fb41e687,NO_CLARIFICATION,TASK_DIVERGENT,True,DEFINED,BALANCED_COUNTERFACTUAL_INTENT_PAIR,2,d07e3e39bc20981bd3b4f9986f1d0dd3469f5237418946a188fde2dda7770759,ACT,,0.5,0.5,0.0,,0.5,0.0,1.0,0.5
PUBLIC_a3c58f8477aa78b9d5ca182b,TOWN02_JUNCTION_76_UNIT01|CFG_LONGER_VS_STRAIGHTER|DC-M1V3-OBS-T02-J76-A-20260804T063016Z|P1,Town02:junction:76,HIST,e0c89e1ea3ef4d5efba605b2260c6acb7d2d6b864dfec50330ba6515fb41e687,IMMEDIATE_QUERY,TASK_DIVERGENT,True,DEFINED,BALANCED_COUNTERFACTUAL_INTENT_PAIR,2,d07e3e39bc20981bd3b4f9986f1d0dd3469f5237418946a188fde2dda7770759,ASK,,1.0,0.0,1.0,,0.0,0.0,1.0,1.0
PUBLIC_a3c58f8477aa78b9d5ca182b,TOWN02_JUNCTION_76_UNIT01|CFG_LONGER_VS_STRAIGHTER|DC-M1V3-OBS-T02-J76-A-20260804T063016Z|P1,Town02:junction:76,HIST,e0c89e1ea3ef4d5efba605b2260c6acb7d2d6b864dfec50330ba6515fb41e687,DRIVECLARIFY,TASK_DIVERGENT,True,DEFINED,BALANCED_COUNTERFACTUAL_INTENT_PAIR,2,d07e3e39bc20981bd3b4f9986f1d0dd3469f5237418946a188fde2dda7770759,ASK,TASK_DIVERGENT,1.0,0.0,1.0,,0.0,0.0,1.0,1.0
PUBLIC_3b3b53eb8d969314f9873cff,TOWN02_JUNCTION_76_UNIT01|CFG_LONGER_VS_STRAIGHTER|DC-M1V3-OBS-T02-J76-A-20260804T063016Z|P2,Town02:junction:76,HIST,cefa27f4f50bd431434f0ad5664a70f89dea688e264f525d9664f279066c140e,NO_CLARIFICATION,TASK_DIVERGENT,True,DEFINED,BALANCED_COUNTERFACTUAL_INTENT_PAIR,2,f273510be5b2a1fffa0721f1e1d3bcaab75ef36b7901492e2e02aea5ed015418,ACT,,0.5,0.5,0.0,,0.5,0.0,1.0,0.5
PUBLIC_3b3b53eb8d969314f9873cff,TOWN02_JUNCTION_76_UNIT01|CFG_LONGER_VS_STRAIGHTER|DC-M1V3-OBS-T02-J76-A-20260804T063016Z|P2,Town02:junction:76,HIST,cefa27f4f50bd431434f0ad5664a70f89dea688e264f525d9664f279066c140e,IMMEDIATE_QUERY,TASK_DIVERGENT,True,DEFINED,BALANCED_COUNTERFACTUAL_INTENT_PAIR,2,f273510be5b2a1fffa0721f1e1d3bcaab75ef36b7901492e2e02aea5ed015418,ASK,,1.0,0.0,1.0,,0.0,0.0,1.0,1.0
PUBLIC_3b3b53eb8d969314f9873cff,TOWN02_JUNCTION_76_UNIT01|CFG_LONGER_VS_STRAIGHTER|DC-M1V3-OBS-T02-J76-A-20260804T063016Z|P2,Town02:junction:76,HIST,cefa27f4f50bd431434f0ad5664a70f89dea688e264f525d9664f279066c140e,DRIVECLARIFY,TASK_DIVERGENT,True,DEFINED,BALANCED_COUNTERFACTUAL_INTENT_PAIR,2,f273510be5b2a1fffa0721f1e1d3bcaab75ef36b7901492e2e02aea5ed015418,ASK,TASK_DIVERGENT,1.0,0.0,1.0,,0.0,0.0,1.0,1.0
PUBLIC_8a08139174932cd5a68bd1a1,TOWN02_JUNCTION_76_UNIT01|CFG_LONGER_VS_SHARPER|DC-M1V3-OBS-T02-J76-A-20260804T063016Z|P1,Town02:junction:76,HIST,b010a4101d5fd5eb58d4849ad2d7fa9354f291095e311209d11ddcfad830eb1b,NO_CLARIFICATION,TASK_EQUIVALENT,True,DEFINED,EQUIVALENCE_CLASS_RESPONSE_A,1,c0446f94499f0ee068cf4e56db95fa7c9dcae5c6ec6801e2553565ff719dc121,ACT,,1.0,0.0,0.0,0.0,,0.0,1.0,1.0
PUBLIC_8a08139174932cd5a68bd1a1,TOWN02_JUNCTION_76_UNIT01|CFG_LONGER_VS_SHARPER|DC-M1V3-OBS-T02-J76-A-20260804T063016Z|P1,Town02:junction:76,HIST,b010a4101d5fd5eb58d4849ad2d7fa9354f291095e311209d11ddcfad830eb1b,IMMEDIATE_QUERY,TASK_EQUIVALENT,True,DEFINED,EQUIVALENCE_CLASS_RESPONSE_A,1,c0446f94499f0ee068cf4e56db95fa7c9dcae5c6ec6801e2553565ff719dc121,ASK,,1.0,0.0,1.0,1.0,,0.0,1.0,1.0
PUBLIC_8a08139174932cd5a68bd1a1,TOWN02_JUNCTION_76_UNIT01|CFG_LONGER_VS_SHARPER|DC-M1V3-OBS-T02-J76-A-20260804T063016Z|P1,Town02:junction:76,HIST,b010a4101d5fd5eb58d4849ad2d7fa9354f291095e311209d11ddcfad830eb1b,DRIVECLARIFY,TASK_EQUIVALENT,True,DEFINED,EQUIVALENCE_CLASS_RESPONSE_A,1,c0446f94499f0ee068cf4e56db95fa7c9dcae5c6ec6801e2553565ff719dc121,ACT,TASK_EQUIVALENT,1.0,0.0,0.0,0.0,,0.0,1.0,1.0
PUBLIC_f6d9fd354ffe49e0c725d012,TOWN02_JUNCTION_76_UNIT01|CFG_LONGER_VS_SHARPER|DC-M1V3-OBS-T02-J76-A-20260804T063016Z|P2,Town02:junction:76,HIST,87b0b840b763a296c421ac02d2f67720f86a05127d0a4c747b0500443c8dcb5d,NO_CLARIFICATION,TASK_EQUIVALENT,True,DEFINED,EQUIVALENCE_CLASS_RESPONSE_A,1,301bca2e9e7859e278f99a015819709484b82c173aa10256d76611e8c719c243,ACT,,1.0,0.0,0.0,0.0,,0.0,1.0,1.0
PUBLIC_f6d9fd354ffe49e0c725d012,TOWN02_JUNCTION_76_UNIT01|CFG_LONGER_VS_SHARPER|DC-M1V3-OBS-T02-J76-A-20260804T063016Z|P2,Town02:junction:76,HIST,87b0b840b763a296c421ac02d2f67720f86a05127d0a4c747b0500443c8dcb5d,IMMEDIATE_QUERY,TASK_EQUIVALENT,True,DEFINED,EQUIVALENCE_CLASS_RESPONSE_A,1,301bca2e9e7859e278f99a015819709484b82c173aa10256d76611e8c719c243,ASK,,1.0,0.0,1.0,1.0,,0.0,1.0,1.0
PUBLIC_f6d9fd354ffe49e0c725d012,TOWN02_JUNCTION_76_UNIT01|CFG_LONGER_VS_SHARPER|DC-M1V3-OBS-T02-J76-A-20260804T063016Z|P2,Town02:junction:76,HIST,87b0b840b763a296c421ac02d2f67720f86a05127d0a4c747b0500443c8dcb5d,DRIVECLARIFY,TASK_EQUIVALENT,True,DEFINED,EQUIVALENCE_CLASS_RESPONSE_A,1,301bca2e9e7859e278f99a015819709484b82c173aa10256d76611e8c719c243,ACT,TASK_EQUIVALENT,1.0,0.0,0.0,0.0,,0.0,1.0,1.0
PUBLIC_d542e331acc9185e2a02aeda,TOWN02_JUNCTION_76_UNIT01|CFG_SAME_EXPRESSION|DC-M1V3-OBS-T02-J76-A-20260804T063016Z|P1,Town02:junction:76,HIST,3c872130f0dc45d02a810f8002e881176a31f87d838cae88f23220359872d46e,NO_CLARIFICATION,TASK_EQUIVALENT,True,DEFINED,EQUIVALENCE_CLASS_RESPONSE_A,1,5fc0ef8f36a0f99a49c912c877b3e1aa3bff69f62d039fca8f59fdbabb7477e9,ACT,,1.0,0.0,0.0,0.0,,0.0,1.0,1.0
PUBLIC_d542e331acc9185e2a02aeda,TOWN02_JUNCTION_76_UNIT01|CFG_SAME_EXPRESSION|DC-M1V3-OBS-T02-J76-A-20260804T063016Z|P1,Town02:junction:76,HIST,3c872130f0dc45d02a810f8002e881176a31f87d838cae88f23220359872d46e,IMMEDIATE_QUERY,TASK_EQUIVALENT,True,DEFINED,EQUIVALENCE_CLASS_RESPONSE_A,1,5fc0ef8f36a0f99a49c912c877b3e1aa3bff69f62d039fca8f59fdbabb7477e9,ASK,,1.0,0.0,1.0,1.0,,0.0,1.0,1.0
PUBLIC_d542e331acc9185e2a02aeda,TOWN02_JUNCTION_76_UNIT01|CFG_SAME_EXPRESSION|DC-M1V3-OBS-T02-J76-A-20260804T063016Z|P1,Town02:junction:76,HIST,3c872130f0dc45d02a810f8002e881176a31f87d838cae88f23220359872d46e,DRIVECLARIFY,TASK_EQUIVALENT,True,DEFINED,EQUIVALENCE_CLASS_RESPONSE_A,1,5fc0ef8f36a0f99a49c912c877b3e1aa3bff69f62d039fca8f59fdbabb7477e9,ACT,TASK_EQUIVALENT,1.0,0.0,0.0,0.0,,0.0,1.0,1.0
PUBLIC_ec2ff1276c6bde1e50fea5d2,TOWN02_JUNCTION_76_UNIT01|CFG_SAME_EXPRESSION|DC-M1V3-OBS-T02-J76-A-20260804T063016Z|P2,Town02:junction:76,HIST,c90d282f8e657cea85e3e17434f9ec52dce62de3f181f39c92aca63ce2d70480,NO_CLARIFICATION,TASK_EQUIVALENT,True,DEFINED,EQUIVALENCE_CLASS_RESPONSE_A,1,75aff621b7d6751afa0a9e10044f957625c65f8ff7964e68335a5a06c36956d5,ACT,,1.0,0.0,0.0,0.0,,0.0,1.0,1.0
PUBLIC_ec2ff1276c6bde1e50fea5d2,TOWN02_JUNCTION_76_UNIT01|CFG_SAME_EXPRESSION|DC-M1V3-OBS-T02-J76-A-20260804T063016Z|P2,Town02:junction:76,HIST,c90d282f8e657cea85e3e17434f9ec52dce62de3f181f39c92aca63ce2d70480,IMMEDIATE_QUERY,TASK_EQUIVALENT,True,DEFINED,EQUIVALENCE_CLASS_RESPONSE_A,1,75aff621b7d6751afa0a9e10044f957625c65f8ff7964e68335a5a06c36956d5,ASK,,1.0,0.0,1.0,1.0,,0.0,1.0,1.0
PUBLIC_ec2ff1276c6bde1e50fea5d2,TOWN02_JUNCTION_76_UNIT01|CFG_SAME_EXPRESSION|DC-M1V3-OBS-T02-J76-A-20260804T063016Z|P2,Town02:junction:76,HIST,c90d282f8e657cea85e3e17434f9ec52dce62de3f181f39c92aca63ce2d70480,DRIVECLARIFY,TASK_EQUIVALENT,True,DEFINED,EQUIVALENCE_CLASS_RESPONSE_A,1,75aff621b7d6751afa0a9e10044f957625c65f8ff7964e68335a5a06c36956d5,ACT,TASK_EQUIVALENT,1.0,0.0,0.0,0.0,,0.0,1.0,1.0
PUBLIC_3675cab075f2fb0771d2ef45,TOWN02_JUNCTION_76_UNIT01|CFG_EVIDENCE_INSUFFICIENT|DC-M1V3-OBS-T02-J76-A-20260804T063016Z|P1,Town02:junction:76,HIST,caa5adebde3d913f6e71372e431d153895b19e2f8b7633b3a256470f3802db0f,NO_CLARIFICATION,,False,LABEL_UNDEFINED_UNDER_ALLOWED_INPUTS,OUTPUT_ONLY_RESPONSE_A,1,997653ab8a63459de60a86236a6179f75219c88c6ff534e8d7396742a743ebab,ACT,,,,0.0,,,0.0,1.0,
PUBLIC_3675cab075f2fb0771d2ef45,TOWN02_JUNCTION_76_UNIT01|CFG_EVIDENCE_INSUFFICIENT|DC-M1V3-OBS-T02-J76-A-20260804T063016Z|P1,Town02:junction:76,HIST,caa5adebde3d913f6e71372e431d153895b19e2f8b7633b3a256470f3802db0f,IMMEDIATE_QUERY,,False,LABEL_UNDEFINED_UNDER_ALLOWED_INPUTS,OUTPUT_ONLY_RESPONSE_A,1,997653ab8a63459de60a86236a6179f75219c88c6ff534e8d7396742a743ebab,ASK,,,,1.0,,,0.0,1.0,
PUBLIC_3675cab075f2fb0771d2ef45,TOWN02_JUNCTION_76_UNIT01|CFG_EVIDENCE_INSUFFICIENT|DC-M1V3-OBS-T02-J76-A-20260804T063016Z|P1,Town02:junction:76,HIST,caa5adebde3d913f6e71372e431d153895b19e2f8b7633b3a256470f3802db0f,DRIVECLARIFY,,False,LABEL_UNDEFINED_UNDER_ALLOWED_INPUTS,OUTPUT_ONLY_RESPONSE_A,1,997653ab8a63459de60a86236a6179f75219c88c6ff534e8d7396742a743ebab,ABSTAIN,UNKNOWN,,,0.0,,,1.0,0.0,
PUBLIC_dfc1053185fe845ad32f2dbe,TOWN02_JUNCTION_76_UNIT01|CFG_EVIDENCE_INSUFFICIENT|DC-M1V3-OBS-T02-J76-A-20260804T063016Z|P2,Town02:junction:76,HIST,c3ae130cf3d603bee67daa0705a557b71d178466d81c1a0701142e0d239f731f,NO_CLARIFICATION,,False,LABEL_UNDEFINED_UNDER_ALLOWED_INPUTS,OUTPUT_ONLY_RESPONSE_A,1,762047e235014c1c44b85a30dd49b15750ccfcbe260002f51b447362a370fec0,ACT,,,,0.0,,,0.0,1.0,
PUBLIC_dfc1053185fe845ad32f2dbe,TOWN02_JUNCTION_76_UNIT01|CFG_EVIDENCE_INSUFFICIENT|DC-M1V3-OBS-T02-J76-A-20260804T063016Z|P2,Town02:junction:76,HIST,c3ae130cf3d603bee67daa0705a557b71d178466d81c1a0701142e0d239f731f,IMMEDIATE_QUERY,,False,LABEL_UNDEFINED_UNDER_ALLOWED_INPUTS,OUTPUT_ONLY_RESPONSE_A,1,762047e235014c1c44b85a30dd49b15750ccfcbe260002f51b447362a370fec0,ASK,,,,1.0,,,0.0,1.0,
PUBLIC_dfc1053185fe845ad32f2dbe,TOWN02_JUNCTION_76_UNIT01|CFG_EVIDENCE_INSUFFICIENT|DC-M1V3-OBS-T02-J76-A-20260804T063016Z|P2,Town02:junction:76,HIST,c3ae130cf3d603bee67daa0705a557b71d178466d81c1a0701142e0d239f731f,DRIVECLARIFY,,False,LABEL_UNDEFINED_UNDER_ALLOWED_INPUTS,OUTPUT_ONLY_RESPONSE_A,1,762047e235014c1c44b85a30dd49b15750ccfcbe260002f51b447362a370fec0,ABSTAIN,UNKNOWN,,,0.0,,,1.0,0.0,
PUBLIC_8c5ad42c2baa38701c9c55bf,TOWN03_JUNCTION_576_UNIT01|CFG_LONGER_VS_STRAIGHTER|DC-M1V3-OBS-T03-J576-A-20260804T063002Z|P1,Town03:junction:576,HIST,25a9582f7a1e2114c396741ab3c3a5d3e0cf537863a0e57147469ec3406c72b0,NO_CLARIFICATION,TASK_EQUIVALENT,True,DEFINED,EQUIVALENCE_CLASS_RESPONSE_A,1,b9b242e81b34b2758115b7464bc2059d540351facd26d2486c796f371ee04228,ACT,,1.0,0.0,0.0,0.0,,0.0,1.0,1.0
PUBLIC_8c5ad42c2baa38701c9c55bf,TOWN03_JUNCTION_576_UNIT01|CFG_LONGER_VS_STRAIGHTER|DC-M1V3-OBS-T03-J576-A-20260804T063002Z|P1,Town03:junction:576,HIST,25a9582f7a1e2114c396741ab3c3a5d3e0cf537863a0e57147469ec3406c72b0,IMMEDIATE_QUERY,TASK_EQUIVALENT,True,DEFINED,EQUIVALENCE_CLASS_RESPONSE_A,1,b9b242e81b34b2758115b7464bc2059d540351facd26d2486c796f371ee04228,ASK,,1.0,0.0,1.0,1.0,,0.0,1.0,1.0
PUBLIC_8c5ad42c2baa38701c9c55bf,TOWN03_JUNCTION_576_UNIT01|CFG_LONGER_VS_STRAIGHTER|DC-M1V3-OBS-T03-J576-A-20260804T063002Z|P1,Town03:junction:576,HIST,25a9582f7a1e2114c396741ab3c3a5d3e0cf537863a0e57147469ec3406c72b0,DRIVECLARIFY,TASK_EQUIVALENT,True,DEFINED,EQUIVALENCE_CLASS_RESPONSE_A,1,b9b242e81b34b2758115b7464bc2059d540351facd26d2486c796f371ee04228,ACT,TASK_EQUIVALENT,1.0,0.0,0.0,0.0,,0.0,1.0,1.0
PUBLIC_a128e5f37db1252d21d87f6f,TOWN03_JUNCTION_576_UNIT01|CFG_LONGER_VS_STRAIGHTER|DC-M1V3-OBS-T03-J576-A-20260804T063002Z|P2,Town03:junction:576,HIST,59613f7f54e9a1952ca8c72d013a471c4a59545d8bf4bea86146d3065b026663,NO_CLARIFICATION,TASK_EQUIVALENT,True,DEFINED,EQUIVALENCE_CLASS_RESPONSE_A,1,e408108831adee26cdee72ed84aa7b971b899490aa1a38d863145e0e1441b7f9,ACT,,1.0,0.0,0.0,0.0,,0.0,1.0,1.0
PUBLIC_a128e5f37db1252d21d87f6f,TOWN03_JUNCTION_576_UNIT01|CFG_LONGER_VS_STRAIGHTER|DC-M1V3-OBS-T03-J576-A-20260804T063002Z|P2,Town03:junction:576,HIST,59613f7f54e9a1952ca8c72d013a471c4a59545d8bf4bea86146d3065b026663,IMMEDIATE_QUERY,TASK_EQUIVALENT,True,DEFINED,EQUIVALENCE_CLASS_RESPONSE_A,1,e408108831adee26cdee72ed84aa7b971b899490aa1a38d863145e0e1441b7f9,ASK,,1.0,0.0,1.0,1.0,,0.0,1.0,1.0
PUBLIC_a128e5f37db1252d21d87f6f,TOWN03_JUNCTION_576_UNIT01|CFG_LONGER_VS_STRAIGHTER|DC-M1V3-OBS-T03-J576-A-20260804T063002Z|P2,Town03:junction:576,HIST,59613f7f54e9a1952ca8c72d013a471c4a59545d8bf4bea86146d3065b026663,DRIVECLARIFY,TASK_EQUIVALENT,True,DEFINED,EQUIVALENCE_CLASS_RESPONSE_A,1,e408108831adee26cdee72ed84aa7b971b899490aa1a38d863145e0e1441b7f9,ACT,TASK_EQUIVALENT,1.0,0.0,0.0,0.0,,0.0,1.0,1.0
PUBLIC_edf2fbc4427ab979b1673f63,TOWN03_JUNCTION_576_UNIT01|CFG_LONGER_VS_SHARPER|DC-M1V3-OBS-T03-J576-A-20260804T063002Z|P1,Town03:junction:576,HIST,baab430ef2f4e959d7f8936b780a3f6e5197315a41ad9d9545a90ae98e0dcc29,NO_CLARIFICATION,TASK_DIVERGENT,True,DEFINED,BALANCED_COUNTERFACTUAL_INTENT_PAIR,2,cbb42c68ce680a68c40a43627ce998c0b952b680e2f406768c49437509d97ad9,ACT,,0.5,0.5,0.0,,0.5,0.0,1.0,0.5
PUBLIC_edf2fbc4427ab979b1673f63,TOWN03_JUNCTION_576_UNIT01|CFG_LONGER_VS_SHARPER|DC-M1V3-OBS-T03-J576-A-20260804T063002Z|P1,Town03:junction:576,HIST,baab430ef2f4e959d7f8936b780a3f6e5197315a41ad9d9545a90ae98e0dcc29,IMMEDIATE_QUERY,TASK_DIVERGENT,True,DEFINED,BALANCED_COUNTERFACTUAL_INTENT_PAIR,2,cbb42c68ce680a68c40a43627ce998c0b952b680e2f406768c49437509d97ad9,ASK,,1.0,0.0,1.0,,0.0,0.0,1.0,1.0
PUBLIC_edf2fbc4427ab979b1673f63,TOWN03_JUNCTION_576_UNIT01|CFG_LONGER_VS_SHARPER|DC-M1V3-OBS-T03-J576-A-20260804T063002Z|P1,Town03:junction:576,HIST,baab430ef2f4e959d7f8936b780a3f6e5197315a41ad9d9545a90ae98e0dcc29,DRIVECLARIFY,TASK_DIVERGENT,True,DEFINED,BALANCED_COUNTERFACTUAL_INTENT_PAIR,2,cbb42c68ce680a68c40a43627ce998c0b952b680e2f406768c49437509d97ad9,ASK,TASK_DIVERGENT,1.0,0.0,1.0,,0.0,0.0,1.0,1.0
PUBLIC_21d0dfa2cb612e010eb1273b,TOWN03_JUNCTION_576_UNIT01|CFG_LONGER_VS_SHARPER|DC-M1V3-OBS-T03-J576-A-20260804T063002Z|P2,Town03:junction:576,HIST,3288d9976a33402c8f5c4a41eb2acbd653de96450507f437041a3f5b06aea187,NO_CLARIFICATION,TASK_DIVERGENT,True,DEFINED,BALANCED_COUNTERFACTUAL_INTENT_PAIR,2,5f301d92b9fff563d469309621832c6a84b079f89cb30a3d046d3a36b7b17d8d,ACT,,0.5,0.5,0.0,,0.5,0.0,1.0,0.5
PUBLIC_21d0dfa2cb612e010eb1273b,TOWN03_JUNCTION_576_UNIT01|CFG_LONGER_VS_SHARPER|DC-M1V3-OBS-T03-J576-A-20260804T063002Z|P2,Town03:junction:576,HIST,3288d9976a33402c8f5c4a41eb2acbd653de96450507f437041a3f5b06aea187,IMMEDIATE_QUERY,TASK_DIVERGENT,True,DEFINED,BALANCED_COUNTERFACTUAL_INTENT_PAIR,2,5f301d92b9fff563d469309621832c6a84b079f89cb30a3d046d3a36b7b17d8d,ASK,,1.0,0.0,1.0,,0.0,0.0,1.0,1.0
PUBLIC_21d0dfa2cb612e010eb1273b,TOWN03_JUNCTION_576_UNIT01|CFG_LONGER_VS_SHARPER|DC-M1V3-OBS-T03-J576-A-20260804T063002Z|P2,Town03:junction:576,HIST,3288d9976a33402c8f5c4a41eb2acbd653de96450507f437041a3f5b06aea187,DRIVECLARIFY,TASK_DIVERGENT,True,DEFINED,BALANCED_COUNTERFACTUAL_INTENT_PAIR,2,5f301d92b9fff563d469309621832c6a84b079f89cb30a3d046d3a36b7b17d8d,ASK,TASK_DIVERGENT,1.0,0.0,1.0,,0.0,0.0,1.0,1.0
PUBLIC_738eb4f1ab97ea9146703d66,TOWN03_JUNCTION_576_UNIT01|CFG_SAME_EXPRESSION|DC-M1V3-OBS-T03-J576-A-20260804T063002Z|P1,Town03:junction:576,HIST,768bd61d09cf7e90e9d74a20f1ba9415fd610c8d745d40ae42cf70af0451d260,NO_CLARIFICATION,TASK_EQUIVALENT,True,DEFINED,EQUIVALENCE_CLASS_RESPONSE_A,1,1208bfb11d60f16c4d2b1773ae8e42b9384ddf58a36c26701bd5c5e5bd4570f2,ACT,,1.0,0.0,0.0,0.0,,0.0,1.0,1.0
PUBLIC_738eb4f1ab97ea9146703d66,TOWN03_JUNCTION_576_UNIT01|CFG_SAME_EXPRESSION|DC-M1V3-OBS-T03-J576-A-20260804T063002Z|P1,Town03:junction:576,HIST,768bd61d09cf7e90e9d74a20f1ba9415fd610c8d745d40ae42cf70af0451d260,IMMEDIATE_QUERY,TASK_EQUIVALENT,True,DEFINED,EQUIVALENCE_CLASS_RESPONSE_A,1,1208bfb11d60f16c4d2b1773ae8e42b9384ddf58a36c26701bd5c5e5bd4570f2,ASK,,1.0,0.0,1.0,1.0,,0.0,1.0,1.0
PUBLIC_738eb4f1ab97ea9146703d66,TOWN03_JUNCTION_576_UNIT01|CFG_SAME_EXPRESSION|DC-M1V3-OBS-T03-J576-A-20260804T063002Z|P1,Town03:junction:576,HIST,768bd61d09cf7e90e9d74a20f1ba9415fd610c8d745d40ae42cf70af0451d260,DRIVECLARIFY,TASK_EQUIVALENT,True,DEFINED,EQUIVALENCE_CLASS_RESPONSE_A,1,1208bfb11d60f16c4d2b1773ae8e42b9384ddf58a36c26701bd5c5e5bd4570f2,ACT,TASK_EQUIVALENT,1.0,0.0,0.0,0.0,,0.0,1.0,1.0
PUBLIC_598555df3c17b61fd1ff2145,TOWN03_JUNCTION_576_UNIT01|CFG_SAME_EXPRESSION|DC-M1V3-OBS-T03-J576-A-20260804T063002Z|P2,Town03:junction:576,HIST,c65c949a00c31550c55bc15243c386ca4f56c02322e2ded6334bd38156ba6da6,NO_CLARIFICATION,TASK_EQUIVALENT,True,DEFINED,EQUIVALENCE_CLASS_RESPONSE_A,1,bd65dd40d04b3491f667756211daad8e0c1437aca117ee33692a23364f8e5bfb,ACT,,1.0,0.0,0.0,0.0,,0.0,1.0,1.0
PUBLIC_598555df3c17b61fd1ff2145,TOWN03_JUNCTION_576_UNIT01|CFG_SAME_EXPRESSION|DC-M1V3-OBS-T03-J576-A-20260804T063002Z|P2,Town03:junction:576,HIST,c65c949a00c31550c55bc15243c386ca4f56c02322e2ded6334bd38156ba6da6,IMMEDIATE_QUERY,TASK_EQUIVALENT,True,DEFINED,EQUIVALENCE_CLASS_RESPONSE_A,1,bd65dd40d04b3491f667756211daad8e0c1437aca117ee33692a23364f8e5bfb,ASK,,1.0,0.0,1.0,1.0,,0.0,1.0,1.0
PUBLIC_598555df3c17b61fd1ff2145,TOWN03_JUNCTION_576_UNIT01|CFG_SAME_EXPRESSION|DC-M1V3-OBS-T03-J576-A-20260804T063002Z|P2,Town03:junction:576,HIST,c65c949a00c31550c55bc15243c386ca4f56c02322e2ded6334bd38156ba6da6,DRIVECLARIFY,TASK_EQUIVALENT,True,DEFINED,EQUIVALENCE_CLASS_RESPONSE_A,1,bd65dd40d04b3491f667756211daad8e0c1437aca117ee33692a23364f8e5bfb,ACT,TASK_EQUIVALENT,1.0,0.0,0.0,0.0,,0.0,1.0,1.0
PUBLIC_4f04e90db8c8aa08578f20c6,TOWN03_JUNCTION_576_UNIT01|CFG_EVIDENCE_INSUFFICIENT|DC-M1V3-OBS-T03-J576-A-20260804T063002Z|P1,Town03:junction:576,HIST,ac2427d8edc520df8d294ae31dc197f57e51c097debb87cd585328f221bac07a,NO_CLARIFICATION,,False,LABEL_UNDEFINED_UNDER_ALLOWED_INPUTS,OUTPUT_ONLY_RESPONSE_A,1,7972a5c89af38d19d517dc96d0d9f8f3b4e0aa07a2b90230c41bd16393253d65,ACT,,,,0.0,,,0.0,1.0,
PUBLIC_4f04e90db8c8aa08578f20c6,TOWN03_JUNCTION_576_UNIT01|CFG_EVIDENCE_INSUFFICIENT|DC-M1V3-OBS-T03-J576-A-20260804T063002Z|P1,Town03:junction:576,HIST,ac2427d8edc520df8d294ae31dc197f57e51c097debb87cd585328f221bac07a,IMMEDIATE_QUERY,,False,LABEL_UNDEFINED_UNDER_ALLOWED_INPUTS,OUTPUT_ONLY_RESPONSE_A,1,7972a5c89af38d19d517dc96d0d9f8f3b4e0aa07a2b90230c41bd16393253d65,ASK,,,,1.0,,,0.0,1.0,
PUBLIC_4f04e90db8c8aa08578f20c6,TOWN03_JUNCTION_576_UNIT01|CFG_EVIDENCE_INSUFFICIENT|DC-M1V3-OBS-T03-J576-A-20260804T063002Z|P1,Town03:junction:576,HIST,ac2427d8edc520df8d294ae31dc197f57e51c097debb87cd585328f221bac07a,DRIVECLARIFY,,False,LABEL_UNDEFINED_UNDER_ALLOWED_INPUTS,OUTPUT_ONLY_RESPONSE_A,1,7972a5c89af38d19d517dc96d0d9f8f3b4e0aa07a2b90230c41bd16393253d65,ABSTAIN,UNKNOWN,,,0.0,,,1.0,0.0,
PUBLIC_1857fb11ae9d59a87c6c77be,TOWN03_JUNCTION_576_UNIT01|CFG_EVIDENCE_INSUFFICIENT|DC-M1V3-OBS-T03-J576-A-20260804T063002Z|P2,Town03:junction:576,HIST,32d8991c90d993cb87ccb1a8439d048b42396efece4854a4296033f8d38f50b7,NO_CLARIFICATION,,False,LABEL_UNDEFINED_UNDER_ALLOWED_INPUTS,OUTPUT_ONLY_RESPONSE_A,1,00b887e93051a617a6aa607c6bf191b55f05e2d9841418e6f4db90c5f6e81a06,ACT,,,,0.0,,,0.0,1.0,
PUBLIC_1857fb11ae9d59a87c6c77be,TOWN03_JUNCTION_576_UNIT01|CFG_EVIDENCE_INSUFFICIENT|DC-M1V3-OBS-T03-J576-A-20260804T063002Z|P2,Town03:junction:576,HIST,32d8991c90d993cb87ccb1a8439d048b42396efece4854a4296033f8d38f50b7,IMMEDIATE_QUERY,,False,LABEL_UNDEFINED_UNDER_ALLOWED_INPUTS,OUTPUT_ONLY_RESPONSE_A,1,00b887e93051a617a6aa607c6bf191b55f05e2d9841418e6f4db90c5f6e81a06,ASK,,,,1.0,,,0.0,1.0,
PUBLIC_1857fb11ae9d59a87c6c77be,TOWN03_JUNCTION_576_UNIT01|CFG_EVIDENCE_INSUFFICIENT|DC-M1V3-OBS-T03-J576-A-20260804T063002Z|P2,Town03:junction:576,HIST,32d8991c90d993cb87ccb1a8439d048b42396efece4854a4296033f8d38f50b7,DRIVECLARIFY,,False,LABEL_UNDEFINED_UNDER_ALLOWED_INPUTS,OUTPUT_ONLY_RESPONSE_A,1,00b887e93051a617a6aa607c6bf191b55f05e2d9841418e6f4db90c5f6e81a06,ABSTAIN,UNKNOWN,,,0.0,,,1.0,0.0,
PUBLIC_c96bff6d080872ff5c4df074,TOWN03_JUNCTION_655_UNIT01|CFG_LONGER_VS_STRAIGHTER|DC-M1V3-OBS-T03-J655-A-20260804T063003Z|P1,Town03:junction:655,HIST,32908629674510b8ca31e43734ed19319e9082d53581429a243b1fc9c87692c8,NO_CLARIFICATION,TASK_EQUIVALENT,True,DEFINED,EQUIVALENCE_CLASS_RESPONSE_A,1,c122aaaac19be01f883b7add1cfac18d838e939ad1ea4693179447bff472c242,ACT,,1.0,0.0,0.0,0.0,,0.0,1.0,1.0
PUBLIC_c96bff6d080872ff5c4df074,TOWN03_JUNCTION_655_UNIT01|CFG_LONGER_VS_STRAIGHTER|DC-M1V3-OBS-T03-J655-A-20260804T063003Z|P1,Town03:junction:655,HIST,32908629674510b8ca31e43734ed19319e9082d53581429a243b1fc9c87692c8,IMMEDIATE_QUERY,TASK_EQUIVALENT,True,DEFINED,EQUIVALENCE_CLASS_RESPONSE_A,1,c122aaaac19be01f883b7add1cfac18d838e939ad1ea4693179447bff472c242,ASK,,1.0,0.0,1.0,1.0,,0.0,1.0,1.0
PUBLIC_c96bff6d080872ff5c4df074,TOWN03_JUNCTION_655_UNIT01|CFG_LONGER_VS_STRAIGHTER|DC-M1V3-OBS-T03-J655-A-20260804T063003Z|P1,Town03:junction:655,HIST,32908629674510b8ca31e43734ed19319e9082d53581429a243b1fc9c87692c8,DRIVECLARIFY,TASK_EQUIVALENT,True,DEFINED,EQUIVALENCE_CLASS_RESPONSE_A,1,c122aaaac19be01f883b7add1cfac18d838e939ad1ea4693179447bff472c242,ACT,TASK_EQUIVALENT,1.0,0.0,0.0,0.0,,0.0,1.0,1.0
PUBLIC_03f1b3c6b45ef2509e8c57e4,TOWN03_JUNCTION_655_UNIT01|CFG_LONGER_VS_STRAIGHTER|DC-M1V3-OBS-T03-J655-A-20260804T063003Z|P2,Town03:junction:655,HIST,3ace0b853fcab50e577c1b78f827e92d2643eac54aec9616cf56cf8029009a9a,NO_CLARIFICATION,TASK_EQUIVALENT,True,DEFINED,EQUIVALENCE_CLASS_RESPONSE_A,1,5db27123290e73498456406af75affbe71e6523a7bc9e84c0a22ffc0c1061ce6,ACT,,1.0,0.0,0.0,0.0,,0.0,1.0,1.0
PUBLIC_03f1b3c6b45ef2509e8c57e4,TOWN03_JUNCTION_655_UNIT01|CFG_LONGER_VS_STRAIGHTER|DC-M1V3-OBS-T03-J655-A-20260804T063003Z|P2,Town03:junction:655,HIST,3ace0b853fcab50e577c1b78f827e92d2643eac54aec9616cf56cf8029009a9a,IMMEDIATE_QUERY,TASK_EQUIVALENT,True,DEFINED,EQUIVALENCE_CLASS_RESPONSE_A,1,5db27123290e73498456406af75affbe71e6523a7bc9e84c0a22ffc0c1061ce6,ASK,,1.0,0.0,1.0,1.0,,0.0,1.0,1.0
PUBLIC_03f1b3c6b45ef2509e8c57e4,TOWN03_JUNCTION_655_UNIT01|CFG_LONGER_VS_STRAIGHTER|DC-M1V3-OBS-T03-J655-A-20260804T063003Z|P2,Town03:junction:655,HIST,3ace0b853fcab50e577c1b78f827e92d2643eac54aec9616cf56cf8029009a9a,DRIVECLARIFY,TASK_EQUIVALENT,True,DEFINED,EQUIVALENCE_CLASS_RESPONSE_A,1,5db27123290e73498456406af75affbe71e6523a7bc9e84c0a22ffc0c1061ce6,ACT,TASK_EQUIVALENT,1.0,0.0,0.0,0.0,,0.0,1.0,1.0
PUBLIC_ccfcb3fbbdda31c61e6fd5c8,TOWN03_JUNCTION_655_UNIT01|CFG_LONGER_VS_SHARPER|DC-M1V3-OBS-T03-J655-A-20260804T063003Z|P1,Town03:junction:655,HIST,1ddc7aac2ecf19c48424d3d5544fb66a4748642fc7c8ac9080125fb6b06e91e9,NO_CLARIFICATION,TASK_DIVERGENT,True,DEFINED,BALANCED_COUNTERFACTUAL_INTENT_PAIR,2,f24b0f17b6a1901477168c8ff5a8d170c2b2d8ed05aaeea9e64923e637189b8b,ACT,,0.5,0.5,0.0,,0.5,0.0,1.0,0.5
PUBLIC_ccfcb3fbbdda31c61e6fd5c8,TOWN03_JUNCTION_655_UNIT01|CFG_LONGER_VS_SHARPER|DC-M1V3-OBS-T03-J655-A-20260804T063003Z|P1,Town03:junction:655,HIST,1ddc7aac2ecf19c48424d3d5544fb66a4748642fc7c8ac9080125fb6b06e91e9,IMMEDIATE_QUERY,TASK_DIVERGENT,True,DEFINED,BALANCED_COUNTERFACTUAL_INTENT_PAIR,2,f24b0f17b6a1901477168c8ff5a8d170c2b2d8ed05aaeea9e64923e637189b8b,ASK,,1.0,0.0,1.0,,0.0,0.0,1.0,1.0
PUBLIC_ccfcb3fbbdda31c61e6fd5c8,TOWN03_JUNCTION_655_UNIT01|CFG_LONGER_VS_SHARPER|DC-M1V3-OBS-T03-J655-A-20260804T063003Z|P1,Town03:junction:655,HIST,1ddc7aac2ecf19c48424d3d5544fb66a4748642fc7c8ac9080125fb6b06e91e9,DRIVECLARIFY,TASK_DIVERGENT,True,DEFINED,BALANCED_COUNTERFACTUAL_INTENT_PAIR,2,f24b0f17b6a1901477168c8ff5a8d170c2b2d8ed05aaeea9e64923e637189b8b,ASK,TASK_DIVERGENT,1.0,0.0,1.0,,0.0,0.0,1.0,1.0
PUBLIC_c4c9ebeaf0e49eef29cb4c4e,TOWN03_JUNCTION_655_UNIT01|CFG_LONGER_VS_SHARPER|DC-M1V3-OBS-T03-J655-A-20260804T063003Z|P2,Town03:junction:655,HIST,81d07cbd7ade06914a787a13cd1ca55af4e5a9b9f6ab67a5fbf7388f3c3e5384,NO_CLARIFICATION,TASK_DIVERGENT,True,DEFINED,BALANCED_COUNTERFACTUAL_INTENT_PAIR,2,1988e822ba1cd9c4a53c2cf3300d212d93fdd03e68dde13bd4cf8056ff24896b,ACT,,0.5,0.5,0.0,,0.5,0.0,1.0,0.5
PUBLIC_c4c9ebeaf0e49eef29cb4c4e,TOWN03_JUNCTION_655_UNIT01|CFG_LONGER_VS_SHARPER|DC-M1V3-OBS-T03-J655-A-20260804T063003Z|P2,Town03:junction:655,HIST,81d07cbd7ade06914a787a13cd1ca55af4e5a9b9f6ab67a5fbf7388f3c3e5384,IMMEDIATE_QUERY,TASK_DIVERGENT,True,DEFINED,BALANCED_COUNTERFACTUAL_INTENT_PAIR,2,1988e822ba1cd9c4a53c2cf3300d212d93fdd03e68dde13bd4cf8056ff24896b,ASK,,1.0,0.0,1.0,,0.0,0.0,1.0,1.0
PUBLIC_c4c9ebeaf0e49eef29cb4c4e,TOWN03_JUNCTION_655_UNIT01|CFG_LONGER_VS_SHARPER|DC-M1V3-OBS-T03-J655-A-20260804T063003Z|P2,Town03:junction:655,HIST,81d07cbd7ade06914a787a13cd1ca55af4e5a9b9f6ab67a5fbf7388f3c3e5384,DRIVECLARIFY,TASK_DIVERGENT,True,DEFINED,BALANCED_COUNTERFACTUAL_INTENT_PAIR,2,1988e822ba1cd9c4a53c2cf3300d212d93fdd03e68dde13bd4cf8056ff24896b,ASK,TASK_DIVERGENT,1.0,0.0,1.0,,0.0,0.0,1.0,1.0
PUBLIC_e92c52a540fbf67e830356c8,TOWN03_JUNCTION_655_UNIT01|CFG_SAME_EXPRESSION|DC-M1V3-OBS-T03-J655-A-20260804T063003Z|P1,Town03:junction:655,HIST,57cbcbf2c237dd9baf48294acef2c85b35a5b8c117d1337bb926d328abdd9915,NO_CLARIFICATION,TASK_EQUIVALENT,True,DEFINED,EQUIVALENCE_CLASS_RESPONSE_A,1,8987130a4af554e2ff601798ef2eb7386ec91408d6eef5171a11bb9fb0949550,ACT,,1.0,0.0,0.0,0.0,,0.0,1.0,1.0
PUBLIC_e92c52a540fbf67e830356c8,TOWN03_JUNCTION_655_UNIT01|CFG_SAME_EXPRESSION|DC-M1V3-OBS-T03-J655-A-20260804T063003Z|P1,Town03:junction:655,HIST,57cbcbf2c237dd9baf48294acef2c85b35a5b8c117d1337bb926d328abdd9915,IMMEDIATE_QUERY,TASK_EQUIVALENT,True,DEFINED,EQUIVALENCE_CLASS_RESPONSE_A,1,8987130a4af554e2ff601798ef2eb7386ec91408d6eef5171a11bb9fb0949550,ASK,,1.0,0.0,1.0,1.0,,0.0,1.0,1.0
PUBLIC_e92c52a540fbf67e830356c8,TOWN03_JUNCTION_655_UNIT01|CFG_SAME_EXPRESSION|DC-M1V3-OBS-T03-J655-A-20260804T063003Z|P1,Town03:junction:655,HIST,57cbcbf2c237dd9baf48294acef2c85b35a5b8c117d1337bb926d328abdd9915,DRIVECLARIFY,TASK_EQUIVALENT,True,DEFINED,EQUIVALENCE_CLASS_RESPONSE_A,1,8987130a4af554e2ff601798ef2eb7386ec91408d6eef5171a11bb9fb0949550,ACT,TASK_EQUIVALENT,1.0,0.0,0.0,0.0,,0.0,1.0,1.0
PUBLIC_bee20dc0affe84aebb322b78,TOWN03_JUNCTION_655_UNIT01|CFG_SAME_EXPRESSION|DC-M1V3-OBS-T03-J655-A-20260804T063003Z|P2,Town03:junction:655,HIST,a4c3fc9dd20a0cd22000f7b10e8d89cc56014423bbbaa77aef0ded87b317bc41,NO_CLARIFICATION,TASK_EQUIVALENT,True,DEFINED,EQUIVALENCE_CLASS_RESPONSE_A,1,88753cfeec1e58ce7894d8018e66b838888dc0ba0d18c7ed86d5fa50f5660996,ACT,,1.0,0.0,0.0,0.0,,0.0,1.0,1.0
PUBLIC_bee20dc0affe84aebb322b78,TOWN03_JUNCTION_655_UNIT01|CFG_SAME_EXPRESSION|DC-M1V3-OBS-T03-J655-A-20260804T063003Z|P2,Town03:junction:655,HIST,a4c3fc9dd20a0cd22000f7b10e8d89cc56014423bbbaa77aef0ded87b317bc41,IMMEDIATE_QUERY,TASK_EQUIVALENT,True,DEFINED,EQUIVALENCE_CLASS_RESPONSE_A,1,88753cfeec1e58ce7894d8018e66b838888dc0ba0d18c7ed86d5fa50f5660996,ASK,,1.0,0.0,1.0,1.0,,0.0,1.0,1.0
PUBLIC_bee20dc0affe84aebb322b78,TOWN03_JUNCTION_655_UNIT01|CFG_SAME_EXPRESSION|DC-M1V3-OBS-T03-J655-A-20260804T063003Z|P2,Town03:junction:655,HIST,a4c3fc9dd20a0cd22000f7b10e8d89cc56014423bbbaa77aef0ded87b317bc41,DRIVECLARIFY,TASK_EQUIVALENT,True,DEFINED,EQUIVALENCE_CLASS_RESPONSE_A,1,88753cfeec1e58ce7894d8018e66b838888dc0ba0d18c7ed86d5fa50f5660996,ACT,TASK_EQUIVALENT,1.0,0.0,0.0,0.0,,0.0,1.0,1.0
PUBLIC_dd41addb1f7331a33d5c0352,TOWN03_JUNCTION_655_UNIT01|CFG_EVIDENCE_INSUFFICIENT|DC-M1V3-OBS-T03-J655-A-20260804T063003Z|P1,Town03:junction:655,HIST,06c933183e427d773c15af5b826c0b2edc1af8edb1339e62c059f79fb21197f5,NO_CLARIFICATION,,False,LABEL_UNDEFINED_UNDER_ALLOWED_INPUTS,OUTPUT_ONLY_RESPONSE_A,1,40425fcbfca89fafcbe8f88dea474cba5703cb14b5793a109c2a1b1aeeed8277,ACT,,,,0.0,,,0.0,1.0,
PUBLIC_dd41addb1f7331a33d5c0352,TOWN03_JUNCTION_655_UNIT01|CFG_EVIDENCE_INSUFFICIENT|DC-M1V3-OBS-T03-J655-A-20260804T063003Z|P1,Town03:junction:655,HIST,06c933183e427d773c15af5b826c0b2edc1af8edb1339e62c059f79fb21197f5,IMMEDIATE_QUERY,,False,LABEL_UNDEFINED_UNDER_ALLOWED_INPUTS,OUTPUT_ONLY_RESPONSE_A,1,40425fcbfca89fafcbe8f88dea474cba5703cb14b5793a109c2a1b1aeeed8277,ASK,,,,1.0,,,0.0,1.0,
PUBLIC_dd41addb1f7331a33d5c0352,TOWN03_JUNCTION_655_UNIT01|CFG_EVIDENCE_INSUFFICIENT|DC-M1V3-OBS-T03-J655-A-20260804T063003Z|P1,Town03:junction:655,HIST,06c933183e427d773c15af5b826c0b2edc1af8edb1339e62c059f79fb21197f5,DRIVECLARIFY,,False,LABEL_UNDEFINED_UNDER_ALLOWED_INPUTS,OUTPUT_ONLY_RESPONSE_A,1,40425fcbfca89fafcbe8f88dea474cba5703cb14b5793a109c2a1b1aeeed8277,ABSTAIN,UNKNOWN,,,0.0,,,1.0,0.0,
PUBLIC_827ea171614f15db7b418018,TOWN03_JUNCTION_655_UNIT01|CFG_EVIDENCE_INSUFFICIENT|DC-M1V3-OBS-T03-J655-A-20260804T063003Z|P2,Town03:junction:655,HIST,d67ea50815fe0a7cfaff49e422e4544c362642e620ee38b97f2a24867d2a5589,NO_CLARIFICATION,,False,LABEL_UNDEFINED_UNDER_ALLOWED_INPUTS,OUTPUT_ONLY_RESPONSE_A,1,e367f66a770fc464b9660c45fcf2f6b6979dfedeefd88349fb0c1dc6cd407eae,ACT,,,,0.0,,,0.0,1.0,
PUBLIC_827ea171614f15db7b418018,TOWN03_JUNCTION_655_UNIT01|CFG_EVIDENCE_INSUFFICIENT|DC-M1V3-OBS-T03-J655-A-20260804T063003Z|P2,Town03:junction:655,HIST,d67ea50815fe0a7cfaff49e422e4544c362642e620ee38b97f2a24867d2a5589,IMMEDIATE_QUERY,,False,LABEL_UNDEFINED_UNDER_ALLOWED_INPUTS,OUTPUT_ONLY_RESPONSE_A,1,e367f66a770fc464b9660c45fcf2f6b6979dfedeefd88349fb0c1dc6cd407eae,ASK,,,,1.0,,,0.0,1.0,
PUBLIC_827ea171614f15db7b418018,TOWN03_JUNCTION_655_UNIT01|CFG_EVIDENCE_INSUFFICIENT|DC-M1V3-OBS-T03-J655-A-20260804T063003Z|P2,Town03:junction:655,HIST,d67ea50815fe0a7cfaff49e422e4544c362642e620ee38b97f2a24867d2a5589,DRIVECLARIFY,,False,LABEL_UNDEFINED_UNDER_ALLOWED_INPUTS,OUTPUT_ONLY_RESPONSE_A,1,e367f66a770fc464b9660c45fcf2f6b6979dfedeefd88349fb0c1dc6cd407eae,ABSTAIN,UNKNOWN,,,0.0,,,1.0,0.0,
PUBLIC_0eecd4db4c8a2a3204364266,TOWN04_JUNCTION_1103_UNIT01|CFG_LONGER_VS_STRAIGHTER|DC-M1V3-OBS-T04-J1103-A-20260804T063006Z|P1,Town04:junction:1103,HIST,c06d25a60696bd49d7622360104d5fa1d83566a66d3825f6126d9449ff65c2fa,NO_CLARIFICATION,TASK_DIVERGENT,True,DEFINED,BALANCED_COUNTERFACTUAL_INTENT_PAIR,2,e01fb5305d88f1f2da4cf28f9f33e75324b117810eae140201996d570f38474f,ACT,,0.5,0.5,0.0,,0.5,0.0,1.0,0.5
PUBLIC_0eecd4db4c8a2a3204364266,TOWN04_JUNCTION_1103_UNIT01|CFG_LONGER_VS_STRAIGHTER|DC-M1V3-OBS-T04-J1103-A-20260804T063006Z|P1,Town04:junction:1103,HIST,c06d25a60696bd49d7622360104d5fa1d83566a66d3825f6126d9449ff65c2fa,IMMEDIATE_QUERY,TASK_DIVERGENT,True,DEFINED,BALANCED_COUNTERFACTUAL_INTENT_PAIR,2,e01fb5305d88f1f2da4cf28f9f33e75324b117810eae140201996d570f38474f,ASK,,1.0,0.0,1.0,,0.0,0.0,1.0,1.0
PUBLIC_0eecd4db4c8a2a3204364266,TOWN04_JUNCTION_1103_UNIT01|CFG_LONGER_VS_STRAIGHTER|DC-M1V3-OBS-T04-J1103-A-20260804T063006Z|P1,Town04:junction:1103,HIST,c06d25a60696bd49d7622360104d5fa1d83566a66d3825f6126d9449ff65c2fa,DRIVECLARIFY,TASK_DIVERGENT,True,DEFINED,BALANCED_COUNTERFACTUAL_INTENT_PAIR,2,e01fb5305d88f1f2da4cf28f9f33e75324b117810eae140201996d570f38474f,ASK,TASK_DIVERGENT,1.0,0.0,1.0,,0.0,0.0,1.0,1.0
PUBLIC_e0a3545c915cf539f125dbdd,TOWN04_JUNCTION_1103_UNIT01|CFG_LONGER_VS_STRAIGHTER|DC-M1V3-OBS-T04-J1103-A-20260804T063006Z|P2,Town04:junction:1103,HIST,7538b2066f5f0677f1e6ff5312a8a8ebc9617a99c328963e1e7328858a9fccdb,NO_CLARIFICATION,TASK_DIVERGENT,True,DEFINED,BALANCED_COUNTERFACTUAL_INTENT_PAIR,2,38399df82e5875a7b02223f35280c831984ac019ff40f2c7501ef86bfa1b6b33,ACT,,0.5,0.5,0.0,,0.5,0.0,1.0,0.5
PUBLIC_e0a3545c915cf539f125dbdd,TOWN04_JUNCTION_1103_UNIT01|CFG_LONGER_VS_STRAIGHTER|DC-M1V3-OBS-T04-J1103-A-20260804T063006Z|P2,Town04:junction:1103,HIST,7538b2066f5f0677f1e6ff5312a8a8ebc9617a99c328963e1e7328858a9fccdb,IMMEDIATE_QUERY,TASK_DIVERGENT,True,DEFINED,BALANCED_COUNTERFACTUAL_INTENT_PAIR,2,38399df82e5875a7b02223f35280c831984ac019ff40f2c7501ef86bfa1b6b33,ASK,,1.0,0.0,1.0,,0.0,0.0,1.0,1.0
PUBLIC_e0a3545c915cf539f125dbdd,TOWN04_JUNCTION_1103_UNIT01|CFG_LONGER_VS_STRAIGHTER|DC-M1V3-OBS-T04-J1103-A-20260804T063006Z|P2,Town04:junction:1103,HIST,7538b2066f5f0677f1e6ff5312a8a8ebc9617a99c328963e1e7328858a9fccdb,DRIVECLARIFY,TASK_DIVERGENT,True,DEFINED,BALANCED_COUNTERFACTUAL_INTENT_PAIR,2,38399df82e5875a7b02223f35280c831984ac019ff40f2c7501ef86bfa1b6b33,ASK,TASK_DIVERGENT,1.0,0.0,1.0,,0.0,0.0,1.0,1.0
PUBLIC_84e3afeb33fd33a59bfbe3a7,TOWN04_JUNCTION_1103_UNIT01|CFG_LONGER_VS_SHARPER|DC-M1V3-OBS-T04-J1103-A-20260804T063006Z|P1,Town04:junction:1103,HIST,26283dbe8ea607d1a96904e6fbfe394d34e7cc9a96ab19de52f705597af77ea2,NO_CLARIFICATION,TASK_EQUIVALENT,True,DEFINED,EQUIVALENCE_CLASS_RESPONSE_A,1,e715e21dce538fadddbab80b08b71580242a95426250988d87f3c94132dcc02e,ACT,,1.0,0.0,0.0,0.0,,0.0,1.0,1.0
PUBLIC_84e3afeb33fd33a59bfbe3a7,TOWN04_JUNCTION_1103_UNIT01|CFG_LONGER_VS_SHARPER|DC-M1V3-OBS-T04-J1103-A-20260804T063006Z|P1,Town04:junction:1103,HIST,26283dbe8ea607d1a96904e6fbfe394d34e7cc9a96ab19de52f705597af77ea2,IMMEDIATE_QUERY,TASK_EQUIVALENT,True,DEFINED,EQUIVALENCE_CLASS_RESPONSE_A,1,e715e21dce538fadddbab80b08b71580242a95426250988d87f3c94132dcc02e,ASK,,1.0,0.0,1.0,1.0,,0.0,1.0,1.0
PUBLIC_84e3afeb33fd33a59bfbe3a7,TOWN04_JUNCTION_1103_UNIT01|CFG_LONGER_VS_SHARPER|DC-M1V3-OBS-T04-J1103-A-20260804T063006Z|P1,Town04:junction:1103,HIST,26283dbe8ea607d1a96904e6fbfe394d34e7cc9a96ab19de52f705597af77ea2,DRIVECLARIFY,TASK_EQUIVALENT,True,DEFINED,EQUIVALENCE_CLASS_RESPONSE_A,1,e715e21dce538fadddbab80b08b71580242a95426250988d87f3c94132dcc02e,ACT,TASK_EQUIVALENT,1.0,0.0,0.0,0.0,,0.0,1.0,1.0
PUBLIC_0199f1ec2a0735ddf24aafee,TOWN04_JUNCTION_1103_UNIT01|CFG_LONGER_VS_SHARPER|DC-M1V3-OBS-T04-J1103-A-20260804T063006Z|P2,Town04:junction:1103,HIST,0a22ec04f680a1b2a33e01bf96f1037751e50b1283a299bc06ee88a90fdacd7d,NO_CLARIFICATION,TASK_EQUIVALENT,True,DEFINED,EQUIVALENCE_CLASS_RESPONSE_A,1,b2d844387951f7ee32be88e936e88d5f5ad2ad49bda9a9179eeb450b11739672,ACT,,1.0,0.0,0.0,0.0,,0.0,1.0,1.0
PUBLIC_0199f1ec2a0735ddf24aafee,TOWN04_JUNCTION_1103_UNIT01|CFG_LONGER_VS_SHARPER|DC-M1V3-OBS-T04-J1103-A-20260804T063006Z|P2,Town04:junction:1103,HIST,0a22ec04f680a1b2a33e01bf96f1037751e50b1283a299bc06ee88a90fdacd7d,IMMEDIATE_QUERY,TASK_EQUIVALENT,True,DEFINED,EQUIVALENCE_CLASS_RESPONSE_A,1,b2d844387951f7ee32be88e936e88d5f5ad2ad49bda9a9179eeb450b11739672,ASK,,1.0,0.0,1.0,1.0,,0.0,1.0,1.0
PUBLIC_0199f1ec2a0735ddf24aafee,TOWN04_JUNCTION_1103_UNIT01|CFG_LONGER_VS_SHARPER|DC-M1V3-OBS-T04-J1103-A-20260804T063006Z|P2,Town04:junction:1103,HIST,0a22ec04f680a1b2a33e01bf96f1037751e50b1283a299bc06ee88a90fdacd7d,DRIVECLARIFY,TASK_EQUIVALENT,True,DEFINED,EQUIVALENCE_CLASS_RESPONSE_A,1,b2d844387951f7ee32be88e936e88d5f5ad2ad49bda9a9179eeb450b11739672,ACT,TASK_EQUIVALENT,1.0,0.0,0.0,0.0,,0.0,1.0,1.0
PUBLIC_d8a321e30f1ddbdc629f3df0,TOWN04_JUNCTION_1103_UNIT01|CFG_SAME_EXPRESSION|DC-M1V3-OBS-T04-J1103-A-20260804T063006Z|P1,Town04:junction:1103,HIST,aaa4298ff54af3a15b917145e9a1089aeacefb970ec21d8347fa31605b37851e,NO_CLARIFICATION,TASK_EQUIVALENT,True,DEFINED,EQUIVALENCE_CLASS_RESPONSE_A,1,e289f0999e553eabc22de4da33494dca1d83eeeac61f49d84aecb3a9f00483fd,ACT,,1.0,0.0,0.0,0.0,,0.0,1.0,1.0
PUBLIC_d8a321e30f1ddbdc629f3df0,TOWN04_JUNCTION_1103_UNIT01|CFG_SAME_EXPRESSION|DC-M1V3-OBS-T04-J1103-A-20260804T063006Z|P1,Town04:junction:1103,HIST,aaa4298ff54af3a15b917145e9a1089aeacefb970ec21d8347fa31605b37851e,IMMEDIATE_QUERY,TASK_EQUIVALENT,True,DEFINED,EQUIVALENCE_CLASS_RESPONSE_A,1,e289f0999e553eabc22de4da33494dca1d83eeeac61f49d84aecb3a9f00483fd,ASK,,1.0,0.0,1.0,1.0,,0.0,1.0,1.0
PUBLIC_d8a321e30f1ddbdc629f3df0,TOWN04_JUNCTION_1103_UNIT01|CFG_SAME_EXPRESSION|DC-M1V3-OBS-T04-J1103-A-20260804T063006Z|P1,Town04:junction:1103,HIST,aaa4298ff54af3a15b917145e9a1089aeacefb970ec21d8347fa31605b37851e,DRIVECLARIFY,TASK_EQUIVALENT,True,DEFINED,EQUIVALENCE_CLASS_RESPONSE_A,1,e289f0999e553eabc22de4da33494dca1d83eeeac61f49d84aecb3a9f00483fd,ACT,TASK_EQUIVALENT,1.0,0.0,0.0,0.0,,0.0,1.0,1.0
PUBLIC_45288dac5073d2adcd9b475a,TOWN04_JUNCTION_1103_UNIT01|CFG_SAME_EXPRESSION|DC-M1V3-OBS-T04-J1103-A-20260804T063006Z|P2,Town04:junction:1103,HIST,d399cd439a744c9dfb3a0937c9e70f7950b77944d5e4ed3261c55f4f59ad0c81,NO_CLARIFICATION,TASK_EQUIVALENT,True,DEFINED,EQUIVALENCE_CLASS_RESPONSE_A,1,08b156ce1c5ab7179e12ca8a1860d9062be83cacc01059e8434d5e8f385feb78,ACT,,1.0,0.0,0.0,0.0,,0.0,1.0,1.0
PUBLIC_45288dac5073d2adcd9b475a,TOWN04_JUNCTION_1103_UNIT01|CFG_SAME_EXPRESSION|DC-M1V3-OBS-T04-J1103-A-20260804T063006Z|P2,Town04:junction:1103,HIST,d399cd439a744c9dfb3a0937c9e70f7950b77944d5e4ed3261c55f4f59ad0c81,IMMEDIATE_QUERY,TASK_EQUIVALENT,True,DEFINED,EQUIVALENCE_CLASS_RESPONSE_A,1,08b156ce1c5ab7179e12ca8a1860d9062be83cacc01059e8434d5e8f385feb78,ASK,,1.0,0.0,1.0,1.0,,0.0,1.0,1.0
PUBLIC_45288dac5073d2adcd9b475a,TOWN04_JUNCTION_1103_UNIT01|CFG_SAME_EXPRESSION|DC-M1V3-OBS-T04-J1103-A-20260804T063006Z|P2,Town04:junction:1103,HIST,d399cd439a744c9dfb3a0937c9e70f7950b77944d5e4ed3261c55f4f59ad0c81,DRIVECLARIFY,TASK_EQUIVALENT,True,DEFINED,EQUIVALENCE_CLASS_RESPONSE_A,1,08b156ce1c5ab7179e12ca8a1860d9062be83cacc01059e8434d5e8f385feb78,ACT,TASK_EQUIVALENT,1.0,0.0,0.0,0.0,,0.0,1.0,1.0
PUBLIC_2ea0122236752c3e626a25ad,TOWN04_JUNCTION_1103_UNIT01|CFG_EVIDENCE_INSUFFICIENT|DC-M1V3-OBS-T04-J1103-A-20260804T063006Z|P1,Town04:junction:1103,HIST,3fc8ae520d9260ff38a7ecf482e702306f230fd77bc07ac0f1533cb0a8bfcd08,NO_CLARIFICATION,,False,LABEL_UNDEFINED_UNDER_ALLOWED_INPUTS,OUTPUT_ONLY_RESPONSE_A,1,8c1fec91805e3c8494905455096a418078b9880dab856bac620ac8017e3e61e5,ACT,,,,0.0,,,0.0,1.0,
PUBLIC_2ea0122236752c3e626a25ad,TOWN04_JUNCTION_1103_UNIT01|CFG_EVIDENCE_INSUFFICIENT|DC-M1V3-OBS-T04-J1103-A-20260804T063006Z|P1,Town04:junction:1103,HIST,3fc8ae520d9260ff38a7ecf482e702306f230fd77bc07ac0f1533cb0a8bfcd08,IMMEDIATE_QUERY,,False,LABEL_UNDEFINED_UNDER_ALLOWED_INPUTS,OUTPUT_ONLY_RESPONSE_A,1,8c1fec91805e3c8494905455096a418078b9880dab856bac620ac8017e3e61e5,ASK,,,,1.0,,,0.0,1.0,
PUBLIC_2ea0122236752c3e626a25ad,TOWN04_JUNCTION_1103_UNIT01|CFG_EVIDENCE_INSUFFICIENT|DC-M1V3-OBS-T04-J1103-A-20260804T063006Z|P1,Town04:junction:1103,HIST,3fc8ae520d9260ff38a7ecf482e702306f230fd77bc07ac0f1533cb0a8bfcd08,DRIVECLARIFY,,False,LABEL_UNDEFINED_UNDER_ALLOWED_INPUTS,OUTPUT_ONLY_RESPONSE_A,1,8c1fec91805e3c8494905455096a418078b9880dab856bac620ac8017e3e61e5,ABSTAIN,UNKNOWN,,,0.0,,,1.0,0.0,
PUBLIC_1f6ba36fd997c3f62a080002,TOWN04_JUNCTION_1103_UNIT01|CFG_EVIDENCE_INSUFFICIENT|DC-M1V3-OBS-T04-J1103-A-20260804T063006Z|P2,Town04:junction:1103,HIST,dcde347afc10b8bce00e5809d838b9dc00de4f5a2b2ec88d20efbe496922c41d,NO_CLARIFICATION,,False,LABEL_UNDEFINED_UNDER_ALLOWED_INPUTS,OUTPUT_ONLY_RESPONSE_A,1,c1a24a09b72b36ee7190726895c0edb90d0aa24e6166e0b48237243527724257,ACT,,,,0.0,,,0.0,1.0,
PUBLIC_1f6ba36fd997c3f62a080002,TOWN04_JUNCTION_1103_UNIT01|CFG_EVIDENCE_INSUFFICIENT|DC-M1V3-OBS-T04-J1103-A-20260804T063006Z|P2,Town04:junction:1103,HIST,dcde347afc10b8bce00e5809d838b9dc00de4f5a2b2ec88d20efbe496922c41d,IMMEDIATE_QUERY,,False,LABEL_UNDEFINED_UNDER_ALLOWED_INPUTS,OUTPUT_ONLY_RESPONSE_A,1,c1a24a09b72b36ee7190726895c0edb90d0aa24e6166e0b48237243527724257,ASK,,,,1.0,,,0.0,1.0,
PUBLIC_1f6ba36fd997c3f62a080002,TOWN04_JUNCTION_1103_UNIT01|CFG_EVIDENCE_INSUFFICIENT|DC-M1V3-OBS-T04-J1103-A-20260804T063006Z|P2,Town04:junction:1103,HIST,dcde347afc10b8bce00e5809d838b9dc00de4f5a2b2ec88d20efbe496922c41d,DRIVECLARIFY,,False,LABEL_UNDEFINED_UNDER_ALLOWED_INPUTS,OUTPUT_ONLY_RESPONSE_A,1,c1a24a09b72b36ee7190726895c0edb90d0aa24e6166e0b48237243527724257,ABSTAIN,UNKNOWN,,,0.0,,,1.0,0.0,
PUBLIC_a1846ba02022ec35cdc5f7b0,TOWN05_JUNCTION_1126_UNIT01|CFG_LONGER_VS_STRAIGHTER|DC-M1V3-OBS-T05-J1126-A-20260804T063008Z|P1,Town05:junction:1126,HIST,7392748c3381d2f6582653c2e2cf83f4f29c214d1cef8216730da90e62e06092,NO_CLARIFICATION,TASK_DIVERGENT,True,DEFINED,BALANCED_COUNTERFACTUAL_INTENT_PAIR,2,cdecf3aa7a1c82ac4b03a66fa18f8c68703a59c8ebba9b5520e945d3c17375b3,ACT,,0.5,0.5,0.0,,0.5,0.0,1.0,0.5
PUBLIC_a1846ba02022ec35cdc5f7b0,TOWN05_JUNCTION_1126_UNIT01|CFG_LONGER_VS_STRAIGHTER|DC-M1V3-OBS-T05-J1126-A-20260804T063008Z|P1,Town05:junction:1126,HIST,7392748c3381d2f6582653c2e2cf83f4f29c214d1cef8216730da90e62e06092,IMMEDIATE_QUERY,TASK_DIVERGENT,True,DEFINED,BALANCED_COUNTERFACTUAL_INTENT_PAIR,2,cdecf3aa7a1c82ac4b03a66fa18f8c68703a59c8ebba9b5520e945d3c17375b3,ASK,,1.0,0.0,1.0,,0.0,0.0,1.0,1.0
PUBLIC_a1846ba02022ec35cdc5f7b0,TOWN05_JUNCTION_1126_UNIT01|CFG_LONGER_VS_STRAIGHTER|DC-M1V3-OBS-T05-J1126-A-20260804T063008Z|P1,Town05:junction:1126,HIST,7392748c3381d2f6582653c2e2cf83f4f29c214d1cef8216730da90e62e06092,DRIVECLARIFY,TASK_DIVERGENT,True,DEFINED,BALANCED_COUNTERFACTUAL_INTENT_PAIR,2,cdecf3aa7a1c82ac4b03a66fa18f8c68703a59c8ebba9b5520e945d3c17375b3,ASK,TASK_DIVERGENT,1.0,0.0,1.0,,0.0,0.0,1.0,1.0
PUBLIC_5ec34518cc7c798bb19f7bde,TOWN05_JUNCTION_1126_UNIT01|CFG_LONGER_VS_STRAIGHTER|DC-M1V3-OBS-T05-J1126-A-20260804T063008Z|P2,Town05:junction:1126,HIST,93f3d6700d9b65b4a3f749f4580b527a81f23f85c69caa2cf37b7770dd71f8e0,NO_CLARIFICATION,TASK_DIVERGENT,True,DEFINED,BALANCED_COUNTERFACTUAL_INTENT_PAIR,2,31cf4a20955afc6193bda6a19ee93e593803d0872664fd6c004f2156180151f7,ACT,,0.5,0.5,0.0,,0.5,0.0,1.0,0.5
PUBLIC_5ec34518cc7c798bb19f7bde,TOWN05_JUNCTION_1126_UNIT01|CFG_LONGER_VS_STRAIGHTER|DC-M1V3-OBS-T05-J1126-A-20260804T063008Z|P2,Town05:junction:1126,HIST,93f3d6700d9b65b4a3f749f4580b527a81f23f85c69caa2cf37b7770dd71f8e0,IMMEDIATE_QUERY,TASK_DIVERGENT,True,DEFINED,BALANCED_COUNTERFACTUAL_INTENT_PAIR,2,31cf4a20955afc6193bda6a19ee93e593803d0872664fd6c004f2156180151f7,ASK,,1.0,0.0,1.0,,0.0,0.0,1.0,1.0
PUBLIC_5ec34518cc7c798bb19f7bde,TOWN05_JUNCTION_1126_UNIT01|CFG_LONGER_VS_STRAIGHTER|DC-M1V3-OBS-T05-J1126-A-20260804T063008Z|P2,Town05:junction:1126,HIST,93f3d6700d9b65b4a3f749f4580b527a81f23f85c69caa2cf37b7770dd71f8e0,DRIVECLARIFY,TASK_DIVERGENT,True,DEFINED,BALANCED_COUNTERFACTUAL_INTENT_PAIR,2,31cf4a20955afc6193bda6a19ee93e593803d0872664fd6c004f2156180151f7,ASK,TASK_DIVERGENT,1.0,0.0,1.0,,0.0,0.0,1.0,1.0
PUBLIC_e5264cfb0c84c4846c5e3670,TOWN05_JUNCTION_1126_UNIT01|CFG_LONGER_VS_SHARPER|DC-M1V3-OBS-T05-J1126-A-20260804T063008Z|P1,Town05:junction:1126,HIST,9cca807e221bdcfc81ac01d5c2b8a103a0ba44cc9c64617e8de7770dbc3bd0fe,NO_CLARIFICATION,TASK_EQUIVALENT,True,DEFINED,EQUIVALENCE_CLASS_RESPONSE_A,1,31cf984c14a3bf434be607d3ceed57794937c2271eefacf99087713f87463a30,ACT,,1.0,0.0,0.0,0.0,,0.0,1.0,1.0
PUBLIC_e5264cfb0c84c4846c5e3670,TOWN05_JUNCTION_1126_UNIT01|CFG_LONGER_VS_SHARPER|DC-M1V3-OBS-T05-J1126-A-20260804T063008Z|P1,Town05:junction:1126,HIST,9cca807e221bdcfc81ac01d5c2b8a103a0ba44cc9c64617e8de7770dbc3bd0fe,IMMEDIATE_QUERY,TASK_EQUIVALENT,True,DEFINED,EQUIVALENCE_CLASS_RESPONSE_A,1,31cf984c14a3bf434be607d3ceed57794937c2271eefacf99087713f87463a30,ASK,,1.0,0.0,1.0,1.0,,0.0,1.0,1.0
PUBLIC_e5264cfb0c84c4846c5e3670,TOWN05_JUNCTION_1126_UNIT01|CFG_LONGER_VS_SHARPER|DC-M1V3-OBS-T05-J1126-A-20260804T063008Z|P1,Town05:junction:1126,HIST,9cca807e221bdcfc81ac01d5c2b8a103a0ba44cc9c64617e8de7770dbc3bd0fe,DRIVECLARIFY,TASK_EQUIVALENT,True,DEFINED,EQUIVALENCE_CLASS_RESPONSE_A,1,31cf984c14a3bf434be607d3ceed57794937c2271eefacf99087713f87463a30,ACT,TASK_EQUIVALENT,1.0,0.0,0.0,0.0,,0.0,1.0,1.0
PUBLIC_b59161059e0884aa343185e1,TOWN05_JUNCTION_1126_UNIT01|CFG_LONGER_VS_SHARPER|DC-M1V3-OBS-T05-J1126-A-20260804T063008Z|P2,Town05:junction:1126,HIST,47088e416f93d1e22f2e54d708095b0025bbd94cc826c7b14888fd791a62894d,NO_CLARIFICATION,TASK_EQUIVALENT,True,DEFINED,EQUIVALENCE_CLASS_RESPONSE_A,1,7e6df3ae5fbf7eb596f50379dfb7ddec96190688fa4e9f663b070db23e807a6a,ACT,,1.0,0.0,0.0,0.0,,0.0,1.0,1.0
PUBLIC_b59161059e0884aa343185e1,TOWN05_JUNCTION_1126_UNIT01|CFG_LONGER_VS_SHARPER|DC-M1V3-OBS-T05-J1126-A-20260804T063008Z|P2,Town05:junction:1126,HIST,47088e416f93d1e22f2e54d708095b0025bbd94cc826c7b14888fd791a62894d,IMMEDIATE_QUERY,TASK_EQUIVALENT,True,DEFINED,EQUIVALENCE_CLASS_RESPONSE_A,1,7e6df3ae5fbf7eb596f50379dfb7ddec96190688fa4e9f663b070db23e807a6a,ASK,,1.0,0.0,1.0,1.0,,0.0,1.0,1.0
PUBLIC_b59161059e0884aa343185e1,TOWN05_JUNCTION_1126_UNIT01|CFG_LONGER_VS_SHARPER|DC-M1V3-OBS-T05-J1126-A-20260804T063008Z|P2,Town05:junction:1126,HIST,47088e416f93d1e22f2e54d708095b0025bbd94cc826c7b14888fd791a62894d,DRIVECLARIFY,TASK_EQUIVALENT,True,DEFINED,EQUIVALENCE_CLASS_RESPONSE_A,1,7e6df3ae5fbf7eb596f50379dfb7ddec96190688fa4e9f663b070db23e807a6a,ACT,TASK_EQUIVALENT,1.0,0.0,0.0,0.0,,0.0,1.0,1.0
PUBLIC_0d25c3771a9571f06679f930,TOWN05_JUNCTION_1126_UNIT01|CFG_SAME_EXPRESSION|DC-M1V3-OBS-T05-J1126-A-20260804T063008Z|P1,Town05:junction:1126,HIST,bf109695f89aec949367488738ee10be6a593ca07a55e9c100ef46d84bd8e081,NO_CLARIFICATION,TASK_EQUIVALENT,True,DEFINED,EQUIVALENCE_CLASS_RESPONSE_A,1,b788fadf76f607fb17ec95302588ebd071c229667f343f08f3ea2c23b12468e1,ACT,,1.0,0.0,0.0,0.0,,0.0,1.0,1.0
PUBLIC_0d25c3771a9571f06679f930,TOWN05_JUNCTION_1126_UNIT01|CFG_SAME_EXPRESSION|DC-M1V3-OBS-T05-J1126-A-20260804T063008Z|P1,Town05:junction:1126,HIST,bf109695f89aec949367488738ee10be6a593ca07a55e9c100ef46d84bd8e081,IMMEDIATE_QUERY,TASK_EQUIVALENT,True,DEFINED,EQUIVALENCE_CLASS_RESPONSE_A,1,b788fadf76f607fb17ec95302588ebd071c229667f343f08f3ea2c23b12468e1,ASK,,1.0,0.0,1.0,1.0,,0.0,1.0,1.0
PUBLIC_0d25c3771a9571f06679f930,TOWN05_JUNCTION_1126_UNIT01|CFG_SAME_EXPRESSION|DC-M1V3-OBS-T05-J1126-A-20260804T063008Z|P1,Town05:junction:1126,HIST,bf109695f89aec949367488738ee10be6a593ca07a55e9c100ef46d84bd8e081,DRIVECLARIFY,TASK_EQUIVALENT,True,DEFINED,EQUIVALENCE_CLASS_RESPONSE_A,1,b788fadf76f607fb17ec95302588ebd071c229667f343f08f3ea2c23b12468e1,ACT,TASK_EQUIVALENT,1.0,0.0,0.0,0.0,,0.0,1.0,1.0
PUBLIC_480cd83272a6a6f732d3ecec,TOWN05_JUNCTION_1126_UNIT01|CFG_SAME_EXPRESSION|DC-M1V3-OBS-T05-J1126-A-20260804T063008Z|P2,Town05:junction:1126,HIST,903187f78489e15bf88c8a04ba06d0333ae21e1527da458f744b01a0faaeccdc,NO_CLARIFICATION,TASK_EQUIVALENT,True,DEFINED,EQUIVALENCE_CLASS_RESPONSE_A,1,4509d153c75dfe07c101d31c4c054bac11f6716b842b7360fb43c1e7e8a35c1a,ACT,,1.0,0.0,0.0,0.0,,0.0,1.0,1.0
PUBLIC_480cd83272a6a6f732d3ecec,TOWN05_JUNCTION_1126_UNIT01|CFG_SAME_EXPRESSION|DC-M1V3-OBS-T05-J1126-A-20260804T063008Z|P2,Town05:junction:1126,HIST,903187f78489e15bf88c8a04ba06d0333ae21e1527da458f744b01a0faaeccdc,IMMEDIATE_QUERY,TASK_EQUIVALENT,True,DEFINED,EQUIVALENCE_CLASS_RESPONSE_A,1,4509d153c75dfe07c101d31c4c054bac11f6716b842b7360fb43c1e7e8a35c1a,ASK,,1.0,0.0,1.0,1.0,,0.0,1.0,1.0
PUBLIC_480cd83272a6a6f732d3ecec,TOWN05_JUNCTION_1126_UNIT01|CFG_SAME_EXPRESSION|DC-M1V3-OBS-T05-J1126-A-20260804T063008Z|P2,Town05:junction:1126,HIST,903187f78489e15bf88c8a04ba06d0333ae21e1527da458f744b01a0faaeccdc,DRIVECLARIFY,TASK_EQUIVALENT,True,DEFINED,EQUIVALENCE_CLASS_RESPONSE_A,1,4509d153c75dfe07c101d31c4c054bac11f6716b842b7360fb43c1e7e8a35c1a,ACT,TASK_EQUIVALENT,1.0,0.0,0.0,0.0,,0.0,1.0,1.0
PUBLIC_5903a6fffcb3ea5f2e7b461b,TOWN05_JUNCTION_1126_UNIT01|CFG_EVIDENCE_INSUFFICIENT|DC-M1V3-OBS-T05-J1126-A-20260804T063008Z|P1,Town05:junction:1126,HIST,62b2526f49e47cbecf0ade4980274f9ec4df2382390257dbc4f4ba5f15b914b6,NO_CLARIFICATION,,False,LABEL_UNDEFINED_UNDER_ALLOWED_INPUTS,OUTPUT_ONLY_RESPONSE_A,1,1741194511dadf4e75e2b68c029b53ca97c6a7516b259b9fe79a21c5c07c56cf,ACT,,,,0.0,,,0.0,1.0,
PUBLIC_5903a6fffcb3ea5f2e7b461b,TOWN05_JUNCTION_1126_UNIT01|CFG_EVIDENCE_INSUFFICIENT|DC-M1V3-OBS-T05-J1126-A-20260804T063008Z|P1,Town05:junction:1126,HIST,62b2526f49e47cbecf0ade4980274f9ec4df2382390257dbc4f4ba5f15b914b6,IMMEDIATE_QUERY,,False,LABEL_UNDEFINED_UNDER_ALLOWED_INPUTS,OUTPUT_ONLY_RESPONSE_A,1,1741194511dadf4e75e2b68c029b53ca97c6a7516b259b9fe79a21c5c07c56cf,ASK,,,,1.0,,,0.0,1.0,
PUBLIC_5903a6fffcb3ea5f2e7b461b,TOWN05_JUNCTION_1126_UNIT01|CFG_EVIDENCE_INSUFFICIENT|DC-M1V3-OBS-T05-J1126-A-20260804T063008Z|P1,Town05:junction:1126,HIST,62b2526f49e47cbecf0ade4980274f9ec4df2382390257dbc4f4ba5f15b914b6,DRIVECLARIFY,,False,LABEL_UNDEFINED_UNDER_ALLOWED_INPUTS,OUTPUT_ONLY_RESPONSE_A,1,1741194511dadf4e75e2b68c029b53ca97c6a7516b259b9fe79a21c5c07c56cf,ABSTAIN,UNKNOWN,,,0.0,,,1.0,0.0,
PUBLIC_deb17bda8d2d38130fdec9ac,TOWN05_JUNCTION_1126_UNIT01|CFG_EVIDENCE_INSUFFICIENT|DC-M1V3-OBS-T05-J1126-A-20260804T063008Z|P2,Town05:junction:1126,HIST,d134399b81d0806d1bdbb93a9eb7dee273241cd3d95ec0eb8276560f7b040125,NO_CLARIFICATION,,False,LABEL_UNDEFINED_UNDER_ALLOWED_INPUTS,OUTPUT_ONLY_RESPONSE_A,1,5324abe6f95dcd205a5e28ccdd4d5c719e4731619bd030706690a24b778bccbb,ACT,,,,0.0,,,0.0,1.0,
PUBLIC_deb17bda8d2d38130fdec9ac,TOWN05_JUNCTION_1126_UNIT01|CFG_EVIDENCE_INSUFFICIENT|DC-M1V3-OBS-T05-J1126-A-20260804T063008Z|P2,Town05:junction:1126,HIST,d134399b81d0806d1bdbb93a9eb7dee273241cd3d95ec0eb8276560f7b040125,IMMEDIATE_QUERY,,False,LABEL_UNDEFINED_UNDER_ALLOWED_INPUTS,OUTPUT_ONLY_RESPONSE_A,1,5324abe6f95dcd205a5e28ccdd4d5c719e4731619bd030706690a24b778bccbb,ASK,,,,1.0,,,0.0,1.0,
PUBLIC_deb17bda8d2d38130fdec9ac,TOWN05_JUNCTION_1126_UNIT01|CFG_EVIDENCE_INSUFFICIENT|DC-M1V3-OBS-T05-J1126-A-20260804T063008Z|P2,Town05:junction:1126,HIST,d134399b81d0806d1bdbb93a9eb7dee273241cd3d95ec0eb8276560f7b040125,DRIVECLARIFY,,False,LABEL_UNDEFINED_UNDER_ALLOWED_INPUTS,OUTPUT_ONLY_RESPONSE_A,1,5324abe6f95dcd205a5e28ccdd4d5c719e4731619bd030706690a24b778bccbb,ABSTAIN,UNKNOWN,,,0.0,,,1.0,0.0,
PUBLIC_27b9b1fb683ebda7a9a365b4,TOWN05_JUNCTION_1292_UNIT01|CFG_LONGER_VS_STRAIGHTER|DC-M1V3-OBS-T05-J1292-A-20260804T063009Z|P1,Town05:junction:1292,HIST,f8c0422467f8f24763b071d88acb7e0683fc7734da1427df15ea8cad60dde8f4,NO_CLARIFICATION,TASK_EQUIVALENT,True,DEFINED,EQUIVALENCE_CLASS_RESPONSE_A,1,c7121e086afd6518e9ea99ed56b15484ebfac8420f06b1271850f767dabec49c,ACT,,1.0,0.0,0.0,0.0,,0.0,1.0,1.0
PUBLIC_27b9b1fb683ebda7a9a365b4,TOWN05_JUNCTION_1292_UNIT01|CFG_LONGER_VS_STRAIGHTER|DC-M1V3-OBS-T05-J1292-A-20260804T063009Z|P1,Town05:junction:1292,HIST,f8c0422467f8f24763b071d88acb7e0683fc7734da1427df15ea8cad60dde8f4,IMMEDIATE_QUERY,TASK_EQUIVALENT,True,DEFINED,EQUIVALENCE_CLASS_RESPONSE_A,1,c7121e086afd6518e9ea99ed56b15484ebfac8420f06b1271850f767dabec49c,ASK,,1.0,0.0,1.0,1.0,,0.0,1.0,1.0
PUBLIC_27b9b1fb683ebda7a9a365b4,TOWN05_JUNCTION_1292_UNIT01|CFG_LONGER_VS_STRAIGHTER|DC-M1V3-OBS-T05-J1292-A-20260804T063009Z|P1,Town05:junction:1292,HIST,f8c0422467f8f24763b071d88acb7e0683fc7734da1427df15ea8cad60dde8f4,DRIVECLARIFY,TASK_EQUIVALENT,True,DEFINED,EQUIVALENCE_CLASS_RESPONSE_A,1,c7121e086afd6518e9ea99ed56b15484ebfac8420f06b1271850f767dabec49c,ACT,TASK_EQUIVALENT,1.0,0.0,0.0,0.0,,0.0,1.0,1.0
PUBLIC_ded91ceb01373f16f1337c99,TOWN05_JUNCTION_1292_UNIT01|CFG_LONGER_VS_STRAIGHTER|DC-M1V3-OBS-T05-J1292-A-20260804T063009Z|P2,Town05:junction:1292,HIST,36ad4e21383781040516afb97b3cc16a3a1099fd1f3bddfe15ec62be2531fe31,NO_CLARIFICATION,TASK_EQUIVALENT,True,DEFINED,EQUIVALENCE_CLASS_RESPONSE_A,1,4332a3ed6e5c725be5cb34741604bda3cad454ff10afb74f83d9817f446fa807,ACT,,1.0,0.0,0.0,0.0,,0.0,1.0,1.0
PUBLIC_ded91ceb01373f16f1337c99,TOWN05_JUNCTION_1292_UNIT01|CFG_LONGER_VS_STRAIGHTER|DC-M1V3-OBS-T05-J1292-A-20260804T063009Z|P2,Town05:junction:1292,HIST,36ad4e21383781040516afb97b3cc16a3a1099fd1f3bddfe15ec62be2531fe31,IMMEDIATE_QUERY,TASK_EQUIVALENT,True,DEFINED,EQUIVALENCE_CLASS_RESPONSE_A,1,4332a3ed6e5c725be5cb34741604bda3cad454ff10afb74f83d9817f446fa807,ASK,,1.0,0.0,1.0,1.0,,0.0,1.0,1.0
PUBLIC_ded91ceb01373f16f1337c99,TOWN05_JUNCTION_1292_UNIT01|CFG_LONGER_VS_STRAIGHTER|DC-M1V3-OBS-T05-J1292-A-20260804T063009Z|P2,Town05:junction:1292,HIST,36ad4e21383781040516afb97b3cc16a3a1099fd1f3bddfe15ec62be2531fe31,DRIVECLARIFY,TASK_EQUIVALENT,True,DEFINED,EQUIVALENCE_CLASS_RESPONSE_A,1,4332a3ed6e5c725be5cb34741604bda3cad454ff10afb74f83d9817f446fa807,ACT,TASK_EQUIVALENT,1.0,0.0,0.0,0.0,,0.0,1.0,1.0
PUBLIC_3252dbf45051c04caa71563b,TOWN05_JUNCTION_1292_UNIT01|CFG_LONGER_VS_SHARPER|DC-M1V3-OBS-T05-J1292-A-20260804T063009Z|P1,Town05:junction:1292,HIST,687f44f540a3ae76eb6bc2f758afb331bde5ea12308c66e311591c3c07a80ef4,NO_CLARIFICATION,TASK_DIVERGENT,True,DEFINED,BALANCED_COUNTERFACTUAL_INTENT_PAIR,2,08a71383682ae239d4a6e0bb8446f53fc04bb4b4ff423baedbdfde62fa62d624,ACT,,0.5,0.5,0.0,,0.5,0.0,1.0,0.5
PUBLIC_3252dbf45051c04caa71563b,TOWN05_JUNCTION_1292_UNIT01|CFG_LONGER_VS_SHARPER|DC-M1V3-OBS-T05-J1292-A-20260804T063009Z|P1,Town05:junction:1292,HIST,687f44f540a3ae76eb6bc2f758afb331bde5ea12308c66e311591c3c07a80ef4,IMMEDIATE_QUERY,TASK_DIVERGENT,True,DEFINED,BALANCED_COUNTERFACTUAL_INTENT_PAIR,2,08a71383682ae239d4a6e0bb8446f53fc04bb4b4ff423baedbdfde62fa62d624,ASK,,1.0,0.0,1.0,,0.0,0.0,1.0,1.0
PUBLIC_3252dbf45051c04caa71563b,TOWN05_JUNCTION_1292_UNIT01|CFG_LONGER_VS_SHARPER|DC-M1V3-OBS-T05-J1292-A-20260804T063009Z|P1,Town05:junction:1292,HIST,687f44f540a3ae76eb6bc2f758afb331bde5ea12308c66e311591c3c07a80ef4,DRIVECLARIFY,TASK_DIVERGENT,True,DEFINED,BALANCED_COUNTERFACTUAL_INTENT_PAIR,2,08a71383682ae239d4a6e0bb8446f53fc04bb4b4ff423baedbdfde62fa62d624,ASK,TASK_DIVERGENT,1.0,0.0,1.0,,0.0,0.0,1.0,1.0
PUBLIC_e1a46d7c47cd515e0ad1bb46,TOWN05_JUNCTION_1292_UNIT01|CFG_LONGER_VS_SHARPER|DC-M1V3-OBS-T05-J1292-A-20260804T063009Z|P2,Town05:junction:1292,HIST,45e925f920fcaf6498e68112c82958b1ec454b900b1a4c1a34c79f9f75a5ca8f,NO_CLARIFICATION,TASK_DIVERGENT,True,DEFINED,BALANCED_COUNTERFACTUAL_INTENT_PAIR,2,48fa32db47bded795a238f689d62fddef44c3414d0fa0eb8c8eb316c7a7102fc,ACT,,0.5,0.5,0.0,,0.5,0.0,1.0,0.5
PUBLIC_e1a46d7c47cd515e0ad1bb46,TOWN05_JUNCTION_1292_UNIT01|CFG_LONGER_VS_SHARPER|DC-M1V3-OBS-T05-J1292-A-20260804T063009Z|P2,Town05:junction:1292,HIST,45e925f920fcaf6498e68112c82958b1ec454b900b1a4c1a34c79f9f75a5ca8f,IMMEDIATE_QUERY,TASK_DIVERGENT,True,DEFINED,BALANCED_COUNTERFACTUAL_INTENT_PAIR,2,48fa32db47bded795a238f689d62fddef44c3414d0fa0eb8c8eb316c7a7102fc,ASK,,1.0,0.0,1.0,,0.0,0.0,1.0,1.0
PUBLIC_e1a46d7c47cd515e0ad1bb46,TOWN05_JUNCTION_1292_UNIT01|CFG_LONGER_VS_SHARPER|DC-M1V3-OBS-T05-J1292-A-20260804T063009Z|P2,Town05:junction:1292,HIST,45e925f920fcaf6498e68112c82958b1ec454b900b1a4c1a34c79f9f75a5ca8f,DRIVECLARIFY,TASK_DIVERGENT,True,DEFINED,BALANCED_COUNTERFACTUAL_INTENT_PAIR,2,48fa32db47bded795a238f689d62fddef44c3414d0fa0eb8c8eb316c7a7102fc,ASK,TASK_DIVERGENT,1.0,0.0,1.0,,0.0,0.0,1.0,1.0
PUBLIC_dfe8153aa35bff0755945d4a,TOWN05_JUNCTION_1292_UNIT01|CFG_SAME_EXPRESSION|DC-M1V3-OBS-T05-J1292-A-20260804T063009Z|P1,Town05:junction:1292,HIST,aad4f4fb678701b1e06b5c59bbaa49edf39f6039ee3852d9f3c522fa518b531a,NO_CLARIFICATION,TASK_EQUIVALENT,True,DEFINED,EQUIVALENCE_CLASS_RESPONSE_A,1,2ec8146189e953c4127e99954c24228ccdf7bbcbf8096e458d1fb442ba178ebe,ACT,,1.0,0.0,0.0,0.0,,0.0,1.0,1.0
PUBLIC_dfe8153aa35bff0755945d4a,TOWN05_JUNCTION_1292_UNIT01|CFG_SAME_EXPRESSION|DC-M1V3-OBS-T05-J1292-A-20260804T063009Z|P1,Town05:junction:1292,HIST,aad4f4fb678701b1e06b5c59bbaa49edf39f6039ee3852d9f3c522fa518b531a,IMMEDIATE_QUERY,TASK_EQUIVALENT,True,DEFINED,EQUIVALENCE_CLASS_RESPONSE_A,1,2ec8146189e953c4127e99954c24228ccdf7bbcbf8096e458d1fb442ba178ebe,ASK,,1.0,0.0,1.0,1.0,,0.0,1.0,1.0
PUBLIC_dfe8153aa35bff0755945d4a,TOWN05_JUNCTION_1292_UNIT01|CFG_SAME_EXPRESSION|DC-M1V3-OBS-T05-J1292-A-20260804T063009Z|P1,Town05:junction:1292,HIST,aad4f4fb678701b1e06b5c59bbaa49edf39f6039ee3852d9f3c522fa518b531a,DRIVECLARIFY,TASK_EQUIVALENT,True,DEFINED,EQUIVALENCE_CLASS_RESPONSE_A,1,2ec8146189e953c4127e99954c24228ccdf7bbcbf8096e458d1fb442ba178ebe,ACT,TASK_EQUIVALENT,1.0,0.0,0.0,0.0,,0.0,1.0,1.0
PUBLIC_a64dfabbaa2bff2e07b61382,TOWN05_JUNCTION_1292_UNIT01|CFG_SAME_EXPRESSION|DC-M1V3-OBS-T05-J1292-A-20260804T063009Z|P2,Town05:junction:1292,HIST,982b6b8811be9957cc20f9e20b791e76aa78bbb5514211b1ccb2630408502269,NO_CLARIFICATION,TASK_EQUIVALENT,True,DEFINED,EQUIVALENCE_CLASS_RESPONSE_A,1,ab0bd7792651e59d5973533724409b8c70266cb5272140a3c1458c47e733158e,ACT,,1.0,0.0,0.0,0.0,,0.0,1.0,1.0
PUBLIC_a64dfabbaa2bff2e07b61382,TOWN05_JUNCTION_1292_UNIT01|CFG_SAME_EXPRESSION|DC-M1V3-OBS-T05-J1292-A-20260804T063009Z|P2,Town05:junction:1292,HIST,982b6b8811be9957cc20f9e20b791e76aa78bbb5514211b1ccb2630408502269,IMMEDIATE_QUERY,TASK_EQUIVALENT,True,DEFINED,EQUIVALENCE_CLASS_RESPONSE_A,1,ab0bd7792651e59d5973533724409b8c70266cb5272140a3c1458c47e733158e,ASK,,1.0,0.0,1.0,1.0,,0.0,1.0,1.0
PUBLIC_a64dfabbaa2bff2e07b61382,TOWN05_JUNCTION_1292_UNIT01|CFG_SAME_EXPRESSION|DC-M1V3-OBS-T05-J1292-A-20260804T063009Z|P2,Town05:junction:1292,HIST,982b6b8811be9957cc20f9e20b791e76aa78bbb5514211b1ccb2630408502269,DRIVECLARIFY,TASK_EQUIVALENT,True,DEFINED,EQUIVALENCE_CLASS_RESPONSE_A,1,ab0bd7792651e59d5973533724409b8c70266cb5272140a3c1458c47e733158e,ACT,TASK_EQUIVALENT,1.0,0.0,0.0,0.0,,0.0,1.0,1.0
PUBLIC_1af23f81bcff8bce627002ef,TOWN05_JUNCTION_1292_UNIT01|CFG_EVIDENCE_INSUFFICIENT|DC-M1V3-OBS-T05-J1292-A-20260804T063009Z|P1,Town05:junction:1292,HIST,5dc7e7f705d6778cd265e2b81245c88fdd3736232437246210197aac81f15e9d,NO_CLARIFICATION,,False,LABEL_UNDEFINED_UNDER_ALLOWED_INPUTS,OUTPUT_ONLY_RESPONSE_A,1,845822c1428019c07d6cec938d22a0faf838edaa7907f5024d7c2ed398c14e26,ACT,,,,0.0,,,0.0,1.0,
PUBLIC_1af23f81bcff8bce627002ef,TOWN05_JUNCTION_1292_UNIT01|CFG_EVIDENCE_INSUFFICIENT|DC-M1V3-OBS-T05-J1292-A-20260804T063009Z|P1,Town05:junction:1292,HIST,5dc7e7f705d6778cd265e2b81245c88fdd3736232437246210197aac81f15e9d,IMMEDIATE_QUERY,,False,LABEL_UNDEFINED_UNDER_ALLOWED_INPUTS,OUTPUT_ONLY_RESPONSE_A,1,845822c1428019c07d6cec938d22a0faf838edaa7907f5024d7c2ed398c14e26,ASK,,,,1.0,,,0.0,1.0,
PUBLIC_1af23f81bcff8bce627002ef,TOWN05_JUNCTION_1292_UNIT01|CFG_EVIDENCE_INSUFFICIENT|DC-M1V3-OBS-T05-J1292-A-20260804T063009Z|P1,Town05:junction:1292,HIST,5dc7e7f705d6778cd265e2b81245c88fdd3736232437246210197aac81f15e9d,DRIVECLARIFY,,False,LABEL_UNDEFINED_UNDER_ALLOWED_INPUTS,OUTPUT_ONLY_RESPONSE_A,1,845822c1428019c07d6cec938d22a0faf838edaa7907f5024d7c2ed398c14e26,ABSTAIN,UNKNOWN,,,0.0,,,1.0,0.0,
PUBLIC_ea3e6af0ec9b60511d4b1e15,TOWN05_JUNCTION_1292_UNIT01|CFG_EVIDENCE_INSUFFICIENT|DC-M1V3-OBS-T05-J1292-A-20260804T063009Z|P2,Town05:junction:1292,HIST,0c2ff5b52bf20be0a07a5ea8e08bc93a079bcbf20ec3ca79a9cb67cfb40f243b,NO_CLARIFICATION,,False,LABEL_UNDEFINED_UNDER_ALLOWED_INPUTS,OUTPUT_ONLY_RESPONSE_A,1,50bdc539becca44219dff3473a24bb4e48f8c86efbe7f44bb196f23a1348d9c9,ACT,,,,0.0,,,0.0,1.0,
PUBLIC_ea3e6af0ec9b60511d4b1e15,TOWN05_JUNCTION_1292_UNIT01|CFG_EVIDENCE_INSUFFICIENT|DC-M1V3-OBS-T05-J1292-A-20260804T063009Z|P2,Town05:junction:1292,HIST,0c2ff5b52bf20be0a07a5ea8e08bc93a079bcbf20ec3ca79a9cb67cfb40f243b,IMMEDIATE_QUERY,,False,LABEL_UNDEFINED_UNDER_ALLOWED_INPUTS,OUTPUT_ONLY_RESPONSE_A,1,50bdc539becca44219dff3473a24bb4e48f8c86efbe7f44bb196f23a1348d9c9,ASK,,,,1.0,,,0.0,1.0,
PUBLIC_ea3e6af0ec9b60511d4b1e15,TOWN05_JUNCTION_1292_UNIT01|CFG_EVIDENCE_INSUFFICIENT|DC-M1V3-OBS-T05-J1292-A-20260804T063009Z|P2,Town05:junction:1292,HIST,0c2ff5b52bf20be0a07a5ea8e08bc93a079bcbf20ec3ca79a9cb67cfb40f243b,DRIVECLARIFY,,False,LABEL_UNDEFINED_UNDER_ALLOWED_INPUTS,OUTPUT_ONLY_RESPONSE_A,1,50bdc539becca44219dff3473a24bb4e48f8c86efbe7f44bb196f23a1348d9c9,ABSTAIN,UNKNOWN,,,0.0,,,1.0,0.0,
PUBLIC_986e6b6be2a4136090c1ae63,TOWN05_JUNCTION_1882_UNIT01|CFG_LONGER_VS_STRAIGHTER|DC-M1V3-OBS-T05-J1882-A-20260804T063011Z|P1,Town05:junction:1882,HIST,0e45c48d5eed048b5a4833d53559ad4be95fcca837d54a2f3fe1f5d925b5c1f0,NO_CLARIFICATION,TASK_EQUIVALENT,True,DEFINED,EQUIVALENCE_CLASS_RESPONSE_A,1,12aa8755e2f950d138c387461150cedbe22ce8816d41f651d9dbab09f400e8b6,ACT,,1.0,0.0,0.0,0.0,,0.0,1.0,1.0
PUBLIC_986e6b6be2a4136090c1ae63,TOWN05_JUNCTION_1882_UNIT01|CFG_LONGER_VS_STRAIGHTER|DC-M1V3-OBS-T05-J1882-A-20260804T063011Z|P1,Town05:junction:1882,HIST,0e45c48d5eed048b5a4833d53559ad4be95fcca837d54a2f3fe1f5d925b5c1f0,IMMEDIATE_QUERY,TASK_EQUIVALENT,True,DEFINED,EQUIVALENCE_CLASS_RESPONSE_A,1,12aa8755e2f950d138c387461150cedbe22ce8816d41f651d9dbab09f400e8b6,ASK,,1.0,0.0,1.0,1.0,,0.0,1.0,1.0
PUBLIC_986e6b6be2a4136090c1ae63,TOWN05_JUNCTION_1882_UNIT01|CFG_LONGER_VS_STRAIGHTER|DC-M1V3-OBS-T05-J1882-A-20260804T063011Z|P1,Town05:junction:1882,HIST,0e45c48d5eed048b5a4833d53559ad4be95fcca837d54a2f3fe1f5d925b5c1f0,DRIVECLARIFY,TASK_EQUIVALENT,True,DEFINED,EQUIVALENCE_CLASS_RESPONSE_A,1,12aa8755e2f950d138c387461150cedbe22ce8816d41f651d9dbab09f400e8b6,ACT,TASK_EQUIVALENT,1.0,0.0,0.0,0.0,,0.0,1.0,1.0
PUBLIC_de2c4d01ed23bfa31d2d4564,TOWN05_JUNCTION_1882_UNIT01|CFG_LONGER_VS_STRAIGHTER|DC-M1V3-OBS-T05-J1882-A-20260804T063011Z|P2,Town05:junction:1882,HIST,76fc1c84905529aae6aebff864acdcbcb51fc7233f400646a1c3c39f079483b5,NO_CLARIFICATION,TASK_EQUIVALENT,True,DEFINED,EQUIVALENCE_CLASS_RESPONSE_A,1,5049a9a1f7c3ede64f4e20705c2635fcd2d38dd1452e81d1c4e2e901eb53898f,ACT,,1.0,0.0,0.0,0.0,,0.0,1.0,1.0
PUBLIC_de2c4d01ed23bfa31d2d4564,TOWN05_JUNCTION_1882_UNIT01|CFG_LONGER_VS_STRAIGHTER|DC-M1V3-OBS-T05-J1882-A-20260804T063011Z|P2,Town05:junction:1882,HIST,76fc1c84905529aae6aebff864acdcbcb51fc7233f400646a1c3c39f079483b5,IMMEDIATE_QUERY,TASK_EQUIVALENT,True,DEFINED,EQUIVALENCE_CLASS_RESPONSE_A,1,5049a9a1f7c3ede64f4e20705c2635fcd2d38dd1452e81d1c4e2e901eb53898f,ASK,,1.0,0.0,1.0,1.0,,0.0,1.0,1.0
PUBLIC_de2c4d01ed23bfa31d2d4564,TOWN05_JUNCTION_1882_UNIT01|CFG_LONGER_VS_STRAIGHTER|DC-M1V3-OBS-T05-J1882-A-20260804T063011Z|P2,Town05:junction:1882,HIST,76fc1c84905529aae6aebff864acdcbcb51fc7233f400646a1c3c39f079483b5,DRIVECLARIFY,TASK_EQUIVALENT,True,DEFINED,EQUIVALENCE_CLASS_RESPONSE_A,1,5049a9a1f7c3ede64f4e20705c2635fcd2d38dd1452e81d1c4e2e901eb53898f,ACT,TASK_EQUIVALENT,1.0,0.0,0.0,0.0,,0.0,1.0,1.0
PUBLIC_85bbdc22808bc0617a18c57a,TOWN05_JUNCTION_1882_UNIT01|CFG_LONGER_VS_SHARPER|DC-M1V3-OBS-T05-J1882-A-20260804T063011Z|P1,Town05:junction:1882,HIST,f5b3d042656b523b494a727908babb6e7c27027a4c65e1fe4033cb874cf5551c,NO_CLARIFICATION,TASK_DIVERGENT,True,DEFINED,BALANCED_COUNTERFACTUAL_INTENT_PAIR,2,a973ade2e1aa89648ebd0f3ccc912167c965f8a7f33be4272c1b2329f3194125,ACT,,0.5,0.5,0.0,,0.5,0.0,1.0,0.5
PUBLIC_85bbdc22808bc0617a18c57a,TOWN05_JUNCTION_1882_UNIT01|CFG_LONGER_VS_SHARPER|DC-M1V3-OBS-T05-J1882-A-20260804T063011Z|P1,Town05:junction:1882,HIST,f5b3d042656b523b494a727908babb6e7c27027a4c65e1fe4033cb874cf5551c,IMMEDIATE_QUERY,TASK_DIVERGENT,True,DEFINED,BALANCED_COUNTERFACTUAL_INTENT_PAIR,2,a973ade2e1aa89648ebd0f3ccc912167c965f8a7f33be4272c1b2329f3194125,ASK,,1.0,0.0,1.0,,0.0,0.0,1.0,1.0
PUBLIC_85bbdc22808bc0617a18c57a,TOWN05_JUNCTION_1882_UNIT01|CFG_LONGER_VS_SHARPER|DC-M1V3-OBS-T05-J1882-A-20260804T063011Z|P1,Town05:junction:1882,HIST,f5b3d042656b523b494a727908babb6e7c27027a4c65e1fe4033cb874cf5551c,DRIVECLARIFY,TASK_DIVERGENT,True,DEFINED,BALANCED_COUNTERFACTUAL_INTENT_PAIR,2,a973ade2e1aa89648ebd0f3ccc912167c965f8a7f33be4272c1b2329f3194125,ASK,TASK_DIVERGENT,1.0,0.0,1.0,,0.0,0.0,1.0,1.0
PUBLIC_4f9167c2e7566628a9052eac,TOWN05_JUNCTION_1882_UNIT01|CFG_LONGER_VS_SHARPER|DC-M1V3-OBS-T05-J1882-A-20260804T063011Z|P2,Town05:junction:1882,HIST,8aa55f9922325e84b420d687f5f437e2ba65cb545287db745aad7d8f5c056c03,NO_CLARIFICATION,TASK_DIVERGENT,True,DEFINED,BALANCED_COUNTERFACTUAL_INTENT_PAIR,2,717dad98be04cc9da95345499c27a1c39ba89c2c27227cc9009fbc8294a3dc02,ACT,,0.5,0.5,0.0,,0.5,0.0,1.0,0.5
PUBLIC_4f9167c2e7566628a9052eac,TOWN05_JUNCTION_1882_UNIT01|CFG_LONGER_VS_SHARPER|DC-M1V3-OBS-T05-J1882-A-20260804T063011Z|P2,Town05:junction:1882,HIST,8aa55f9922325e84b420d687f5f437e2ba65cb545287db745aad7d8f5c056c03,IMMEDIATE_QUERY,TASK_DIVERGENT,True,DEFINED,BALANCED_COUNTERFACTUAL_INTENT_PAIR,2,717dad98be04cc9da95345499c27a1c39ba89c2c27227cc9009fbc8294a3dc02,ASK,,1.0,0.0,1.0,,0.0,0.0,1.0,1.0
PUBLIC_4f9167c2e7566628a9052eac,TOWN05_JUNCTION_1882_UNIT01|CFG_LONGER_VS_SHARPER|DC-M1V3-OBS-T05-J1882-A-20260804T063011Z|P2,Town05:junction:1882,HIST,8aa55f9922325e84b420d687f5f437e2ba65cb545287db745aad7d8f5c056c03,DRIVECLARIFY,TASK_DIVERGENT,True,DEFINED,BALANCED_COUNTERFACTUAL_INTENT_PAIR,2,717dad98be04cc9da95345499c27a1c39ba89c2c27227cc9009fbc8294a3dc02,ASK,TASK_DIVERGENT,1.0,0.0,1.0,,0.0,0.0,1.0,1.0
PUBLIC_a72a18271e3975cb8ce1f061,TOWN05_JUNCTION_1882_UNIT01|CFG_SAME_EXPRESSION|DC-M1V3-OBS-T05-J1882-A-20260804T063011Z|P1,Town05:junction:1882,HIST,9628d22c55be83600e676033a8d5864fce579c41210b090eb93dc78d565c47dc,NO_CLARIFICATION,TASK_EQUIVALENT,True,DEFINED,EQUIVALENCE_CLASS_RESPONSE_A,1,294218079451ddaf98a3ebc3693d82cf4e2197526e7b49459adf50d06be42de6,ACT,,1.0,0.0,0.0,0.0,,0.0,1.0,1.0
PUBLIC_a72a18271e3975cb8ce1f061,TOWN05_JUNCTION_1882_UNIT01|CFG_SAME_EXPRESSION|DC-M1V3-OBS-T05-J1882-A-20260804T063011Z|P1,Town05:junction:1882,HIST,9628d22c55be83600e676033a8d5864fce579c41210b090eb93dc78d565c47dc,IMMEDIATE_QUERY,TASK_EQUIVALENT,True,DEFINED,EQUIVALENCE_CLASS_RESPONSE_A,1,294218079451ddaf98a3ebc3693d82cf4e2197526e7b49459adf50d06be42de6,ASK,,1.0,0.0,1.0,1.0,,0.0,1.0,1.0
PUBLIC_a72a18271e3975cb8ce1f061,TOWN05_JUNCTION_1882_UNIT01|CFG_SAME_EXPRESSION|DC-M1V3-OBS-T05-J1882-A-20260804T063011Z|P1,Town05:junction:1882,HIST,9628d22c55be83600e676033a8d5864fce579c41210b090eb93dc78d565c47dc,DRIVECLARIFY,TASK_EQUIVALENT,True,DEFINED,EQUIVALENCE_CLASS_RESPONSE_A,1,294218079451ddaf98a3ebc3693d82cf4e2197526e7b49459adf50d06be42de6,ACT,TASK_EQUIVALENT,1.0,0.0,0.0,0.0,,0.0,1.0,1.0
PUBLIC_c7b8cd8c4d986a2866fbe08d,TOWN05_JUNCTION_1882_UNIT01|CFG_SAME_EXPRESSION|DC-M1V3-OBS-T05-J1882-A-20260804T063011Z|P2,Town05:junction:1882,HIST,49d189bfcfd0891b6992a4ac9de70af4d0221de785f82c95350d7e95faaf33cc,NO_CLARIFICATION,TASK_EQUIVALENT,True,DEFINED,EQUIVALENCE_CLASS_RESPONSE_A,1,357887a635e7a9562ffb28bf36dafe79abdd9b8a937c9f3bdeaf02be969c797c,ACT,,1.0,0.0,0.0,0.0,,0.0,1.0,1.0
PUBLIC_c7b8cd8c4d986a2866fbe08d,TOWN05_JUNCTION_1882_UNIT01|CFG_SAME_EXPRESSION|DC-M1V3-OBS-T05-J1882-A-20260804T063011Z|P2,Town05:junction:1882,HIST,49d189bfcfd0891b6992a4ac9de70af4d0221de785f82c95350d7e95faaf33cc,IMMEDIATE_QUERY,TASK_EQUIVALENT,True,DEFINED,EQUIVALENCE_CLASS_RESPONSE_A,1,357887a635e7a9562ffb28bf36dafe79abdd9b8a937c9f3bdeaf02be969c797c,ASK,,1.0,0.0,1.0,1.0,,0.0,1.0,1.0
PUBLIC_c7b8cd8c4d986a2866fbe08d,TOWN05_JUNCTION_1882_UNIT01|CFG_SAME_EXPRESSION|DC-M1V3-OBS-T05-J1882-A-20260804T063011Z|P2,Town05:junction:1882,HIST,49d189bfcfd0891b6992a4ac9de70af4d0221de785f82c95350d7e95faaf33cc,DRIVECLARIFY,TASK_EQUIVALENT,True,DEFINED,EQUIVALENCE_CLASS_RESPONSE_A,1,357887a635e7a9562ffb28bf36dafe79abdd9b8a937c9f3bdeaf02be969c797c,ACT,TASK_EQUIVALENT,1.0,0.0,0.0,0.0,,0.0,1.0,1.0
PUBLIC_953a046c215ed16ca0f9583c,TOWN05_JUNCTION_1882_UNIT01|CFG_EVIDENCE_INSUFFICIENT|DC-M1V3-OBS-T05-J1882-A-20260804T063011Z|P1,Town05:junction:1882,HIST,46737c4396995a29433dec763bd20de61e31cbeb7f543dcdd212030fe62655d6,NO_CLARIFICATION,,False,LABEL_UNDEFINED_UNDER_ALLOWED_INPUTS,OUTPUT_ONLY_RESPONSE_A,1,1294d5795a71f6599d2c5f002085b9f6b31921ddec1d433c198ce854a247a583,ACT,,,,0.0,,,0.0,1.0,
PUBLIC_953a046c215ed16ca0f9583c,TOWN05_JUNCTION_1882_UNIT01|CFG_EVIDENCE_INSUFFICIENT|DC-M1V3-OBS-T05-J1882-A-20260804T063011Z|P1,Town05:junction:1882,HIST,46737c4396995a29433dec763bd20de61e31cbeb7f543dcdd212030fe62655d6,IMMEDIATE_QUERY,,False,LABEL_UNDEFINED_UNDER_ALLOWED_INPUTS,OUTPUT_ONLY_RESPONSE_A,1,1294d5795a71f6599d2c5f002085b9f6b31921ddec1d433c198ce854a247a583,ASK,,,,1.0,,,0.0,1.0,
PUBLIC_953a046c215ed16ca0f9583c,TOWN05_JUNCTION_1882_UNIT01|CFG_EVIDENCE_INSUFFICIENT|DC-M1V3-OBS-T05-J1882-A-20260804T063011Z|P1,Town05:junction:1882,HIST,46737c4396995a29433dec763bd20de61e31cbeb7f543dcdd212030fe62655d6,DRIVECLARIFY,,False,LABEL_UNDEFINED_UNDER_ALLOWED_INPUTS,OUTPUT_ONLY_RESPONSE_A,1,1294d5795a71f6599d2c5f002085b9f6b31921ddec1d433c198ce854a247a583,ABSTAIN,UNKNOWN,,,0.0,,,1.0,0.0,
PUBLIC_68e982eae200af07a48b3190,TOWN05_JUNCTION_1882_UNIT01|CFG_EVIDENCE_INSUFFICIENT|DC-M1V3-OBS-T05-J1882-A-20260804T063011Z|P2,Town05:junction:1882,HIST,a40f95188bb204652964fda8bfc6bdb0e4eed9c2150439bfa311f436f4fa8d7a,NO_CLARIFICATION,,False,LABEL_UNDEFINED_UNDER_ALLOWED_INPUTS,OUTPUT_ONLY_RESPONSE_A,1,970afc2afded499332df82669ccbbb5b68bcf60a767899feef1f7b82770a7818,ACT,,,,0.0,,,0.0,1.0,
PUBLIC_68e982eae200af07a48b3190,TOWN05_JUNCTION_1882_UNIT01|CFG_EVIDENCE_INSUFFICIENT|DC-M1V3-OBS-T05-J1882-A-20260804T063011Z|P2,Town05:junction:1882,HIST,a40f95188bb204652964fda8bfc6bdb0e4eed9c2150439bfa311f436f4fa8d7a,IMMEDIATE_QUERY,,False,LABEL_UNDEFINED_UNDER_ALLOWED_INPUTS,OUTPUT_ONLY_RESPONSE_A,1,970afc2afded499332df82669ccbbb5b68bcf60a767899feef1f7b82770a7818,ASK,,,,1.0,,,0.0,1.0,
PUBLIC_68e982eae200af07a48b3190,TOWN05_JUNCTION_1882_UNIT01|CFG_EVIDENCE_INSUFFICIENT|DC-M1V3-OBS-T05-J1882-A-20260804T063011Z|P2,Town05:junction:1882,HIST,a40f95188bb204652964fda8bfc6bdb0e4eed9c2150439bfa311f436f4fa8d7a,DRIVECLARIFY,,False,LABEL_UNDEFINED_UNDER_ALLOWED_INPUTS,OUTPUT_ONLY_RESPONSE_A,1,970afc2afded499332df82669ccbbb5b68bcf60a767899feef1f7b82770a7818,ABSTAIN,UNKNOWN,,,0.0,,,1.0,0.0,
PUBLIC_da82ee45cf40519a880a1bf3,TOWN05_JUNCTION_1930_UNIT01|CFG_LONGER_VS_STRAIGHTER|DC-M1V3-OBS-T05-J1930-A-20260804T063012Z|P1,Town05:junction:1930,HIST,63858aa4d0e0684bae94a3acdcdb39734467f56ca6cb1c4f4646b4a3daf6f5d5,NO_CLARIFICATION,TASK_DIVERGENT,True,DEFINED,BALANCED_COUNTERFACTUAL_INTENT_PAIR,2,f36aa09cb3660a495b4a3d73907470b21a973a76b8cd4219b911e1e9dd98adf1,ACT,,0.5,0.5,0.0,,0.5,0.0,1.0,0.5
PUBLIC_da82ee45cf40519a880a1bf3,TOWN05_JUNCTION_1930_UNIT01|CFG_LONGER_VS_STRAIGHTER|DC-M1V3-OBS-T05-J1930-A-20260804T063012Z|P1,Town05:junction:1930,HIST,63858aa4d0e0684bae94a3acdcdb39734467f56ca6cb1c4f4646b4a3daf6f5d5,IMMEDIATE_QUERY,TASK_DIVERGENT,True,DEFINED,BALANCED_COUNTERFACTUAL_INTENT_PAIR,2,f36aa09cb3660a495b4a3d73907470b21a973a76b8cd4219b911e1e9dd98adf1,ASK,,1.0,0.0,1.0,,0.0,0.0,1.0,1.0
PUBLIC_da82ee45cf40519a880a1bf3,TOWN05_JUNCTION_1930_UNIT01|CFG_LONGER_VS_STRAIGHTER|DC-M1V3-OBS-T05-J1930-A-20260804T063012Z|P1,Town05:junction:1930,HIST,63858aa4d0e0684bae94a3acdcdb39734467f56ca6cb1c4f4646b4a3daf6f5d5,DRIVECLARIFY,TASK_DIVERGENT,True,DEFINED,BALANCED_COUNTERFACTUAL_INTENT_PAIR,2,f36aa09cb3660a495b4a3d73907470b21a973a76b8cd4219b911e1e9dd98adf1,ASK,TASK_DIVERGENT,1.0,0.0,1.0,,0.0,0.0,1.0,1.0
PUBLIC_447146a6746e730fa99eda74,TOWN05_JUNCTION_1930_UNIT01|CFG_LONGER_VS_STRAIGHTER|DC-M1V3-OBS-T05-J1930-A-20260804T063012Z|P2,Town05:junction:1930,HIST,7c44051039cff93b629beaca8e85ea1ee3d4bdf62927b6e9ac5a484f3f30cad5,NO_CLARIFICATION,TASK_DIVERGENT,True,DEFINED,BALANCED_COUNTERFACTUAL_INTENT_PAIR,2,0bbe3fbefec65ba74591f61d59686114926e3a55a080606e06de5a0fa8bdf8f7,ACT,,0.5,0.5,0.0,,0.5,0.0,1.0,0.5
PUBLIC_447146a6746e730fa99eda74,TOWN05_JUNCTION_1930_UNIT01|CFG_LONGER_VS_STRAIGHTER|DC-M1V3-OBS-T05-J1930-A-20260804T063012Z|P2,Town05:junction:1930,HIST,7c44051039cff93b629beaca8e85ea1ee3d4bdf62927b6e9ac5a484f3f30cad5,IMMEDIATE_QUERY,TASK_DIVERGENT,True,DEFINED,BALANCED_COUNTERFACTUAL_INTENT_PAIR,2,0bbe3fbefec65ba74591f61d59686114926e3a55a080606e06de5a0fa8bdf8f7,ASK,,1.0,0.0,1.0,,0.0,0.0,1.0,1.0
PUBLIC_447146a6746e730fa99eda74,TOWN05_JUNCTION_1930_UNIT01|CFG_LONGER_VS_STRAIGHTER|DC-M1V3-OBS-T05-J1930-A-20260804T063012Z|P2,Town05:junction:1930,HIST,7c44051039cff93b629beaca8e85ea1ee3d4bdf62927b6e9ac5a484f3f30cad5,DRIVECLARIFY,TASK_DIVERGENT,True,DEFINED,BALANCED_COUNTERFACTUAL_INTENT_PAIR,2,0bbe3fbefec65ba74591f61d59686114926e3a55a080606e06de5a0fa8bdf8f7,ASK,TASK_DIVERGENT,1.0,0.0,1.0,,0.0,0.0,1.0,1.0
PUBLIC_6943cbfc9dad4f669a865a55,TOWN05_JUNCTION_1930_UNIT01|CFG_LONGER_VS_SHARPER|DC-M1V3-OBS-T05-J1930-A-20260804T063012Z|P1,Town05:junction:1930,HIST,21d91d2852b7dfe6e631514e80b292f2abcd7b58c0a448d9c832ccf8306ab051,NO_CLARIFICATION,TASK_EQUIVALENT,True,DEFINED,EQUIVALENCE_CLASS_RESPONSE_A,1,fbceac4bd887b7b3af4e87ddb9c4f552a69cffc4c2db13cd005017eb870eb16c,ACT,,1.0,0.0,0.0,0.0,,0.0,1.0,1.0
PUBLIC_6943cbfc9dad4f669a865a55,TOWN05_JUNCTION_1930_UNIT01|CFG_LONGER_VS_SHARPER|DC-M1V3-OBS-T05-J1930-A-20260804T063012Z|P1,Town05:junction:1930,HIST,21d91d2852b7dfe6e631514e80b292f2abcd7b58c0a448d9c832ccf8306ab051,IMMEDIATE_QUERY,TASK_EQUIVALENT,True,DEFINED,EQUIVALENCE_CLASS_RESPONSE_A,1,fbceac4bd887b7b3af4e87ddb9c4f552a69cffc4c2db13cd005017eb870eb16c,ASK,,1.0,0.0,1.0,1.0,,0.0,1.0,1.0
PUBLIC_6943cbfc9dad4f669a865a55,TOWN05_JUNCTION_1930_UNIT01|CFG_LONGER_VS_SHARPER|DC-M1V3-OBS-T05-J1930-A-20260804T063012Z|P1,Town05:junction:1930,HIST,21d91d2852b7dfe6e631514e80b292f2abcd7b58c0a448d9c832ccf8306ab051,DRIVECLARIFY,TASK_EQUIVALENT,True,DEFINED,EQUIVALENCE_CLASS_RESPONSE_A,1,fbceac4bd887b7b3af4e87ddb9c4f552a69cffc4c2db13cd005017eb870eb16c,ACT,TASK_EQUIVALENT,1.0,0.0,0.0,0.0,,0.0,1.0,1.0
PUBLIC_4789fe4be593ace1545bc4a0,TOWN05_JUNCTION_1930_UNIT01|CFG_LONGER_VS_SHARPER|DC-M1V3-OBS-T05-J1930-A-20260804T063012Z|P2,Town05:junction:1930,HIST,69b505d6cdd1d1a8db36ab6ce57ac9c35efd38a79832ddd6e22fb99ddf15f9c6,NO_CLARIFICATION,TASK_EQUIVALENT,True,DEFINED,EQUIVALENCE_CLASS_RESPONSE_A,1,119ad75f0f282c33b57868c37fbeb248eef1f4398135034cc5d8e543c6585654,ACT,,1.0,0.0,0.0,0.0,,0.0,1.0,1.0
PUBLIC_4789fe4be593ace1545bc4a0,TOWN05_JUNCTION_1930_UNIT01|CFG_LONGER_VS_SHARPER|DC-M1V3-OBS-T05-J1930-A-20260804T063012Z|P2,Town05:junction:1930,HIST,69b505d6cdd1d1a8db36ab6ce57ac9c35efd38a79832ddd6e22fb99ddf15f9c6,IMMEDIATE_QUERY,TASK_EQUIVALENT,True,DEFINED,EQUIVALENCE_CLASS_RESPONSE_A,1,119ad75f0f282c33b57868c37fbeb248eef1f4398135034cc5d8e543c6585654,ASK,,1.0,0.0,1.0,1.0,,0.0,1.0,1.0
PUBLIC_4789fe4be593ace1545bc4a0,TOWN05_JUNCTION_1930_UNIT01|CFG_LONGER_VS_SHARPER|DC-M1V3-OBS-T05-J1930-A-20260804T063012Z|P2,Town05:junction:1930,HIST,69b505d6cdd1d1a8db36ab6ce57ac9c35efd38a79832ddd6e22fb99ddf15f9c6,DRIVECLARIFY,TASK_EQUIVALENT,True,DEFINED,EQUIVALENCE_CLASS_RESPONSE_A,1,119ad75f0f282c33b57868c37fbeb248eef1f4398135034cc5d8e543c6585654,ACT,TASK_EQUIVALENT,1.0,0.0,0.0,0.0,,0.0,1.0,1.0
PUBLIC_1540588c85e99a8dc3b65879,TOWN05_JUNCTION_1930_UNIT01|CFG_SAME_EXPRESSION|DC-M1V3-OBS-T05-J1930-A-20260804T063012Z|P1,Town05:junction:1930,HIST,6ccddad9fd5e77a81ef6cc759ce0feb35a44a7350261bb2d5962aad75ddbd7c2,NO_CLARIFICATION,TASK_EQUIVALENT,True,DEFINED,EQUIVALENCE_CLASS_RESPONSE_A,1,45592ff288fb2f04a0e590c8495724bdb155dbc0f26fcd4fb651e7c0bc81924f,ACT,,1.0,0.0,0.0,0.0,,0.0,1.0,1.0
PUBLIC_1540588c85e99a8dc3b65879,TOWN05_JUNCTION_1930_UNIT01|CFG_SAME_EXPRESSION|DC-M1V3-OBS-T05-J1930-A-20260804T063012Z|P1,Town05:junction:1930,HIST,6ccddad9fd5e77a81ef6cc759ce0feb35a44a7350261bb2d5962aad75ddbd7c2,IMMEDIATE_QUERY,TASK_EQUIVALENT,True,DEFINED,EQUIVALENCE_CLASS_RESPONSE_A,1,45592ff288fb2f04a0e590c8495724bdb155dbc0f26fcd4fb651e7c0bc81924f,ASK,,1.0,0.0,1.0,1.0,,0.0,1.0,1.0
PUBLIC_1540588c85e99a8dc3b65879,TOWN05_JUNCTION_1930_UNIT01|CFG_SAME_EXPRESSION|DC-M1V3-OBS-T05-J1930-A-20260804T063012Z|P1,Town05:junction:1930,HIST,6ccddad9fd5e77a81ef6cc759ce0feb35a44a7350261bb2d5962aad75ddbd7c2,DRIVECLARIFY,TASK_EQUIVALENT,True,DEFINED,EQUIVALENCE_CLASS_RESPONSE_A,1,45592ff288fb2f04a0e590c8495724bdb155dbc0f26fcd4fb651e7c0bc81924f,ACT,TASK_EQUIVALENT,1.0,0.0,0.0,0.0,,0.0,1.0,1.0
PUBLIC_38aa22ae508e2c99cb62e594,TOWN05_JUNCTION_1930_UNIT01|CFG_SAME_EXPRESSION|DC-M1V3-OBS-T05-J1930-A-20260804T063012Z|P2,Town05:junction:1930,HIST,51b700826482652489b742756566c68baa0398351d32d2ce975862f931dbd714,NO_CLARIFICATION,TASK_EQUIVALENT,True,DEFINED,EQUIVALENCE_CLASS_RESPONSE_A,1,bcdb7bc8e0383a8ac7146d65b865e5c96f8c0eb127a2223c1c7bb5c04ad093cd,ACT,,1.0,0.0,0.0,0.0,,0.0,1.0,1.0
PUBLIC_38aa22ae508e2c99cb62e594,TOWN05_JUNCTION_1930_UNIT01|CFG_SAME_EXPRESSION|DC-M1V3-OBS-T05-J1930-A-20260804T063012Z|P2,Town05:junction:1930,HIST,51b700826482652489b742756566c68baa0398351d32d2ce975862f931dbd714,IMMEDIATE_QUERY,TASK_EQUIVALENT,True,DEFINED,EQUIVALENCE_CLASS_RESPONSE_A,1,bcdb7bc8e0383a8ac7146d65b865e5c96f8c0eb127a2223c1c7bb5c04ad093cd,ASK,,1.0,0.0,1.0,1.0,,0.0,1.0,1.0
PUBLIC_38aa22ae508e2c99cb62e594,TOWN05_JUNCTION_1930_UNIT01|CFG_SAME_EXPRESSION|DC-M1V3-OBS-T05-J1930-A-20260804T063012Z|P2,Town05:junction:1930,HIST,51b700826482652489b742756566c68baa0398351d32d2ce975862f931dbd714,DRIVECLARIFY,TASK_EQUIVALENT,True,DEFINED,EQUIVALENCE_CLASS_RESPONSE_A,1,bcdb7bc8e0383a8ac7146d65b865e5c96f8c0eb127a2223c1c7bb5c04ad093cd,ACT,TASK_EQUIVALENT,1.0,0.0,0.0,0.0,,0.0,1.0,1.0
PUBLIC_2dd75e3155ebd7ff37dac96e,TOWN05_JUNCTION_1930_UNIT01|CFG_EVIDENCE_INSUFFICIENT|DC-M1V3-OBS-T05-J1930-A-20260804T063012Z|P1,Town05:junction:1930,HIST,804ea3d1ca5b8b661af0150e18cea64ccbca6c9075d0758921bfcbeae26f0fea,NO_CLARIFICATION,,False,LABEL_UNDEFINED_UNDER_ALLOWED_INPUTS,OUTPUT_ONLY_RESPONSE_A,1,8be13f429e554a28661366e19c49c189b722e1720b466309c317ec11ddef0453,ACT,,,,0.0,,,0.0,1.0,
PUBLIC_2dd75e3155ebd7ff37dac96e,TOWN05_JUNCTION_1930_UNIT01|CFG_EVIDENCE_INSUFFICIENT|DC-M1V3-OBS-T05-J1930-A-20260804T063012Z|P1,Town05:junction:1930,HIST,804ea3d1ca5b8b661af0150e18cea64ccbca6c9075d0758921bfcbeae26f0fea,IMMEDIATE_QUERY,,False,LABEL_UNDEFINED_UNDER_ALLOWED_INPUTS,OUTPUT_ONLY_RESPONSE_A,1,8be13f429e554a28661366e19c49c189b722e1720b466309c317ec11ddef0453,ASK,,,,1.0,,,0.0,1.0,
PUBLIC_2dd75e3155ebd7ff37dac96e,TOWN05_JUNCTION_1930_UNIT01|CFG_EVIDENCE_INSUFFICIENT|DC-M1V3-OBS-T05-J1930-A-20260804T063012Z|P1,Town05:junction:1930,HIST,804ea3d1ca5b8b661af0150e18cea64ccbca6c9075d0758921bfcbeae26f0fea,DRIVECLARIFY,,False,LABEL_UNDEFINED_UNDER_ALLOWED_INPUTS,OUTPUT_ONLY_RESPONSE_A,1,8be13f429e554a28661366e19c49c189b722e1720b466309c317ec11ddef0453,ABSTAIN,UNKNOWN,,,0.0,,,1.0,0.0,
PUBLIC_8ad15ba83881138724d565bf,TOWN05_JUNCTION_1930_UNIT01|CFG_EVIDENCE_INSUFFICIENT|DC-M1V3-OBS-T05-J1930-A-20260804T063012Z|P2,Town05:junction:1930,HIST,7b14df96992944234f49c5eceaca91efbeb49a3a21dbc690654e8cf3c3ae60af,NO_CLARIFICATION,,False,LABEL_UNDEFINED_UNDER_ALLOWED_INPUTS,OUTPUT_ONLY_RESPONSE_A,1,d92dbea749d6d06119f6ee303133981d45b19d8bfcb0a8e1c38890fbcf925aa0,ACT,,,,0.0,,,0.0,1.0,
PUBLIC_8ad15ba83881138724d565bf,TOWN05_JUNCTION_1930_UNIT01|CFG_EVIDENCE_INSUFFICIENT|DC-M1V3-OBS-T05-J1930-A-20260804T063012Z|P2,Town05:junction:1930,HIST,7b14df96992944234f49c5eceaca91efbeb49a3a21dbc690654e8cf3c3ae60af,IMMEDIATE_QUERY,,False,LABEL_UNDEFINED_UNDER_ALLOWED_INPUTS,OUTPUT_ONLY_RESPONSE_A,1,d92dbea749d6d06119f6ee303133981d45b19d8bfcb0a8e1c38890fbcf925aa0,ASK,,,,1.0,,,0.0,1.0,
PUBLIC_8ad15ba83881138724d565bf,TOWN05_JUNCTION_1930_UNIT01|CFG_EVIDENCE_INSUFFICIENT|DC-M1V3-OBS-T05-J1930-A-20260804T063012Z|P2,Town05:junction:1930,HIST,7b14df96992944234f49c5eceaca91efbeb49a3a21dbc690654e8cf3c3ae60af,DRIVECLARIFY,,False,LABEL_UNDEFINED_UNDER_ALLOWED_INPUTS,OUTPUT_ONLY_RESPONSE_A,1,d92dbea749d6d06119f6ee303133981d45b19d8bfcb0a8e1c38890fbcf925aa0,ABSTAIN,UNKNOWN,,,0.0,,,1.0,0.0,
PUBLIC_bf1fef16468bcfd86f535b77,TOWN06_JUNCTION_838_UNIT01|CFG_LONGER_VS_STRAIGHTER|DC-M1V3-OBS-T06-J838-A-20260804T063014Z|P1,Town06:junction:838,HIST,02318b31e913ce9f764c1e26ca7ffd0c82c535288aaa14a5f669f2c068db1c89,NO_CLARIFICATION,TASK_EQUIVALENT,True,DEFINED,EQUIVALENCE_CLASS_RESPONSE_A,1,b7b67b8a6752e44a45c4aeac646aa187fac836fcfc8c3d51071d01fe2d09d1cb,ACT,,1.0,0.0,0.0,0.0,,0.0,1.0,1.0
PUBLIC_bf1fef16468bcfd86f535b77,TOWN06_JUNCTION_838_UNIT01|CFG_LONGER_VS_STRAIGHTER|DC-M1V3-OBS-T06-J838-A-20260804T063014Z|P1,Town06:junction:838,HIST,02318b31e913ce9f764c1e26ca7ffd0c82c535288aaa14a5f669f2c068db1c89,IMMEDIATE_QUERY,TASK_EQUIVALENT,True,DEFINED,EQUIVALENCE_CLASS_RESPONSE_A,1,b7b67b8a6752e44a45c4aeac646aa187fac836fcfc8c3d51071d01fe2d09d1cb,ASK,,1.0,0.0,1.0,1.0,,0.0,1.0,1.0
PUBLIC_bf1fef16468bcfd86f535b77,TOWN06_JUNCTION_838_UNIT01|CFG_LONGER_VS_STRAIGHTER|DC-M1V3-OBS-T06-J838-A-20260804T063014Z|P1,Town06:junction:838,HIST,02318b31e913ce9f764c1e26ca7ffd0c82c535288aaa14a5f669f2c068db1c89,DRIVECLARIFY,TASK_EQUIVALENT,True,DEFINED,EQUIVALENCE_CLASS_RESPONSE_A,1,b7b67b8a6752e44a45c4aeac646aa187fac836fcfc8c3d51071d01fe2d09d1cb,ACT,TASK_EQUIVALENT,1.0,0.0,0.0,0.0,,0.0,1.0,1.0
PUBLIC_7d54e7c9dce9040eedf6240f,TOWN06_JUNCTION_838_UNIT01|CFG_LONGER_VS_STRAIGHTER|DC-M1V3-OBS-T06-J838-A-20260804T063014Z|P2,Town06:junction:838,HIST,956c471556dbee8c46aaf262211ef881b88cee8ae07204371598fa72ab44aa4c,NO_CLARIFICATION,TASK_EQUIVALENT,True,DEFINED,EQUIVALENCE_CLASS_RESPONSE_A,1,fe96e969297cc1e1221dd8ef40320dae66ef2c00cffad99f60c5b640de6fe8d2,ACT,,1.0,0.0,0.0,0.0,,0.0,1.0,1.0
PUBLIC_7d54e7c9dce9040eedf6240f,TOWN06_JUNCTION_838_UNIT01|CFG_LONGER_VS_STRAIGHTER|DC-M1V3-OBS-T06-J838-A-20260804T063014Z|P2,Town06:junction:838,HIST,956c471556dbee8c46aaf262211ef881b88cee8ae07204371598fa72ab44aa4c,IMMEDIATE_QUERY,TASK_EQUIVALENT,True,DEFINED,EQUIVALENCE_CLASS_RESPONSE_A,1,fe96e969297cc1e1221dd8ef40320dae66ef2c00cffad99f60c5b640de6fe8d2,ASK,,1.0,0.0,1.0,1.0,,0.0,1.0,1.0
PUBLIC_7d54e7c9dce9040eedf6240f,TOWN06_JUNCTION_838_UNIT01|CFG_LONGER_VS_STRAIGHTER|DC-M1V3-OBS-T06-J838-A-20260804T063014Z|P2,Town06:junction:838,HIST,956c471556dbee8c46aaf262211ef881b88cee8ae07204371598fa72ab44aa4c,DRIVECLARIFY,TASK_EQUIVALENT,True,DEFINED,EQUIVALENCE_CLASS_RESPONSE_A,1,fe96e969297cc1e1221dd8ef40320dae66ef2c00cffad99f60c5b640de6fe8d2,ACT,TASK_EQUIVALENT,1.0,0.0,0.0,0.0,,0.0,1.0,1.0
PUBLIC_8a703ad0de19c1add81694cb,TOWN06_JUNCTION_838_UNIT01|CFG_LONGER_VS_SHARPER|DC-M1V3-OBS-T06-J838-A-20260804T063014Z|P1,Town06:junction:838,HIST,4a7b788e0c0fb5c4c4518ecbab2da2b42e58e8703247183d98af8ee5adf988e4,NO_CLARIFICATION,TASK_DIVERGENT,True,DEFINED,BALANCED_COUNTERFACTUAL_INTENT_PAIR,2,2339b902cbc4005de307582cb06152766fb4be8c2869579f9dd43abeca1e1fb6,ACT,,0.5,0.5,0.0,,0.5,0.0,1.0,0.5
PUBLIC_8a703ad0de19c1add81694cb,TOWN06_JUNCTION_838_UNIT01|CFG_LONGER_VS_SHARPER|DC-M1V3-OBS-T06-J838-A-20260804T063014Z|P1,Town06:junction:838,HIST,4a7b788e0c0fb5c4c4518ecbab2da2b42e58e8703247183d98af8ee5adf988e4,IMMEDIATE_QUERY,TASK_DIVERGENT,True,DEFINED,BALANCED_COUNTERFACTUAL_INTENT_PAIR,2,2339b902cbc4005de307582cb06152766fb4be8c2869579f9dd43abeca1e1fb6,ASK,,1.0,0.0,1.0,,0.0,0.0,1.0,1.0
PUBLIC_8a703ad0de19c1add81694cb,TOWN06_JUNCTION_838_UNIT01|CFG_LONGER_VS_SHARPER|DC-M1V3-OBS-T06-J838-A-20260804T063014Z|P1,Town06:junction:838,HIST,4a7b788e0c0fb5c4c4518ecbab2da2b42e58e8703247183d98af8ee5adf988e4,DRIVECLARIFY,TASK_DIVERGENT,True,DEFINED,BALANCED_COUNTERFACTUAL_INTENT_PAIR,2,2339b902cbc4005de307582cb06152766fb4be8c2869579f9dd43abeca1e1fb6,ASK,TASK_DIVERGENT,1.0,0.0,1.0,,0.0,0.0,1.0,1.0
PUBLIC_6f2946a8bdf3c52903510e3c,TOWN06_JUNCTION_838_UNIT01|CFG_LONGER_VS_SHARPER|DC-M1V3-OBS-T06-J838-A-20260804T063014Z|P2,Town06:junction:838,HIST,4a0f5bd8115e68bc80dd368cde47753f2762cc3763e96c63603384150b8849f1,NO_CLARIFICATION,TASK_DIVERGENT,True,DEFINED,BALANCED_COUNTERFACTUAL_INTENT_PAIR,2,c3f1046ed9dba1276af45a24b42893e6a3b928a39d6a5e6be64597fb44fa7f7c,ACT,,0.5,0.5,0.0,,0.5,0.0,1.0,0.5
PUBLIC_6f2946a8bdf3c52903510e3c,TOWN06_JUNCTION_838_UNIT01|CFG_LONGER_VS_SHARPER|DC-M1V3-OBS-T06-J838-A-20260804T063014Z|P2,Town06:junction:838,HIST,4a0f5bd8115e68bc80dd368cde47753f2762cc3763e96c63603384150b8849f1,IMMEDIATE_QUERY,TASK_DIVERGENT,True,DEFINED,BALANCED_COUNTERFACTUAL_INTENT_PAIR,2,c3f1046ed9dba1276af45a24b42893e6a3b928a39d6a5e6be64597fb44fa7f7c,ASK,,1.0,0.0,1.0,,0.0,0.0,1.0,1.0
PUBLIC_6f2946a8bdf3c52903510e3c,TOWN06_JUNCTION_838_UNIT01|CFG_LONGER_VS_SHARPER|DC-M1V3-OBS-T06-J838-A-20260804T063014Z|P2,Town06:junction:838,HIST,4a0f5bd8115e68bc80dd368cde47753f2762cc3763e96c63603384150b8849f1,DRIVECLARIFY,TASK_DIVERGENT,True,DEFINED,BALANCED_COUNTERFACTUAL_INTENT_PAIR,2,c3f1046ed9dba1276af45a24b42893e6a3b928a39d6a5e6be64597fb44fa7f7c,ASK,TASK_DIVERGENT,1.0,0.0,1.0,,0.0,0.0,1.0,1.0
PUBLIC_3061bcdb0b9874fe0745a820,TOWN06_JUNCTION_838_UNIT01|CFG_SAME_EXPRESSION|DC-M1V3-OBS-T06-J838-A-20260804T063014Z|P1,Town06:junction:838,HIST,48c065960e56185b1559b131098f5ecdb3c8ff7a30943de72fe95ae88e9160a3,NO_CLARIFICATION,TASK_EQUIVALENT,True,DEFINED,EQUIVALENCE_CLASS_RESPONSE_A,1,d2527bfccf4bb0df08a043a235953d9afb5a4cfcfb412a6d51dda1f72e7aacd3,ACT,,1.0,0.0,0.0,0.0,,0.0,1.0,1.0
PUBLIC_3061bcdb0b9874fe0745a820,TOWN06_JUNCTION_838_UNIT01|CFG_SAME_EXPRESSION|DC-M1V3-OBS-T06-J838-A-20260804T063014Z|P1,Town06:junction:838,HIST,48c065960e56185b1559b131098f5ecdb3c8ff7a30943de72fe95ae88e9160a3,IMMEDIATE_QUERY,TASK_EQUIVALENT,True,DEFINED,EQUIVALENCE_CLASS_RESPONSE_A,1,d2527bfccf4bb0df08a043a235953d9afb5a4cfcfb412a6d51dda1f72e7aacd3,ASK,,1.0,0.0,1.0,1.0,,0.0,1.0,1.0
PUBLIC_3061bcdb0b9874fe0745a820,TOWN06_JUNCTION_838_UNIT01|CFG_SAME_EXPRESSION|DC-M1V3-OBS-T06-J838-A-20260804T063014Z|P1,Town06:junction:838,HIST,48c065960e56185b1559b131098f5ecdb3c8ff7a30943de72fe95ae88e9160a3,DRIVECLARIFY,TASK_EQUIVALENT,True,DEFINED,EQUIVALENCE_CLASS_RESPONSE_A,1,d2527bfccf4bb0df08a043a235953d9afb5a4cfcfb412a6d51dda1f72e7aacd3,ACT,TASK_EQUIVALENT,1.0,0.0,0.0,0.0,,0.0,1.0,1.0
PUBLIC_f6bcee4f9f98b38e7fb71f61,TOWN06_JUNCTION_838_UNIT01|CFG_SAME_EXPRESSION|DC-M1V3-OBS-T06-J838-A-20260804T063014Z|P2,Town06:junction:838,HIST,18a94ca1165ea9c0ba00bf8dab4c0ac0800d54b64dcef595953697adfde8de3c,NO_CLARIFICATION,TASK_EQUIVALENT,True,DEFINED,EQUIVALENCE_CLASS_RESPONSE_A,1,77f00b56b4ab6a4b0572cbde652f26d67a1a20dba501822de12cff7416f42923,ACT,,1.0,0.0,0.0,0.0,,0.0,1.0,1.0
PUBLIC_f6bcee4f9f98b38e7fb71f61,TOWN06_JUNCTION_838_UNIT01|CFG_SAME_EXPRESSION|DC-M1V3-OBS-T06-J838-A-20260804T063014Z|P2,Town06:junction:838,HIST,18a94ca1165ea9c0ba00bf8dab4c0ac0800d54b64dcef595953697adfde8de3c,IMMEDIATE_QUERY,TASK_EQUIVALENT,True,DEFINED,EQUIVALENCE_CLASS_RESPONSE_A,1,77f00b56b4ab6a4b0572cbde652f26d67a1a20dba501822de12cff7416f42923,ASK,,1.0,0.0,1.0,1.0,,0.0,1.0,1.0
PUBLIC_f6bcee4f9f98b38e7fb71f61,TOWN06_JUNCTION_838_UNIT01|CFG_SAME_EXPRESSION|DC-M1V3-OBS-T06-J838-A-20260804T063014Z|P2,Town06:junction:838,HIST,18a94ca1165ea9c0ba00bf8dab4c0ac0800d54b64dcef595953697adfde8de3c,DRIVECLARIFY,TASK_EQUIVALENT,True,DEFINED,EQUIVALENCE_CLASS_RESPONSE_A,1,77f00b56b4ab6a4b0572cbde652f26d67a1a20dba501822de12cff7416f42923,ACT,TASK_EQUIVALENT,1.0,0.0,0.0,0.0,,0.0,1.0,1.0
PUBLIC_879132f9f290e4bee691e929,TOWN06_JUNCTION_838_UNIT01|CFG_EVIDENCE_INSUFFICIENT|DC-M1V3-OBS-T06-J838-A-20260804T063014Z|P1,Town06:junction:838,HIST,0bd9dbdd1bc64d12dbb112dceb9f0f90472852dfc6128fa90135e65aa2634f1e,NO_CLARIFICATION,,False,LABEL_UNDEFINED_UNDER_ALLOWED_INPUTS,OUTPUT_ONLY_RESPONSE_A,1,9da1c04a9352d34c233b6d5ad0194518043946885d09516b6e34787b9ecb3c7f,ACT,,,,0.0,,,0.0,1.0,
PUBLIC_879132f9f290e4bee691e929,TOWN06_JUNCTION_838_UNIT01|CFG_EVIDENCE_INSUFFICIENT|DC-M1V3-OBS-T06-J838-A-20260804T063014Z|P1,Town06:junction:838,HIST,0bd9dbdd1bc64d12dbb112dceb9f0f90472852dfc6128fa90135e65aa2634f1e,IMMEDIATE_QUERY,,False,LABEL_UNDEFINED_UNDER_ALLOWED_INPUTS,OUTPUT_ONLY_RESPONSE_A,1,9da1c04a9352d34c233b6d5ad0194518043946885d09516b6e34787b9ecb3c7f,ASK,,,,1.0,,,0.0,1.0,
PUBLIC_879132f9f290e4bee691e929,TOWN06_JUNCTION_838_UNIT01|CFG_EVIDENCE_INSUFFICIENT|DC-M1V3-OBS-T06-J838-A-20260804T063014Z|P1,Town06:junction:838,HIST,0bd9dbdd1bc64d12dbb112dceb9f0f90472852dfc6128fa90135e65aa2634f1e,DRIVECLARIFY,,False,LABEL_UNDEFINED_UNDER_ALLOWED_INPUTS,OUTPUT_ONLY_RESPONSE_A,1,9da1c04a9352d34c233b6d5ad0194518043946885d09516b6e34787b9ecb3c7f,ABSTAIN,UNKNOWN,,,0.0,,,1.0,0.0,
PUBLIC_04155cadd54760fb1effdab5,TOWN06_JUNCTION_838_UNIT01|CFG_EVIDENCE_INSUFFICIENT|DC-M1V3-OBS-T06-J838-A-20260804T063014Z|P2,Town06:junction:838,HIST,b0098f4630011224b90c8efcfa19930c089cf5cfddf6e3b69fed5768e1005b7d,NO_CLARIFICATION,,False,LABEL_UNDEFINED_UNDER_ALLOWED_INPUTS,OUTPUT_ONLY_RESPONSE_A,1,bde7c8a935822fe04f57a7dbbd31b13ad91a2d4eb36bb9d93ec6ecb9b090229e,ACT,,,,0.0,,,0.0,1.0,
PUBLIC_04155cadd54760fb1effdab5,TOWN06_JUNCTION_838_UNIT01|CFG_EVIDENCE_INSUFFICIENT|DC-M1V3-OBS-T06-J838-A-20260804T063014Z|P2,Town06:junction:838,HIST,b0098f4630011224b90c8efcfa19930c089cf5cfddf6e3b69fed5768e1005b7d,IMMEDIATE_QUERY,,False,LABEL_UNDEFINED_UNDER_ALLOWED_INPUTS,OUTPUT_ONLY_RESPONSE_A,1,bde7c8a935822fe04f57a7dbbd31b13ad91a2d4eb36bb9d93ec6ecb9b090229e,ASK,,,,1.0,,,0.0,1.0,
PUBLIC_04155cadd54760fb1effdab5,TOWN06_JUNCTION_838_UNIT01|CFG_EVIDENCE_INSUFFICIENT|DC-M1V3-OBS-T06-J838-A-20260804T063014Z|P2,Town06:junction:838,HIST,b0098f4630011224b90c8efcfa19930c089cf5cfddf6e3b69fed5768e1005b7d,DRIVECLARIFY,,False,LABEL_UNDEFINED_UNDER_ALLOWED_INPUTS,OUTPUT_ONLY_RESPONSE_A,1,bde7c8a935822fe04f57a7dbbd31b13ad91a2d4eb36bb9d93ec6ecb9b090229e,ABSTAIN,UNKNOWN,,,0.0,,,1.0,0.0,
PUBLIC_6ee556f652e9fe1a0616b047,TOWN07_JUNCTION_358_UNIT01|CFG_LONGER_VS_STRAIGHTER|DC-M1V3-OBS-T07-J358-A-20260804T063018Z|P1,Town07:junction:358,HIST,36b0b9cc5c63279b577f570c4852d61deab09b1761d9836d37cf1555ad72668b,NO_CLARIFICATION,TASK_EQUIVALENT,True,DEFINED,EQUIVALENCE_CLASS_RESPONSE_A,1,01fafe9cde30f22d505d3cf265ac23f0352c5a5163256293825f0739caf4f281,ACT,,1.0,0.0,0.0,0.0,,0.0,1.0,1.0
PUBLIC_6ee556f652e9fe1a0616b047,TOWN07_JUNCTION_358_UNIT01|CFG_LONGER_VS_STRAIGHTER|DC-M1V3-OBS-T07-J358-A-20260804T063018Z|P1,Town07:junction:358,HIST,36b0b9cc5c63279b577f570c4852d61deab09b1761d9836d37cf1555ad72668b,IMMEDIATE_QUERY,TASK_EQUIVALENT,True,DEFINED,EQUIVALENCE_CLASS_RESPONSE_A,1,01fafe9cde30f22d505d3cf265ac23f0352c5a5163256293825f0739caf4f281,ASK,,1.0,0.0,1.0,1.0,,0.0,1.0,1.0
PUBLIC_6ee556f652e9fe1a0616b047,TOWN07_JUNCTION_358_UNIT01|CFG_LONGER_VS_STRAIGHTER|DC-M1V3-OBS-T07-J358-A-20260804T063018Z|P1,Town07:junction:358,HIST,36b0b9cc5c63279b577f570c4852d61deab09b1761d9836d37cf1555ad72668b,DRIVECLARIFY,TASK_EQUIVALENT,True,DEFINED,EQUIVALENCE_CLASS_RESPONSE_A,1,01fafe9cde30f22d505d3cf265ac23f0352c5a5163256293825f0739caf4f281,ACT,TASK_EQUIVALENT,1.0,0.0,0.0,0.0,,0.0,1.0,1.0
PUBLIC_e9b6a53e10b86ef1078e8a86,TOWN07_JUNCTION_358_UNIT01|CFG_LONGER_VS_STRAIGHTER|DC-M1V3-OBS-T07-J358-A-20260804T063018Z|P2,Town07:junction:358,HIST,2db0c09827552c3950c87193298690098769a6b962bd47a88149773f70434aa6,NO_CLARIFICATION,TASK_EQUIVALENT,True,DEFINED,EQUIVALENCE_CLASS_RESPONSE_A,1,5e1acddb8688694adf9ae8121eec206c4cb73ff722d6adde9ded41a82f117c8b,ACT,,1.0,0.0,0.0,0.0,,0.0,1.0,1.0
PUBLIC_e9b6a53e10b86ef1078e8a86,TOWN07_JUNCTION_358_UNIT01|CFG_LONGER_VS_STRAIGHTER|DC-M1V3-OBS-T07-J358-A-20260804T063018Z|P2,Town07:junction:358,HIST,2db0c09827552c3950c87193298690098769a6b962bd47a88149773f70434aa6,IMMEDIATE_QUERY,TASK_EQUIVALENT,True,DEFINED,EQUIVALENCE_CLASS_RESPONSE_A,1,5e1acddb8688694adf9ae8121eec206c4cb73ff722d6adde9ded41a82f117c8b,ASK,,1.0,0.0,1.0,1.0,,0.0,1.0,1.0
PUBLIC_e9b6a53e10b86ef1078e8a86,TOWN07_JUNCTION_358_UNIT01|CFG_LONGER_VS_STRAIGHTER|DC-M1V3-OBS-T07-J358-A-20260804T063018Z|P2,Town07:junction:358,HIST,2db0c09827552c3950c87193298690098769a6b962bd47a88149773f70434aa6,DRIVECLARIFY,TASK_EQUIVALENT,True,DEFINED,EQUIVALENCE_CLASS_RESPONSE_A,1,5e1acddb8688694adf9ae8121eec206c4cb73ff722d6adde9ded41a82f117c8b,ACT,TASK_EQUIVALENT,1.0,0.0,0.0,0.0,,0.0,1.0,1.0
PUBLIC_0fabacb3532202b873334e1a,TOWN07_JUNCTION_358_UNIT01|CFG_LONGER_VS_SHARPER|DC-M1V3-OBS-T07-J358-A-20260804T063018Z|P1,Town07:junction:358,HIST,5713c522033424014d73d0367039fc968c4bfd6f945c4a985a88422631ce58bc,NO_CLARIFICATION,TASK_DIVERGENT,True,DEFINED,BALANCED_COUNTERFACTUAL_INTENT_PAIR,2,04e4eff0b01dec3e680bc6e7a67b8300d481520e8ec6f34a6f72602923c95499,ACT,,0.5,0.5,0.0,,0.5,0.0,1.0,0.5
PUBLIC_0fabacb3532202b873334e1a,TOWN07_JUNCTION_358_UNIT01|CFG_LONGER_VS_SHARPER|DC-M1V3-OBS-T07-J358-A-20260804T063018Z|P1,Town07:junction:358,HIST,5713c522033424014d73d0367039fc968c4bfd6f945c4a985a88422631ce58bc,IMMEDIATE_QUERY,TASK_DIVERGENT,True,DEFINED,BALANCED_COUNTERFACTUAL_INTENT_PAIR,2,04e4eff0b01dec3e680bc6e7a67b8300d481520e8ec6f34a6f72602923c95499,ASK,,1.0,0.0,1.0,,0.0,0.0,1.0,1.0
PUBLIC_0fabacb3532202b873334e1a,TOWN07_JUNCTION_358_UNIT01|CFG_LONGER_VS_SHARPER|DC-M1V3-OBS-T07-J358-A-20260804T063018Z|P1,Town07:junction:358,HIST,5713c522033424014d73d0367039fc968c4bfd6f945c4a985a88422631ce58bc,DRIVECLARIFY,TASK_DIVERGENT,True,DEFINED,BALANCED_COUNTERFACTUAL_INTENT_PAIR,2,04e4eff0b01dec3e680bc6e7a67b8300d481520e8ec6f34a6f72602923c95499,ASK,TASK_DIVERGENT,1.0,0.0,1.0,,0.0,0.0,1.0,1.0
PUBLIC_d9d8c16d1662bdc8b93f92e8,TOWN07_JUNCTION_358_UNIT01|CFG_LONGER_VS_SHARPER|DC-M1V3-OBS-T07-J358-A-20260804T063018Z|P2,Town07:junction:358,HIST,ae93b42953719f08afb78fd14e407cce81fcb3d9c96d1473c0e84be9ce5a74c1,NO_CLARIFICATION,TASK_DIVERGENT,True,DEFINED,BALANCED_COUNTERFACTUAL_INTENT_PAIR,2,b35f7dc4278bef2b8c7c9dcc30bd762cd22c28b430ecfa04a8a09dbd093abf09,ACT,,0.5,0.5,0.0,,0.5,0.0,1.0,0.5
PUBLIC_d9d8c16d1662bdc8b93f92e8,TOWN07_JUNCTION_358_UNIT01|CFG_LONGER_VS_SHARPER|DC-M1V3-OBS-T07-J358-A-20260804T063018Z|P2,Town07:junction:358,HIST,ae93b42953719f08afb78fd14e407cce81fcb3d9c96d1473c0e84be9ce5a74c1,IMMEDIATE_QUERY,TASK_DIVERGENT,True,DEFINED,BALANCED_COUNTERFACTUAL_INTENT_PAIR,2,b35f7dc4278bef2b8c7c9dcc30bd762cd22c28b430ecfa04a8a09dbd093abf09,ASK,,1.0,0.0,1.0,,0.0,0.0,1.0,1.0
PUBLIC_d9d8c16d1662bdc8b93f92e8,TOWN07_JUNCTION_358_UNIT01|CFG_LONGER_VS_SHARPER|DC-M1V3-OBS-T07-J358-A-20260804T063018Z|P2,Town07:junction:358,HIST,ae93b42953719f08afb78fd14e407cce81fcb3d9c96d1473c0e84be9ce5a74c1,DRIVECLARIFY,TASK_DIVERGENT,True,DEFINED,BALANCED_COUNTERFACTUAL_INTENT_PAIR,2,b35f7dc4278bef2b8c7c9dcc30bd762cd22c28b430ecfa04a8a09dbd093abf09,ASK,TASK_DIVERGENT,1.0,0.0,1.0,,0.0,0.0,1.0,1.0
PUBLIC_b9b80be5f6dec4d1be1cc6b9,TOWN07_JUNCTION_358_UNIT01|CFG_SAME_EXPRESSION|DC-M1V3-OBS-T07-J358-A-20260804T063018Z|P1,Town07:junction:358,HIST,7905f77281a813faa911e7a2d2c6165cf512a87cb2c1fcd39e37a7f3ccd88936,NO_CLARIFICATION,TASK_EQUIVALENT,True,DEFINED,EQUIVALENCE_CLASS_RESPONSE_A,1,dfdf776d96d68e9fb5e2141450f7973a57c5dfc3e79bd8ae7f00423adc6d9c28,ACT,,1.0,0.0,0.0,0.0,,0.0,1.0,1.0
PUBLIC_b9b80be5f6dec4d1be1cc6b9,TOWN07_JUNCTION_358_UNIT01|CFG_SAME_EXPRESSION|DC-M1V3-OBS-T07-J358-A-20260804T063018Z|P1,Town07:junction:358,HIST,7905f77281a813faa911e7a2d2c6165cf512a87cb2c1fcd39e37a7f3ccd88936,IMMEDIATE_QUERY,TASK_EQUIVALENT,True,DEFINED,EQUIVALENCE_CLASS_RESPONSE_A,1,dfdf776d96d68e9fb5e2141450f7973a57c5dfc3e79bd8ae7f00423adc6d9c28,ASK,,1.0,0.0,1.0,1.0,,0.0,1.0,1.0
PUBLIC_b9b80be5f6dec4d1be1cc6b9,TOWN07_JUNCTION_358_UNIT01|CFG_SAME_EXPRESSION|DC-M1V3-OBS-T07-J358-A-20260804T063018Z|P1,Town07:junction:358,HIST,7905f77281a813faa911e7a2d2c6165cf512a87cb2c1fcd39e37a7f3ccd88936,DRIVECLARIFY,TASK_EQUIVALENT,True,DEFINED,EQUIVALENCE_CLASS_RESPONSE_A,1,dfdf776d96d68e9fb5e2141450f7973a57c5dfc3e79bd8ae7f00423adc6d9c28,ACT,TASK_EQUIVALENT,1.0,0.0,0.0,0.0,,0.0,1.0,1.0
PUBLIC_58f9a127b2d049a1b4863478,TOWN07_JUNCTION_358_UNIT01|CFG_SAME_EXPRESSION|DC-M1V3-OBS-T07-J358-A-20260804T063018Z|P2,Town07:junction:358,HIST,860ef15d7602481dd915d0193d37ea91a52b9b33ea0e2209c6a37da480f6ceb5,NO_CLARIFICATION,TASK_EQUIVALENT,True,DEFINED,EQUIVALENCE_CLASS_RESPONSE_A,1,3c1f75fc405bd0705f3a0376dd7580e31956092b6308ae8084cdb6aaf4ed7a6c,ACT,,1.0,0.0,0.0,0.0,,0.0,1.0,1.0
PUBLIC_58f9a127b2d049a1b4863478,TOWN07_JUNCTION_358_UNIT01|CFG_SAME_EXPRESSION|DC-M1V3-OBS-T07-J358-A-20260804T063018Z|P2,Town07:junction:358,HIST,860ef15d7602481dd915d0193d37ea91a52b9b33ea0e2209c6a37da480f6ceb5,IMMEDIATE_QUERY,TASK_EQUIVALENT,True,DEFINED,EQUIVALENCE_CLASS_RESPONSE_A,1,3c1f75fc405bd0705f3a0376dd7580e31956092b6308ae8084cdb6aaf4ed7a6c,ASK,,1.0,0.0,1.0,1.0,,0.0,1.0,1.0
PUBLIC_58f9a127b2d049a1b4863478,TOWN07_JUNCTION_358_UNIT01|CFG_SAME_EXPRESSION|DC-M1V3-OBS-T07-J358-A-20260804T063018Z|P2,Town07:junction:358,HIST,860ef15d7602481dd915d0193d37ea91a52b9b33ea0e2209c6a37da480f6ceb5,DRIVECLARIFY,TASK_EQUIVALENT,True,DEFINED,EQUIVALENCE_CLASS_RESPONSE_A,1,3c1f75fc405bd0705f3a0376dd7580e31956092b6308ae8084cdb6aaf4ed7a6c,ACT,TASK_EQUIVALENT,1.0,0.0,0.0,0.0,,0.0,1.0,1.0
PUBLIC_b8698ef990766c43325b0d85,TOWN07_JUNCTION_358_UNIT01|CFG_EVIDENCE_INSUFFICIENT|DC-M1V3-OBS-T07-J358-A-20260804T063018Z|P1,Town07:junction:358,HIST,147c308a716f0b11d04bfaeab9cfb5c2c5cff40f906635c7188764db8ee6be84,NO_CLARIFICATION,,False,LABEL_UNDEFINED_UNDER_ALLOWED_INPUTS,OUTPUT_ONLY_RESPONSE_A,1,5a20be8700086db3f9dc2f588e78ebb77bc9e65189829a779172c1cb34cb8fc9,ACT,,,,0.0,,,0.0,1.0,
PUBLIC_b8698ef990766c43325b0d85,TOWN07_JUNCTION_358_UNIT01|CFG_EVIDENCE_INSUFFICIENT|DC-M1V3-OBS-T07-J358-A-20260804T063018Z|P1,Town07:junction:358,HIST,147c308a716f0b11d04bfaeab9cfb5c2c5cff40f906635c7188764db8ee6be84,IMMEDIATE_QUERY,,False,LABEL_UNDEFINED_UNDER_ALLOWED_INPUTS,OUTPUT_ONLY_RESPONSE_A,1,5a20be8700086db3f9dc2f588e78ebb77bc9e65189829a779172c1cb34cb8fc9,ASK,,,,1.0,,,0.0,1.0,
PUBLIC_b8698ef990766c43325b0d85,TOWN07_JUNCTION_358_UNIT01|CFG_EVIDENCE_INSUFFICIENT|DC-M1V3-OBS-T07-J358-A-20260804T063018Z|P1,Town07:junction:358,HIST,147c308a716f0b11d04bfaeab9cfb5c2c5cff40f906635c7188764db8ee6be84,DRIVECLARIFY,,False,LABEL_UNDEFINED_UNDER_ALLOWED_INPUTS,OUTPUT_ONLY_RESPONSE_A,1,5a20be8700086db3f9dc2f588e78ebb77bc9e65189829a779172c1cb34cb8fc9,ABSTAIN,UNKNOWN,,,0.0,,,1.0,0.0,
PUBLIC_ce456cb489ec1443e30755de,TOWN07_JUNCTION_358_UNIT01|CFG_EVIDENCE_INSUFFICIENT|DC-M1V3-OBS-T07-J358-A-20260804T063018Z|P2,Town07:junction:358,HIST,fd5a6a896a975b9603288a70235e4c9756d4d9d97809095fdd0a95ca17ef8d12,NO_CLARIFICATION,,False,LABEL_UNDEFINED_UNDER_ALLOWED_INPUTS,OUTPUT_ONLY_RESPONSE_A,1,7c338905c4f057cefbc659b474cb3e4dcff826712bfc50dd1115e3643c624cb0,ACT,,,,0.0,,,0.0,1.0,
PUBLIC_ce456cb489ec1443e30755de,TOWN07_JUNCTION_358_UNIT01|CFG_EVIDENCE_INSUFFICIENT|DC-M1V3-OBS-T07-J358-A-20260804T063018Z|P2,Town07:junction:358,HIST,fd5a6a896a975b9603288a70235e4c9756d4d9d97809095fdd0a95ca17ef8d12,IMMEDIATE_QUERY,,False,LABEL_UNDEFINED_UNDER_ALLOWED_INPUTS,OUTPUT_ONLY_RESPONSE_A,1,7c338905c4f057cefbc659b474cb3e4dcff826712bfc50dd1115e3643c624cb0,ASK,,,,1.0,,,0.0,1.0,
PUBLIC_ce456cb489ec1443e30755de,TOWN07_JUNCTION_358_UNIT01|CFG_EVIDENCE_INSUFFICIENT|DC-M1V3-OBS-T07-J358-A-20260804T063018Z|P2,Town07:junction:358,HIST,fd5a6a896a975b9603288a70235e4c9756d4d9d97809095fdd0a95ca17ef8d12,DRIVECLARIFY,,False,LABEL_UNDEFINED_UNDER_ALLOWED_INPUTS,OUTPUT_ONLY_RESPONSE_A,1,7c338905c4f057cefbc659b474cb3e4dcff826712bfc50dd1115e3643c624cb0,ABSTAIN,UNKNOWN,,,0.0,,,1.0,0.0,
PUBLIC_38a413439a74f966c29aa42a,TOWN07_JUNCTION_605_UNIT01|CFG_LONGER_VS_STRAIGHTER|DC-M1V3-OBS-T07-J605-A-20260804T063019Z|P1,Town07:junction:605,HIST,356b381095e5215465a207d1b3e12d7efb0a0dfaedd2e00e3e9d1240cfd15aa4,NO_CLARIFICATION,TASK_DIVERGENT,True,DEFINED,BALANCED_COUNTERFACTUAL_INTENT_PAIR,2,5a12f0312329aa652c1e4637e0ccc4b74a2c7e9a4a7ede1e37a9f1bc03ea3053,ACT,,0.5,0.5,0.0,,0.5,0.0,1.0,0.5
PUBLIC_38a413439a74f966c29aa42a,TOWN07_JUNCTION_605_UNIT01|CFG_LONGER_VS_STRAIGHTER|DC-M1V3-OBS-T07-J605-A-20260804T063019Z|P1,Town07:junction:605,HIST,356b381095e5215465a207d1b3e12d7efb0a0dfaedd2e00e3e9d1240cfd15aa4,IMMEDIATE_QUERY,TASK_DIVERGENT,True,DEFINED,BALANCED_COUNTERFACTUAL_INTENT_PAIR,2,5a12f0312329aa652c1e4637e0ccc4b74a2c7e9a4a7ede1e37a9f1bc03ea3053,ASK,,1.0,0.0,1.0,,0.0,0.0,1.0,1.0
PUBLIC_38a413439a74f966c29aa42a,TOWN07_JUNCTION_605_UNIT01|CFG_LONGER_VS_STRAIGHTER|DC-M1V3-OBS-T07-J605-A-20260804T063019Z|P1,Town07:junction:605,HIST,356b381095e5215465a207d1b3e12d7efb0a0dfaedd2e00e3e9d1240cfd15aa4,DRIVECLARIFY,TASK_DIVERGENT,True,DEFINED,BALANCED_COUNTERFACTUAL_INTENT_PAIR,2,5a12f0312329aa652c1e4637e0ccc4b74a2c7e9a4a7ede1e37a9f1bc03ea3053,ASK,TASK_DIVERGENT,1.0,0.0,1.0,,0.0,0.0,1.0,1.0
PUBLIC_4d916f7198a4b9cf72ec8351,TOWN07_JUNCTION_605_UNIT01|CFG_LONGER_VS_STRAIGHTER|DC-M1V3-OBS-T07-J605-A-20260804T063019Z|P2,Town07:junction:605,HIST,bb520cf73f50ffdd20d44ea64e16362c86b57b4161116e0972c49b8cd7a16af7,NO_CLARIFICATION,TASK_DIVERGENT,True,DEFINED,BALANCED_COUNTERFACTUAL_INTENT_PAIR,2,b4ed12a31c0e1eea5f808e0d5a2cb357c6597b5ac920a01eaf9f085ba7dcd3f4,ACT,,0.5,0.5,0.0,,0.5,0.0,1.0,0.5
PUBLIC_4d916f7198a4b9cf72ec8351,TOWN07_JUNCTION_605_UNIT01|CFG_LONGER_VS_STRAIGHTER|DC-M1V3-OBS-T07-J605-A-20260804T063019Z|P2,Town07:junction:605,HIST,bb520cf73f50ffdd20d44ea64e16362c86b57b4161116e0972c49b8cd7a16af7,IMMEDIATE_QUERY,TASK_DIVERGENT,True,DEFINED,BALANCED_COUNTERFACTUAL_INTENT_PAIR,2,b4ed12a31c0e1eea5f808e0d5a2cb357c6597b5ac920a01eaf9f085ba7dcd3f4,ASK,,1.0,0.0,1.0,,0.0,0.0,1.0,1.0
PUBLIC_4d916f7198a4b9cf72ec8351,TOWN07_JUNCTION_605_UNIT01|CFG_LONGER_VS_STRAIGHTER|DC-M1V3-OBS-T07-J605-A-20260804T063019Z|P2,Town07:junction:605,HIST,bb520cf73f50ffdd20d44ea64e16362c86b57b4161116e0972c49b8cd7a16af7,DRIVECLARIFY,TASK_DIVERGENT,True,DEFINED,BALANCED_COUNTERFACTUAL_INTENT_PAIR,2,b4ed12a31c0e1eea5f808e0d5a2cb357c6597b5ac920a01eaf9f085ba7dcd3f4,ASK,TASK_DIVERGENT,1.0,0.0,1.0,,0.0,0.0,1.0,1.0
PUBLIC_55ff484b6bcd20aee1b8fa27,TOWN07_JUNCTION_605_UNIT01|CFG_LONGER_VS_SHARPER|DC-M1V3-OBS-T07-J605-A-20260804T063019Z|P1,Town07:junction:605,HIST,6b4e74bbfd22ce821584ac48c2e672a28d9290c15f86e72b19f45f1aa0702f75,NO_CLARIFICATION,TASK_EQUIVALENT,True,DEFINED,EQUIVALENCE_CLASS_RESPONSE_A,1,909a409d9bc1bdb0b53c756956cb7628e3a9e77ffb324d00c180f40af8063089,ACT,,1.0,0.0,0.0,0.0,,0.0,1.0,1.0
PUBLIC_55ff484b6bcd20aee1b8fa27,TOWN07_JUNCTION_605_UNIT01|CFG_LONGER_VS_SHARPER|DC-M1V3-OBS-T07-J605-A-20260804T063019Z|P1,Town07:junction:605,HIST,6b4e74bbfd22ce821584ac48c2e672a28d9290c15f86e72b19f45f1aa0702f75,IMMEDIATE_QUERY,TASK_EQUIVALENT,True,DEFINED,EQUIVALENCE_CLASS_RESPONSE_A,1,909a409d9bc1bdb0b53c756956cb7628e3a9e77ffb324d00c180f40af8063089,ASK,,1.0,0.0,1.0,1.0,,0.0,1.0,1.0
PUBLIC_55ff484b6bcd20aee1b8fa27,TOWN07_JUNCTION_605_UNIT01|CFG_LONGER_VS_SHARPER|DC-M1V3-OBS-T07-J605-A-20260804T063019Z|P1,Town07:junction:605,HIST,6b4e74bbfd22ce821584ac48c2e672a28d9290c15f86e72b19f45f1aa0702f75,DRIVECLARIFY,TASK_EQUIVALENT,True,DEFINED,EQUIVALENCE_CLASS_RESPONSE_A,1,909a409d9bc1bdb0b53c756956cb7628e3a9e77ffb324d00c180f40af8063089,ACT,TASK_EQUIVALENT,1.0,0.0,0.0,0.0,,0.0,1.0,1.0
PUBLIC_de1f560201d776a71c241413,TOWN07_JUNCTION_605_UNIT01|CFG_LONGER_VS_SHARPER|DC-M1V3-OBS-T07-J605-A-20260804T063019Z|P2,Town07:junction:605,HIST,b25eff02e13535b26fafcc6f1c6796b5ff713e43946a10ac4e2431c0b89c572b,NO_CLARIFICATION,TASK_EQUIVALENT,True,DEFINED,EQUIVALENCE_CLASS_RESPONSE_A,1,86a501177effaa53c9b734fce379b9721524ae024c57788ad73c538a07db7971,ACT,,1.0,0.0,0.0,0.0,,0.0,1.0,1.0
PUBLIC_de1f560201d776a71c241413,TOWN07_JUNCTION_605_UNIT01|CFG_LONGER_VS_SHARPER|DC-M1V3-OBS-T07-J605-A-20260804T063019Z|P2,Town07:junction:605,HIST,b25eff02e13535b26fafcc6f1c6796b5ff713e43946a10ac4e2431c0b89c572b,IMMEDIATE_QUERY,TASK_EQUIVALENT,True,DEFINED,EQUIVALENCE_CLASS_RESPONSE_A,1,86a501177effaa53c9b734fce379b9721524ae024c57788ad73c538a07db7971,ASK,,1.0,0.0,1.0,1.0,,0.0,1.0,1.0
PUBLIC_de1f560201d776a71c241413,TOWN07_JUNCTION_605_UNIT01|CFG_LONGER_VS_SHARPER|DC-M1V3-OBS-T07-J605-A-20260804T063019Z|P2,Town07:junction:605,HIST,b25eff02e13535b26fafcc6f1c6796b5ff713e43946a10ac4e2431c0b89c572b,DRIVECLARIFY,TASK_EQUIVALENT,True,DEFINED,EQUIVALENCE_CLASS_RESPONSE_A,1,86a501177effaa53c9b734fce379b9721524ae024c57788ad73c538a07db7971,ACT,TASK_EQUIVALENT,1.0,0.0,0.0,0.0,,0.0,1.0,1.0
PUBLIC_6062a8b1bfa8a2f9d7209ebc,TOWN07_JUNCTION_605_UNIT01|CFG_SAME_EXPRESSION|DC-M1V3-OBS-T07-J605-A-20260804T063019Z|P1,Town07:junction:605,HIST,92fed9da8c984d89326907a1ed26b29b165395fcb461660e7293d4f4d21269a3,NO_CLARIFICATION,TASK_EQUIVALENT,True,DEFINED,EQUIVALENCE_CLASS_RESPONSE_A,1,0055b462b07ad9db94736b01aa2f9eb925b20f4e792dfa592eb68c909f6d838a,ACT,,1.0,0.0,0.0,0.0,,0.0,1.0,1.0
PUBLIC_6062a8b1bfa8a2f9d7209ebc,TOWN07_JUNCTION_605_UNIT01|CFG_SAME_EXPRESSION|DC-M1V3-OBS-T07-J605-A-20260804T063019Z|P1,Town07:junction:605,HIST,92fed9da8c984d89326907a1ed26b29b165395fcb461660e7293d4f4d21269a3,IMMEDIATE_QUERY,TASK_EQUIVALENT,True,DEFINED,EQUIVALENCE_CLASS_RESPONSE_A,1,0055b462b07ad9db94736b01aa2f9eb925b20f4e792dfa592eb68c909f6d838a,ASK,,1.0,0.0,1.0,1.0,,0.0,1.0,1.0
PUBLIC_6062a8b1bfa8a2f9d7209ebc,TOWN07_JUNCTION_605_UNIT01|CFG_SAME_EXPRESSION|DC-M1V3-OBS-T07-J605-A-20260804T063019Z|P1,Town07:junction:605,HIST,92fed9da8c984d89326907a1ed26b29b165395fcb461660e7293d4f4d21269a3,DRIVECLARIFY,TASK_EQUIVALENT,True,DEFINED,EQUIVALENCE_CLASS_RESPONSE_A,1,0055b462b07ad9db94736b01aa2f9eb925b20f4e792dfa592eb68c909f6d838a,ACT,TASK_EQUIVALENT,1.0,0.0,0.0,0.0,,0.0,1.0,1.0
PUBLIC_1890c897e1745e5f0e4d8010,TOWN07_JUNCTION_605_UNIT01|CFG_SAME_EXPRESSION|DC-M1V3-OBS-T07-J605-A-20260804T063019Z|P2,Town07:junction:605,HIST,b950a8f0f647d4ba28d0e74aab276895af372965d1de8169f118e4958899117c,NO_CLARIFICATION,TASK_EQUIVALENT,True,DEFINED,EQUIVALENCE_CLASS_RESPONSE_A,1,3b107f5cc8b6c5c99de5fc3c5fbdbd2a7b2f99a3a576b482d25e6fc39ba5b612,ACT,,1.0,0.0,0.0,0.0,,0.0,1.0,1.0
PUBLIC_1890c897e1745e5f0e4d8010,TOWN07_JUNCTION_605_UNIT01|CFG_SAME_EXPRESSION|DC-M1V3-OBS-T07-J605-A-20260804T063019Z|P2,Town07:junction:605,HIST,b950a8f0f647d4ba28d0e74aab276895af372965d1de8169f118e4958899117c,IMMEDIATE_QUERY,TASK_EQUIVALENT,True,DEFINED,EQUIVALENCE_CLASS_RESPONSE_A,1,3b107f5cc8b6c5c99de5fc3c5fbdbd2a7b2f99a3a576b482d25e6fc39ba5b612,ASK,,1.0,0.0,1.0,1.0,,0.0,1.0,1.0
PUBLIC_1890c897e1745e5f0e4d8010,TOWN07_JUNCTION_605_UNIT01|CFG_SAME_EXPRESSION|DC-M1V3-OBS-T07-J605-A-20260804T063019Z|P2,Town07:junction:605,HIST,b950a8f0f647d4ba28d0e74aab276895af372965d1de8169f118e4958899117c,DRIVECLARIFY,TASK_EQUIVALENT,True,DEFINED,EQUIVALENCE_CLASS_RESPONSE_A,1,3b107f5cc8b6c5c99de5fc3c5fbdbd2a7b2f99a3a576b482d25e6fc39ba5b612,ACT,TASK_EQUIVALENT,1.0,0.0,0.0,0.0,,0.0,1.0,1.0
PUBLIC_79c3e1239ff10bc4df8c7a69,TOWN07_JUNCTION_605_UNIT01|CFG_EVIDENCE_INSUFFICIENT|DC-M1V3-OBS-T07-J605-A-20260804T063019Z|P1,Town07:junction:605,HIST,691f64dab362cb0f007702d9da4e0f358d65dd777bea03339e421be1e549b27a,NO_CLARIFICATION,,False,LABEL_UNDEFINED_UNDER_ALLOWED_INPUTS,OUTPUT_ONLY_RESPONSE_A,1,a553f3de02c37b118483d6da00dd722234e24bc2b4305ccecc5eadbbfe4145e1,ACT,,,,0.0,,,0.0,1.0,
PUBLIC_79c3e1239ff10bc4df8c7a69,TOWN07_JUNCTION_605_UNIT01|CFG_EVIDENCE_INSUFFICIENT|DC-M1V3-OBS-T07-J605-A-20260804T063019Z|P1,Town07:junction:605,HIST,691f64dab362cb0f007702d9da4e0f358d65dd777bea03339e421be1e549b27a,IMMEDIATE_QUERY,,False,LABEL_UNDEFINED_UNDER_ALLOWED_INPUTS,OUTPUT_ONLY_RESPONSE_A,1,a553f3de02c37b118483d6da00dd722234e24bc2b4305ccecc5eadbbfe4145e1,ASK,,,,1.0,,,0.0,1.0,
PUBLIC_79c3e1239ff10bc4df8c7a69,TOWN07_JUNCTION_605_UNIT01|CFG_EVIDENCE_INSUFFICIENT|DC-M1V3-OBS-T07-J605-A-20260804T063019Z|P1,Town07:junction:605,HIST,691f64dab362cb0f007702d9da4e0f358d65dd777bea03339e421be1e549b27a,DRIVECLARIFY,,False,LABEL_UNDEFINED_UNDER_ALLOWED_INPUTS,OUTPUT_ONLY_RESPONSE_A,1,a553f3de02c37b118483d6da00dd722234e24bc2b4305ccecc5eadbbfe4145e1,ABSTAIN,UNKNOWN,,,0.0,,,1.0,0.0,
PUBLIC_a63d6b0db0883c86354e7c0b,TOWN07_JUNCTION_605_UNIT01|CFG_EVIDENCE_INSUFFICIENT|DC-M1V3-OBS-T07-J605-A-20260804T063019Z|P2,Town07:junction:605,HIST,88f6da7641d4b8b9701b99c4598b91aa46fa54d1cb5eed8af84376057f64e19f,NO_CLARIFICATION,,False,LABEL_UNDEFINED_UNDER_ALLOWED_INPUTS,OUTPUT_ONLY_RESPONSE_A,1,d5f7d83cdd86e1ede3d2f604a3d9b6cdbe648b93a109a83a7a16b7902f34a50c,ACT,,,,0.0,,,0.0,1.0,
PUBLIC_a63d6b0db0883c86354e7c0b,TOWN07_JUNCTION_605_UNIT01|CFG_EVIDENCE_INSUFFICIENT|DC-M1V3-OBS-T07-J605-A-20260804T063019Z|P2,Town07:junction:605,HIST,88f6da7641d4b8b9701b99c4598b91aa46fa54d1cb5eed8af84376057f64e19f,IMMEDIATE_QUERY,,False,LABEL_UNDEFINED_UNDER_ALLOWED_INPUTS,OUTPUT_ONLY_RESPONSE_A,1,d5f7d83cdd86e1ede3d2f604a3d9b6cdbe648b93a109a83a7a16b7902f34a50c,ASK,,,,1.0,,,0.0,1.0,
PUBLIC_a63d6b0db0883c86354e7c0b,TOWN07_JUNCTION_605_UNIT01|CFG_EVIDENCE_INSUFFICIENT|DC-M1V3-OBS-T07-J605-A-20260804T063019Z|P2,Town07:junction:605,HIST,88f6da7641d4b8b9701b99c4598b91aa46fa54d1cb5eed8af84376057f64e19f,DRIVECLARIFY,,False,LABEL_UNDEFINED_UNDER_ALLOWED_INPUTS,OUTPUT_ONLY_RESPONSE_A,1,d5f7d83cdd86e1ede3d2f604a3d9b6cdbe648b93a109a83a7a16b7902f34a50c,ABSTAIN,UNKNOWN,,,0.0,,,1.0,0.0,
