public_id,record_id,policy,truth_relation,correct,wrong,query,unnecessary_low,high_query_recall,low_direct_act
PUBLIC_aaf625b720fd9db210114b6a,TOWN01_JUNCTION_26_UNIT01|CFG_LONGER_VS_STRAIGHTER|DC-M1V3-OBS-T01-J26-A-20260804T063020Z|P1,Never Clarify,TASK_EQUIVALENT,1,0,0,0,0,1
PUBLIC_aaf625b720fd9db210114b6a,TOWN01_JUNCTION_26_UNIT01|CFG_LONGER_VS_STRAIGHTER|DC-M1V3-OBS-T01-J26-A-20260804T063020Z|P1,Always Clarify,TASK_EQUIVALENT,1,0,1,1,0,0
PUBLIC_aaf625b720fd9db210114b6a,TOWN01_JUNCTION_26_UNIT01|CFG_LONGER_VS_STRAIGHTER|DC-M1V3-OBS-T01-J26-A-20260804T063020Z|P1,Ambiguity-Only,TASK_EQUIVALENT,1,0,1,1,0,0
PUBLIC_aaf625b720fd9db210114b6a,TOWN01_JUNCTION_26_UNIT01|CFG_LONGER_VS_STRAIGHTER|DC-M1V3-OBS-T01-J26-A-20260804T063020Z|P1,Trajectory-Distance,TASK_EQUIVALENT,1,0,0,0,0,1
PUBLIC_aaf625b720fd9db210114b6a,TOWN01_JUNCTION_26_UNIT01|CFG_LONGER_VS_STRAIGHTER|DC-M1V3-OBS-T01-J26-A-20260804T063020Z|P1,Random-Query@matched-rate,TASK_EQUIVALENT,1,0,1/3,1/3,0,2/3
PUBLIC_aaf625b720fd9db210114b6a,TOWN01_JUNCTION_26_UNIT01|CFG_LONGER_VS_STRAIGHTER|DC-M1V3-OBS-T01-J26-A-20260804T063020Z|P1,DriveClarify,TASK_EQUIVALENT,1,0,0,0,0,1
PUBLIC_7dd2ae92a022bba33d273c6d,TOWN01_JUNCTION_26_UNIT01|CFG_LONGER_VS_STRAIGHTER|DC-M1V3-OBS-T01-J26-A-20260804T063020Z|P2,Never Clarify,TASK_EQUIVALENT,1,0,0,0,0,1
PUBLIC_7dd2ae92a022bba33d273c6d,TOWN01_JUNCTION_26_UNIT01|CFG_LONGER_VS_STRAIGHTER|DC-M1V3-OBS-T01-J26-A-20260804T063020Z|P2,Always Clarify,TASK_EQUIVALENT,1,0,1,1,0,0
PUBLIC_7dd2ae92a022bba33d273c6d,TOWN01_JUNCTION_26_UNIT01|CFG_LONGER_VS_STRAIGHTER|DC-M1V3-OBS-T01-J26-A-20260804T063020Z|P2,Ambiguity-Only,TASK_EQUIVALENT,1,0,1,1,0,0
PUBLIC_7dd2ae92a022bba33d273c6d,TOWN01_JUNCTION_26_UNIT01|CFG_LONGER_VS_STRAIGHTER|DC-M1V3-OBS-T01-J26-A-20260804T063020Z|P2,Trajectory-Distance,TASK_EQUIVALENT,1,0,0,0,0,1
PUBLIC_7dd2ae92a022bba33d273c6d,TOWN01_JUNCTION_26_UNIT01|CFG_LONGER_VS_STRAIGHTER|DC-M1V3-OBS-T01-J26-A-20260804T063020Z|P2,Random-Query@matched-rate,TASK_EQUIVALENT,1,0,1/3,1/3,0,2/3
PUBLIC_7dd2ae92a022bba33d273c6d,TOWN01_JUNCTION_26_UNIT01|CFG_LONGER_VS_STRAIGHTER|DC-M1V3-OBS-T01-J26-A-20260804T063020Z|P2,DriveClarify,TASK_EQUIVALENT,1,0,0,0,0,1
PUBLIC_a588fca2bb690ce7bbcb66a1,TOWN01_JUNCTION_26_UNIT01|CFG_LONGER_VS_SHARPER|DC-M1V3-OBS-T01-J26-A-20260804T063020Z|P1,Never Clarify,TASK_DIVERGENT,1/2,1/2,0,0,0,0
PUBLIC_a588fca2bb690ce7bbcb66a1,TOWN01_JUNCTION_26_UNIT01|CFG_LONGER_VS_SHARPER|DC-M1V3-OBS-T01-J26-A-20260804T063020Z|P1,Always Clarify,TASK_DIVERGENT,1,0,1,0,1,0
PUBLIC_a588fca2bb690ce7bbcb66a1,TOWN01_JUNCTION_26_UNIT01|CFG_LONGER_VS_SHARPER|DC-M1V3-OBS-T01-J26-A-20260804T063020Z|P1,Ambiguity-Only,TASK_DIVERGENT,1,0,1,0,1,0
PUBLIC_a588fca2bb690ce7bbcb66a1,TOWN01_JUNCTION_26_UNIT01|CFG_LONGER_VS_SHARPER|DC-M1V3-OBS-T01-J26-A-20260804T063020Z|P1,Trajectory-Distance,TASK_DIVERGENT,1/2,1/2,0,0,0,0
PUBLIC_a588fca2bb690ce7bbcb66a1,TOWN01_JUNCTION_26_UNIT01|CFG_LONGER_VS_SHARPER|DC-M1V3-OBS-T01-J26-A-20260804T063020Z|P1,Random-Query@matched-rate,TASK_DIVERGENT,2/3,1/3,1/3,0,1/3,0
PUBLIC_a588fca2bb690ce7bbcb66a1,TOWN01_JUNCTION_26_UNIT01|CFG_LONGER_VS_SHARPER|DC-M1V3-OBS-T01-J26-A-20260804T063020Z|P1,DriveClarify,TASK_DIVERGENT,1,0,1,0,1,0
PUBLIC_40272f041842092f8ebf5038,TOWN01_JUNCTION_26_UNIT01|CFG_LONGER_VS_SHARPER|DC-M1V3-OBS-T01-J26-A-20260804T063020Z|P2,Never Clarify,TASK_DIVERGENT,1/2,1/2,0,0,0,0
PUBLIC_40272f041842092f8ebf5038,TOWN01_JUNCTION_26_UNIT01|CFG_LONGER_VS_SHARPER|DC-M1V3-OBS-T01-J26-A-20260804T063020Z|P2,Always Clarify,TASK_DIVERGENT,1,0,1,0,1,0
PUBLIC_40272f041842092f8ebf5038,TOWN01_JUNCTION_26_UNIT01|CFG_LONGER_VS_SHARPER|DC-M1V3-OBS-T01-J26-A-20260804T063020Z|P2,Ambiguity-Only,TASK_DIVERGENT,1,0,1,0,1,0
PUBLIC_40272f041842092f8ebf5038,TOWN01_JUNCTION_26_UNIT01|CFG_LONGER_VS_SHARPER|DC-M1V3-OBS-T01-J26-A-20260804T063020Z|P2,Trajectory-Distance,TASK_DIVERGENT,1/2,1/2,0,0,0,0
PUBLIC_40272f041842092f8ebf5038,TOWN01_JUNCTION_26_UNIT01|CFG_LONGER_VS_SHARPER|DC-M1V3-OBS-T01-J26-A-20260804T063020Z|P2,Random-Query@matched-rate,TASK_DIVERGENT,2/3,1/3,1/3,0,1/3,0
PUBLIC_40272f041842092f8ebf5038,TOWN01_JUNCTION_26_UNIT01|CFG_LONGER_VS_SHARPER|DC-M1V3-OBS-T01-J26-A-20260804T063020Z|P2,DriveClarify,TASK_DIVERGENT,1,0,1,0,1,0
PUBLIC_50c8e70d1d42dce7454e92d3,TOWN01_JUNCTION_26_UNIT01|CFG_SAME_EXPRESSION|DC-M1V3-OBS-T01-J26-A-20260804T063020Z|P1,Never Clarify,TASK_EQUIVALENT,1,0,0,0,0,1
PUBLIC_50c8e70d1d42dce7454e92d3,TOWN01_JUNCTION_26_UNIT01|CFG_SAME_EXPRESSION|DC-M1V3-OBS-T01-J26-A-20260804T063020Z|P1,Always Clarify,TASK_EQUIVALENT,1,0,1,1,0,0
PUBLIC_50c8e70d1d42dce7454e92d3,TOWN01_JUNCTION_26_UNIT01|CFG_SAME_EXPRESSION|DC-M1V3-OBS-T01-J26-A-20260804T063020Z|P1,Ambiguity-Only,TASK_EQUIVALENT,1,0,1,1,0,0
PUBLIC_50c8e70d1d42dce7454e92d3,TOWN01_JUNCTION_26_UNIT01|CFG_SAME_EXPRESSION|DC-M1V3-OBS-T01-J26-A-20260804T063020Z|P1,Trajectory-Distance,TASK_EQUIVALENT,1,0,0,0,0,1
PUBLIC_50c8e70d1d42dce7454e92d3,TOWN01_JUNCTION_26_UNIT01|CFG_SAME_EXPRESSION|DC-M1V3-OBS-T01-J26-A-20260804T063020Z|P1,Random-Query@matched-rate,TASK_EQUIVALENT,1,0,1/3,1/3,0,2/3
PUBLIC_50c8e70d1d42dce7454e92d3,TOWN01_JUNCTION_26_UNIT01|CFG_SAME_EXPRESSION|DC-M1V3-OBS-T01-J26-A-20260804T063020Z|P1,DriveClarify,TASK_EQUIVALENT,1,0,0,0,0,1
PUBLIC_2dc1ec341d410afe83b8cf4c,TOWN01_JUNCTION_26_UNIT01|CFG_SAME_EXPRESSION|DC-M1V3-OBS-T01-J26-A-20260804T063020Z|P2,Never Clarify,TASK_EQUIVALENT,1,0,0,0,0,1
PUBLIC_2dc1ec341d410afe83b8cf4c,TOWN01_JUNCTION_26_UNIT01|CFG_SAME_EXPRESSION|DC-M1V3-OBS-T01-J26-A-20260804T063020Z|P2,Always Clarify,TASK_EQUIVALENT,1,0,1,1,0,0
PUBLIC_2dc1ec341d410afe83b8cf4c,TOWN01_JUNCTION_26_UNIT01|CFG_SAME_EXPRESSION|DC-M1V3-OBS-T01-J26-A-20260804T063020Z|P2,Ambiguity-Only,TASK_EQUIVALENT,1,0,1,1,0,0
PUBLIC_2dc1ec341d410afe83b8cf4c,TOWN01_JUNCTION_26_UNIT01|CFG_SAME_EXPRESSION|DC-M1V3-OBS-T01-J26-A-20260804T063020Z|P2,Trajectory-Distance,TASK_EQUIVALENT,1,0,0,0,0,1
PUBLIC_2dc1ec341d410afe83b8cf4c,TOWN01_JUNCTION_26_UNIT01|CFG_SAME_EXPRESSION|DC-M1V3-OBS-T01-J26-A-20260804T063020Z|P2,Random-Query@matched-rate,TASK_EQUIVALENT,1,0,1/3,1/3,0,2/3
PUBLIC_2dc1ec341d410afe83b8cf4c,TOWN01_JUNCTION_26_UNIT01|CFG_SAME_EXPRESSION|DC-M1V3-OBS-T01-J26-A-20260804T063020Z|P2,DriveClarify,TASK_EQUIVALENT,1,0,0,0,0,1
PUBLIC_36ae0e3c492f6a0febdad197,TOWN02_JUNCTION_20_UNIT01|CFG_LONGER_VS_STRAIGHTER|DC-M1V3-OBS-T02-J20-A-20260804T063015Z|P1,Never Clarify,TASK_EQUIVALENT,1,0,0,0,0,1
PUBLIC_36ae0e3c492f6a0febdad197,TOWN02_JUNCTION_20_UNIT01|CFG_LONGER_VS_STRAIGHTER|DC-M1V3-OBS-T02-J20-A-20260804T063015Z|P1,Always Clarify,TASK_EQUIVALENT,1,0,1,1,0,0
PUBLIC_36ae0e3c492f6a0febdad197,TOWN02_JUNCTION_20_UNIT01|CFG_LONGER_VS_STRAIGHTER|DC-M1V3-OBS-T02-J20-A-20260804T063015Z|P1,Ambiguity-Only,TASK_EQUIVALENT,1,0,1,1,0,0
PUBLIC_36ae0e3c492f6a0febdad197,TOWN02_JUNCTION_20_UNIT01|CFG_LONGER_VS_STRAIGHTER|DC-M1V3-OBS-T02-J20-A-20260804T063015Z|P1,Trajectory-Distance,TASK_EQUIVALENT,1,0,0,0,0,1
PUBLIC_36ae0e3c492f6a0febdad197,TOWN02_JUNCTION_20_UNIT01|CFG_LONGER_VS_STRAIGHTER|DC-M1V3-OBS-T02-J20-A-20260804T063015Z|P1,Random-Query@matched-rate,TASK_EQUIVALENT,1,0,1/3,1/3,0,2/3
PUBLIC_36ae0e3c492f6a0febdad197,TOWN02_JUNCTION_20_UNIT01|CFG_LONGER_VS_STRAIGHTER|DC-M1V3-OBS-T02-J20-A-20260804T063015Z|P1,DriveClarify,TASK_EQUIVALENT,1,0,0,0,0,1
PUBLIC_e29aee613e4aecd2eab04a64,TOWN02_JUNCTION_20_UNIT01|CFG_LONGER_VS_STRAIGHTER|DC-M1V3-OBS-T02-J20-A-20260804T063015Z|P2,Never Clarify,TASK_EQUIVALENT,1,0,0,0,0,1
PUBLIC_e29aee613e4aecd2eab04a64,TOWN02_JUNCTION_20_UNIT01|CFG_LONGER_VS_STRAIGHTER|DC-M1V3-OBS-T02-J20-A-20260804T063015Z|P2,Always Clarify,TASK_EQUIVALENT,1,0,1,1,0,0
PUBLIC_e29aee613e4aecd2eab04a64,TOWN02_JUNCTION_20_UNIT01|CFG_LONGER_VS_STRAIGHTER|DC-M1V3-OBS-T02-J20-A-20260804T063015Z|P2,Ambiguity-Only,TASK_EQUIVALENT,1,0,1,1,0,0
PUBLIC_e29aee613e4aecd2eab04a64,TOWN02_JUNCTION_20_UNIT01|CFG_LONGER_VS_STRAIGHTER|DC-M1V3-OBS-T02-J20-A-20260804T063015Z|P2,Trajectory-Distance,TASK_EQUIVALENT,1,0,1,1,0,0
PUBLIC_e29aee613e4aecd2eab04a64,TOWN02_JUNCTION_20_UNIT01|CFG_LONGER_VS_STRAIGHTER|DC-M1V3-OBS-T02-J20-A-20260804T063015Z|P2,Random-Query@matched-rate,TASK_EQUIVALENT,1,0,1/3,1/3,0,2/3
PUBLIC_e29aee613e4aecd2eab04a64,TOWN02_JUNCTION_20_UNIT01|CFG_LONGER_VS_STRAIGHTER|DC-M1V3-OBS-T02-J20-A-20260804T063015Z|P2,DriveClarify,TASK_EQUIVALENT,1,0,0,0,0,1
PUBLIC_79ef7e48c04ed060594260ae,TOWN02_JUNCTION_20_UNIT01|CFG_LONGER_VS_SHARPER|DC-M1V3-OBS-T02-J20-A-20260804T063015Z|P1,Never Clarify,TASK_DIVERGENT,1/2,1/2,0,0,0,0
PUBLIC_79ef7e48c04ed060594260ae,TOWN02_JUNCTION_20_UNIT01|CFG_LONGER_VS_SHARPER|DC-M1V3-OBS-T02-J20-A-20260804T063015Z|P1,Always Clarify,TASK_DIVERGENT,1,0,1,0,1,0
PUBLIC_79ef7e48c04ed060594260ae,TOWN02_JUNCTION_20_UNIT01|CFG_LONGER_VS_SHARPER|DC-M1V3-OBS-T02-J20-A-20260804T063015Z|P1,Ambiguity-Only,TASK_DIVERGENT,1,0,1,0,1,0
PUBLIC_79ef7e48c04ed060594260ae,TOWN02_JUNCTION_20_UNIT01|CFG_LONGER_VS_SHARPER|DC-M1V3-OBS-T02-J20-A-20260804T063015Z|P1,Trajectory-Distance,TASK_DIVERGENT,1/2,1/2,0,0,0,0
PUBLIC_79ef7e48c04ed060594260ae,TOWN02_JUNCTION_20_UNIT01|CFG_LONGER_VS_SHARPER|DC-M1V3-OBS-T02-J20-A-20260804T063015Z|P1,Random-Query@matched-rate,TASK_DIVERGENT,2/3,1/3,1/3,0,1/3,0
PUBLIC_79ef7e48c04ed060594260ae,TOWN02_JUNCTION_20_UNIT01|CFG_LONGER_VS_SHARPER|DC-M1V3-OBS-T02-J20-A-20260804T063015Z|P1,DriveClarify,TASK_DIVERGENT,1,0,1,0,1,0
PUBLIC_76add269cd5b72c422c834c6,TOWN02_JUNCTION_20_UNIT01|CFG_LONGER_VS_SHARPER|DC-M1V3-OBS-T02-J20-A-20260804T063015Z|P2,Never Clarify,TASK_DIVERGENT,1/2,1/2,0,0,0,0
PUBLIC_76add269cd5b72c422c834c6,TOWN02_JUNCTION_20_UNIT01|CFG_LONGER_VS_SHARPER|DC-M1V3-OBS-T02-J20-A-20260804T063015Z|P2,Always Clarify,TASK_DIVERGENT,1,0,1,0,1,0
PUBLIC_76add269cd5b72c422c834c6,TOWN02_JUNCTION_20_UNIT01|CFG_LONGER_VS_SHARPER|DC-M1V3-OBS-T02-J20-A-20260804T063015Z|P2,Ambiguity-Only,TASK_DIVERGENT,1,0,1,0,1,0
PUBLIC_76add269cd5b72c422c834c6,TOWN02_JUNCTION_20_UNIT01|CFG_LONGER_VS_SHARPER|DC-M1V3-OBS-T02-J20-A-20260804T063015Z|P2,Trajectory-Distance,TASK_DIVERGENT,1,0,1,0,1,0
PUBLIC_76add269cd5b72c422c834c6,TOWN02_JUNCTION_20_UNIT01|CFG_LONGER_VS_SHARPER|DC-M1V3-OBS-T02-J20-A-20260804T063015Z|P2,Random-Query@matched-rate,TASK_DIVERGENT,2/3,1/3,1/3,0,1/3,0
PUBLIC_76add269cd5b72c422c834c6,TOWN02_JUNCTION_20_UNIT01|CFG_LONGER_VS_SHARPER|DC-M1V3-OBS-T02-J20-A-20260804T063015Z|P2,DriveClarify,TASK_DIVERGENT,1,0,1,0,1,0
PUBLIC_5b55eb4387ca7e1108fd0058,TOWN02_JUNCTION_20_UNIT01|CFG_SAME_EXPRESSION|DC-M1V3-OBS-T02-J20-A-20260804T063015Z|P1,Never Clarify,TASK_EQUIVALENT,1,0,0,0,0,1
PUBLIC_5b55eb4387ca7e1108fd0058,TOWN02_JUNCTION_20_UNIT01|CFG_SAME_EXPRESSION|DC-M1V3-OBS-T02-J20-A-20260804T063015Z|P1,Always Clarify,TASK_EQUIVALENT,1,0,1,1,0,0
PUBLIC_5b55eb4387ca7e1108fd0058,TOWN02_JUNCTION_20_UNIT01|CFG_SAME_EXPRESSION|DC-M1V3-OBS-T02-J20-A-20260804T063015Z|P1,Ambiguity-Only,TASK_EQUIVALENT,1,0,1,1,0,0
PUBLIC_5b55eb4387ca7e1108fd0058,TOWN02_JUNCTION_20_UNIT01|CFG_SAME_EXPRESSION|DC-M1V3-OBS-T02-J20-A-20260804T063015Z|P1,Trajectory-Distance,TASK_EQUIVALENT,1,0,0,0,0,1
PUBLIC_5b55eb4387ca7e1108fd0058,TOWN02_JUNCTION_20_UNIT01|CFG_SAME_EXPRESSION|DC-M1V3-OBS-T02-J20-A-20260804T063015Z|P1,Random-Query@matched-rate,TASK_EQUIVALENT,1,0,1/3,1/3,0,2/3
PUBLIC_5b55eb4387ca7e1108fd0058,TOWN02_JUNCTION_20_UNIT01|CFG_SAME_EXPRESSION|DC-M1V3-OBS-T02-J20-A-20260804T063015Z|P1,DriveClarify,TASK_EQUIVALENT,1,0,0,0,0,1
PUBLIC_1b48350b2db5807d83d922f4,TOWN02_JUNCTION_20_UNIT01|CFG_SAME_EXPRESSION|DC-M1V3-OBS-T02-J20-A-20260804T063015Z|P2,Never Clarify,TASK_EQUIVALENT,1,0,0,0,0,1
PUBLIC_1b48350b2db5807d83d922f4,TOWN02_JUNCTION_20_UNIT01|CFG_SAME_EXPRESSION|DC-M1V3-OBS-T02-J20-A-20260804T063015Z|P2,Always Clarify,TASK_EQUIVALENT,1,0,1,1,0,0
PUBLIC_1b48350b2db5807d83d922f4,TOWN02_JUNCTION_20_UNIT01|CFG_SAME_EXPRESSION|DC-M1V3-OBS-T02-J20-A-20260804T063015Z|P2,Ambiguity-Only,TASK_EQUIVALENT,1,0,1,1,0,0
PUBLIC_1b48350b2db5807d83d922f4,TOWN02_JUNCTION_20_UNIT01|CFG_SAME_EXPRESSION|DC-M1V3-OBS-T02-J20-A-20260804T063015Z|P2,Trajectory-Distance,TASK_EQUIVALENT,1,0,0,0,0,1
PUBLIC_1b48350b2db5807d83d922f4,TOWN02_JUNCTION_20_UNIT01|CFG_SAME_EXPRESSION|DC-M1V3-OBS-T02-J20-A-20260804T063015Z|P2,Random-Query@matched-rate,TASK_EQUIVALENT,1,0,1/3,1/3,0,2/3
PUBLIC_1b48350b2db5807d83d922f4,TOWN02_JUNCTION_20_UNIT01|CFG_SAME_EXPRESSION|DC-M1V3-OBS-T02-J20-A-20260804T063015Z|P2,DriveClarify,TASK_EQUIVALENT,1,0,0,0,0,1
PUBLIC_b43c93ed8887cc8395f28381,TOWN03_JUNCTION_498_UNIT01|CFG_LONGER_VS_STRAIGHTER|DC-M1V3-OBS-T03-J498-A-20260804T063001Z|P1,Never Clarify,TASK_EQUIVALENT,1,0,0,0,0,1
PUBLIC_b43c93ed8887cc8395f28381,TOWN03_JUNCTION_498_UNIT01|CFG_LONGER_VS_STRAIGHTER|DC-M1V3-OBS-T03-J498-A-20260804T063001Z|P1,Always Clarify,TASK_EQUIVALENT,1,0,1,1,0,0
PUBLIC_b43c93ed8887cc8395f28381,TOWN03_JUNCTION_498_UNIT01|CFG_LONGER_VS_STRAIGHTER|DC-M1V3-OBS-T03-J498-A-20260804T063001Z|P1,Ambiguity-Only,TASK_EQUIVALENT,1,0,1,1,0,0
PUBLIC_b43c93ed8887cc8395f28381,TOWN03_JUNCTION_498_UNIT01|CFG_LONGER_VS_STRAIGHTER|DC-M1V3-OBS-T03-J498-A-20260804T063001Z|P1,Trajectory-Distance,TASK_EQUIVALENT,1,0,0,0,0,1
PUBLIC_b43c93ed8887cc8395f28381,TOWN03_JUNCTION_498_UNIT01|CFG_LONGER_VS_STRAIGHTER|DC-M1V3-OBS-T03-J498-A-20260804T063001Z|P1,Random-Query@matched-rate,TASK_EQUIVALENT,1,0,1/3,1/3,0,2/3
PUBLIC_b43c93ed8887cc8395f28381,TOWN03_JUNCTION_498_UNIT01|CFG_LONGER_VS_STRAIGHTER|DC-M1V3-OBS-T03-J498-A-20260804T063001Z|P1,DriveClarify,TASK_EQUIVALENT,1,0,0,0,0,1
PUBLIC_5cd4f18ff71ac9d3936c3e35,TOWN03_JUNCTION_498_UNIT01|CFG_LONGER_VS_STRAIGHTER|DC-M1V3-OBS-T03-J498-A-20260804T063001Z|P2,Never Clarify,TASK_EQUIVALENT,1,0,0,0,0,1
PUBLIC_5cd4f18ff71ac9d3936c3e35,TOWN03_JUNCTION_498_UNIT01|CFG_LONGER_VS_STRAIGHTER|DC-M1V3-OBS-T03-J498-A-20260804T063001Z|P2,Always Clarify,TASK_EQUIVALENT,1,0,1,1,0,0
PUBLIC_5cd4f18ff71ac9d3936c3e35,TOWN03_JUNCTION_498_UNIT01|CFG_LONGER_VS_STRAIGHTER|DC-M1V3-OBS-T03-J498-A-20260804T063001Z|P2,Ambiguity-Only,TASK_EQUIVALENT,1,0,1,1,0,0
PUBLIC_5cd4f18ff71ac9d3936c3e35,TOWN03_JUNCTION_498_UNIT01|CFG_LONGER_VS_STRAIGHTER|DC-M1V3-OBS-T03-J498-A-20260804T063001Z|P2,Trajectory-Distance,TASK_EQUIVALENT,1,0,0,0,0,1
PUBLIC_5cd4f18ff71ac9d3936c3e35,TOWN03_JUNCTION_498_UNIT01|CFG_LONGER_VS_STRAIGHTER|DC-M1V3-OBS-T03-J498-A-20260804T063001Z|P2,Random-Query@matched-rate,TASK_EQUIVALENT,1,0,1/3,1/3,0,2/3
PUBLIC_5cd4f18ff71ac9d3936c3e35,TOWN03_JUNCTION_498_UNIT01|CFG_LONGER_VS_STRAIGHTER|DC-M1V3-OBS-T03-J498-A-20260804T063001Z|P2,DriveClarify,TASK_EQUIVALENT,1,0,0,0,0,1
PUBLIC_142bda4855d9a4951f880600,TOWN03_JUNCTION_498_UNIT01|CFG_LONGER_VS_SHARPER|DC-M1V3-OBS-T03-J498-A-20260804T063001Z|P1,Never Clarify,TASK_DIVERGENT,1/2,1/2,0,0,0,0
PUBLIC_142bda4855d9a4951f880600,TOWN03_JUNCTION_498_UNIT01|CFG_LONGER_VS_SHARPER|DC-M1V3-OBS-T03-J498-A-20260804T063001Z|P1,Always Clarify,TASK_DIVERGENT,1,0,1,0,1,0
PUBLIC_142bda4855d9a4951f880600,TOWN03_JUNCTION_498_UNIT01|CFG_LONGER_VS_SHARPER|DC-M1V3-OBS-T03-J498-A-20260804T063001Z|P1,Ambiguity-Only,TASK_DIVERGENT,1,0,1,0,1,0
PUBLIC_142bda4855d9a4951f880600,TOWN03_JUNCTION_498_UNIT01|CFG_LONGER_VS_SHARPER|DC-M1V3-OBS-T03-J498-A-20260804T063001Z|P1,Trajectory-Distance,TASK_DIVERGENT,1/2,1/2,0,0,0,0
PUBLIC_142bda4855d9a4951f880600,TOWN03_JUNCTION_498_UNIT01|CFG_LONGER_VS_SHARPER|DC-M1V3-OBS-T03-J498-A-20260804T063001Z|P1,Random-Query@matched-rate,TASK_DIVERGENT,2/3,1/3,1/3,0,1/3,0
PUBLIC_142bda4855d9a4951f880600,TOWN03_JUNCTION_498_UNIT01|CFG_LONGER_VS_SHARPER|DC-M1V3-OBS-T03-J498-A-20260804T063001Z|P1,DriveClarify,TASK_DIVERGENT,1,0,1,0,1,0
PUBLIC_17e825b1804244fb2f56d397,TOWN03_JUNCTION_498_UNIT01|CFG_LONGER_VS_SHARPER|DC-M1V3-OBS-T03-J498-A-20260804T063001Z|P2,Never Clarify,TASK_DIVERGENT,1/2,1/2,0,0,0,0
PUBLIC_17e825b1804244fb2f56d397,TOWN03_JUNCTION_498_UNIT01|CFG_LONGER_VS_SHARPER|DC-M1V3-OBS-T03-J498-A-20260804T063001Z|P2,Always Clarify,TASK_DIVERGENT,1,0,1,0,1,0
PUBLIC_17e825b1804244fb2f56d397,TOWN03_JUNCTION_498_UNIT01|CFG_LONGER_VS_SHARPER|DC-M1V3-OBS-T03-J498-A-20260804T063001Z|P2,Ambiguity-Only,TASK_DIVERGENT,1,0,1,0,1,0
PUBLIC_17e825b1804244fb2f56d397,TOWN03_JUNCTION_498_UNIT01|CFG_LONGER_VS_SHARPER|DC-M1V3-OBS-T03-J498-A-20260804T063001Z|P2,Trajectory-Distance,TASK_DIVERGENT,1/2,1/2,0,0,0,0
PUBLIC_17e825b1804244fb2f56d397,TOWN03_JUNCTION_498_UNIT01|CFG_LONGER_VS_SHARPER|DC-M1V3-OBS-T03-J498-A-20260804T063001Z|P2,Random-Query@matched-rate,TASK_DIVERGENT,2/3,1/3,1/3,0,1/3,0
PUBLIC_17e825b1804244fb2f56d397,TOWN03_JUNCTION_498_UNIT01|CFG_LONGER_VS_SHARPER|DC-M1V3-OBS-T03-J498-A-20260804T063001Z|P2,DriveClarify,TASK_DIVERGENT,1,0,1,0,1,0
PUBLIC_e6019fda44d81660434434fa,TOWN03_JUNCTION_498_UNIT01|CFG_SAME_EXPRESSION|DC-M1V3-OBS-T03-J498-A-20260804T063001Z|P1,Never Clarify,TASK_EQUIVALENT,1,0,0,0,0,1
PUBLIC_e6019fda44d81660434434fa,TOWN03_JUNCTION_498_UNIT01|CFG_SAME_EXPRESSION|DC-M1V3-OBS-T03-J498-A-20260804T063001Z|P1,Always Clarify,TASK_EQUIVALENT,1,0,1,1,0,0
PUBLIC_e6019fda44d81660434434fa,TOWN03_JUNCTION_498_UNIT01|CFG_SAME_EXPRESSION|DC-M1V3-OBS-T03-J498-A-20260804T063001Z|P1,Ambiguity-Only,TASK_EQUIVALENT,1,0,1,1,0,0
PUBLIC_e6019fda44d81660434434fa,TOWN03_JUNCTION_498_UNIT01|CFG_SAME_EXPRESSION|DC-M1V3-OBS-T03-J498-A-20260804T063001Z|P1,Trajectory-Distance,TASK_EQUIVALENT,1,0,0,0,0,1
PUBLIC_e6019fda44d81660434434fa,TOWN03_JUNCTION_498_UNIT01|CFG_SAME_EXPRESSION|DC-M1V3-OBS-T03-J498-A-20260804T063001Z|P1,Random-Query@matched-rate,TASK_EQUIVALENT,1,0,1/3,1/3,0,2/3
PUBLIC_e6019fda44d81660434434fa,TOWN03_JUNCTION_498_UNIT01|CFG_SAME_EXPRESSION|DC-M1V3-OBS-T03-J498-A-20260804T063001Z|P1,DriveClarify,TASK_EQUIVALENT,1,0,0,0,0,1
PUBLIC_f5f717aa4d4ad6f2dd783ce4,TOWN03_JUNCTION_498_UNIT01|CFG_SAME_EXPRESSION|DC-M1V3-OBS-T03-J498-A-20260804T063001Z|P2,Never Clarify,TASK_EQUIVALENT,1,0,0,0,0,1
PUBLIC_f5f717aa4d4ad6f2dd783ce4,TOWN03_JUNCTION_498_UNIT01|CFG_SAME_EXPRESSION|DC-M1V3-OBS-T03-J498-A-20260804T063001Z|P2,Always Clarify,TASK_EQUIVALENT,1,0,1,1,0,0
PUBLIC_f5f717aa4d4ad6f2dd783ce4,TOWN03_JUNCTION_498_UNIT01|CFG_SAME_EXPRESSION|DC-M1V3-OBS-T03-J498-A-20260804T063001Z|P2,Ambiguity-Only,TASK_EQUIVALENT,1,0,1,1,0,0
PUBLIC_f5f717aa4d4ad6f2dd783ce4,TOWN03_JUNCTION_498_UNIT01|CFG_SAME_EXPRESSION|DC-M1V3-OBS-T03-J498-A-20260804T063001Z|P2,Trajectory-Distance,TASK_EQUIVALENT,1,0,0,0,0,1
PUBLIC_f5f717aa4d4ad6f2dd783ce4,TOWN03_JUNCTION_498_UNIT01|CFG_SAME_EXPRESSION|DC-M1V3-OBS-T03-J498-A-20260804T063001Z|P2,Random-Query@matched-rate,TASK_EQUIVALENT,1,0,1/3,1/3,0,2/3
PUBLIC_f5f717aa4d4ad6f2dd783ce4,TOWN03_JUNCTION_498_UNIT01|CFG_SAME_EXPRESSION|DC-M1V3-OBS-T03-J498-A-20260804T063001Z|P2,DriveClarify,TASK_EQUIVALENT,1,0,0,0,0,1
PUBLIC_d5979511dd294ed37e204246,TOWN04_JUNCTION_483_UNIT01|CFG_LONGER_VS_STRAIGHTER|DC-M1V3-OBS-T04-J483-A-20260804T063004Z|P1,Never Clarify,TASK_EQUIVALENT,1,0,0,0,0,1
PUBLIC_d5979511dd294ed37e204246,TOWN04_JUNCTION_483_UNIT01|CFG_LONGER_VS_STRAIGHTER|DC-M1V3-OBS-T04-J483-A-20260804T063004Z|P1,Always Clarify,TASK_EQUIVALENT,1,0,1,1,0,0
PUBLIC_d5979511dd294ed37e204246,TOWN04_JUNCTION_483_UNIT01|CFG_LONGER_VS_STRAIGHTER|DC-M1V3-OBS-T04-J483-A-20260804T063004Z|P1,Ambiguity-Only,TASK_EQUIVALENT,1,0,1,1,0,0
PUBLIC_d5979511dd294ed37e204246,TOWN04_JUNCTION_483_UNIT01|CFG_LONGER_VS_STRAIGHTER|DC-M1V3-OBS-T04-J483-A-20260804T063004Z|P1,Trajectory-Distance,TASK_EQUIVALENT,1,0,0,0,0,1
PUBLIC_d5979511dd294ed37e204246,TOWN04_JUNCTION_483_UNIT01|CFG_LONGER_VS_STRAIGHTER|DC-M1V3-OBS-T04-J483-A-20260804T063004Z|P1,Random-Query@matched-rate,TASK_EQUIVALENT,1,0,1/3,1/3,0,2/3
PUBLIC_d5979511dd294ed37e204246,TOWN04_JUNCTION_483_UNIT01|CFG_LONGER_VS_STRAIGHTER|DC-M1V3-OBS-T04-J483-A-20260804T063004Z|P1,DriveClarify,TASK_EQUIVALENT,1,0,0,0,0,1
PUBLIC_2023ae2771401b2375518ae4,TOWN04_JUNCTION_483_UNIT01|CFG_LONGER_VS_STRAIGHTER|DC-M1V3-OBS-T04-J483-A-20260804T063004Z|P2,Never Clarify,TASK_EQUIVALENT,1,0,0,0,0,1
PUBLIC_2023ae2771401b2375518ae4,TOWN04_JUNCTION_483_UNIT01|CFG_LONGER_VS_STRAIGHTER|DC-M1V3-OBS-T04-J483-A-20260804T063004Z|P2,Always Clarify,TASK_EQUIVALENT,1,0,1,1,0,0
PUBLIC_2023ae2771401b2375518ae4,TOWN04_JUNCTION_483_UNIT01|CFG_LONGER_VS_STRAIGHTER|DC-M1V3-OBS-T04-J483-A-20260804T063004Z|P2,Ambiguity-Only,TASK_EQUIVALENT,1,0,1,1,0,0
PUBLIC_2023ae2771401b2375518ae4,TOWN04_JUNCTION_483_UNIT01|CFG_LONGER_VS_STRAIGHTER|DC-M1V3-OBS-T04-J483-A-20260804T063004Z|P2,Trajectory-Distance,TASK_EQUIVALENT,1,0,0,0,0,1
PUBLIC_2023ae2771401b2375518ae4,TOWN04_JUNCTION_483_UNIT01|CFG_LONGER_VS_STRAIGHTER|DC-M1V3-OBS-T04-J483-A-20260804T063004Z|P2,Random-Query@matched-rate,TASK_EQUIVALENT,1,0,1/3,1/3,0,2/3
PUBLIC_2023ae2771401b2375518ae4,TOWN04_JUNCTION_483_UNIT01|CFG_LONGER_VS_STRAIGHTER|DC-M1V3-OBS-T04-J483-A-20260804T063004Z|P2,DriveClarify,TASK_EQUIVALENT,1,0,0,0,0,1
PUBLIC_6fce51e48ba340e22b7d822e,TOWN04_JUNCTION_483_UNIT01|CFG_LONGER_VS_SHARPER|DC-M1V3-OBS-T04-J483-A-20260804T063004Z|P1,Never Clarify,TASK_DIVERGENT,1/2,1/2,0,0,0,0
PUBLIC_6fce51e48ba340e22b7d822e,TOWN04_JUNCTION_483_UNIT01|CFG_LONGER_VS_SHARPER|DC-M1V3-OBS-T04-J483-A-20260804T063004Z|P1,Always Clarify,TASK_DIVERGENT,1,0,1,0,1,0
PUBLIC_6fce51e48ba340e22b7d822e,TOWN04_JUNCTION_483_UNIT01|CFG_LONGER_VS_SHARPER|DC-M1V3-OBS-T04-J483-A-20260804T063004Z|P1,Ambiguity-Only,TASK_DIVERGENT,1,0,1,0,1,0
PUBLIC_6fce51e48ba340e22b7d822e,TOWN04_JUNCTION_483_UNIT01|CFG_LONGER_VS_SHARPER|DC-M1V3-OBS-T04-J483-A-20260804T063004Z|P1,Trajectory-Distance,TASK_DIVERGENT,1/2,1/2,0,0,0,0
PUBLIC_6fce51e48ba340e22b7d822e,TOWN04_JUNCTION_483_UNIT01|CFG_LONGER_VS_SHARPER|DC-M1V3-OBS-T04-J483-A-20260804T063004Z|P1,Random-Query@matched-rate,TASK_DIVERGENT,2/3,1/3,1/3,0,1/3,0
PUBLIC_6fce51e48ba340e22b7d822e,TOWN04_JUNCTION_483_UNIT01|CFG_LONGER_VS_SHARPER|DC-M1V3-OBS-T04-J483-A-20260804T063004Z|P1,DriveClarify,TASK_DIVERGENT,1,0,1,0,1,0
PUBLIC_7f222ba13391a892bd6e94f7,TOWN04_JUNCTION_483_UNIT01|CFG_LONGER_VS_SHARPER|DC-M1V3-OBS-T04-J483-A-20260804T063004Z|P2,Never Clarify,TASK_DIVERGENT,1/2,1/2,0,0,0,0
PUBLIC_7f222ba13391a892bd6e94f7,TOWN04_JUNCTION_483_UNIT01|CFG_LONGER_VS_SHARPER|DC-M1V3-OBS-T04-J483-A-20260804T063004Z|P2,Always Clarify,TASK_DIVERGENT,1,0,1,0,1,0
PUBLIC_7f222ba13391a892bd6e94f7,TOWN04_JUNCTION_483_UNIT01|CFG_LONGER_VS_SHARPER|DC-M1V3-OBS-T04-J483-A-20260804T063004Z|P2,Ambiguity-Only,TASK_DIVERGENT,1,0,1,0,1,0
PUBLIC_7f222ba13391a892bd6e94f7,TOWN04_JUNCTION_483_UNIT01|CFG_LONGER_VS_SHARPER|DC-M1V3-OBS-T04-J483-A-20260804T063004Z|P2,Trajectory-Distance,TASK_DIVERGENT,1/2,1/2,0,0,0,0
PUBLIC_7f222ba13391a892bd6e94f7,TOWN04_JUNCTION_483_UNIT01|CFG_LONGER_VS_SHARPER|DC-M1V3-OBS-T04-J483-A-20260804T063004Z|P2,Random-Query@matched-rate,TASK_DIVERGENT,2/3,1/3,1/3,0,1/3,0
PUBLIC_7f222ba13391a892bd6e94f7,TOWN04_JUNCTION_483_UNIT01|CFG_LONGER_VS_SHARPER|DC-M1V3-OBS-T04-J483-A-20260804T063004Z|P2,DriveClarify,TASK_DIVERGENT,1,0,1,0,1,0
PUBLIC_215bf58f44f256b7e9f9bba1,TOWN04_JUNCTION_483_UNIT01|CFG_SAME_EXPRESSION|DC-M1V3-OBS-T04-J483-A-20260804T063004Z|P1,Never Clarify,TASK_EQUIVALENT,1,0,0,0,0,1
PUBLIC_215bf58f44f256b7e9f9bba1,TOWN04_JUNCTION_483_UNIT01|CFG_SAME_EXPRESSION|DC-M1V3-OBS-T04-J483-A-20260804T063004Z|P1,Always Clarify,TASK_EQUIVALENT,1,0,1,1,0,0
PUBLIC_215bf58f44f256b7e9f9bba1,TOWN04_JUNCTION_483_UNIT01|CFG_SAME_EXPRESSION|DC-M1V3-OBS-T04-J483-A-20260804T063004Z|P1,Ambiguity-Only,TASK_EQUIVALENT,1,0,1,1,0,0
PUBLIC_215bf58f44f256b7e9f9bba1,TOWN04_JUNCTION_483_UNIT01|CFG_SAME_EXPRESSION|DC-M1V3-OBS-T04-J483-A-20260804T063004Z|P1,Trajectory-Distance,TASK_EQUIVALENT,1,0,0,0,0,1
PUBLIC_215bf58f44f256b7e9f9bba1,TOWN04_JUNCTION_483_UNIT01|CFG_SAME_EXPRESSION|DC-M1V3-OBS-T04-J483-A-20260804T063004Z|P1,Random-Query@matched-rate,TASK_EQUIVALENT,1,0,1/3,1/3,0,2/3
PUBLIC_215bf58f44f256b7e9f9bba1,TOWN04_JUNCTION_483_UNIT01|CFG_SAME_EXPRESSION|DC-M1V3-OBS-T04-J483-A-20260804T063004Z|P1,DriveClarify,TASK_EQUIVALENT,1,0,0,0,0,1
PUBLIC_91acd2e6615397ea9b789070,TOWN04_JUNCTION_483_UNIT01|CFG_SAME_EXPRESSION|DC-M1V3-OBS-T04-J483-A-20260804T063004Z|P2,Never Clarify,TASK_EQUIVALENT,1,0,0,0,0,1
PUBLIC_91acd2e6615397ea9b789070,TOWN04_JUNCTION_483_UNIT01|CFG_SAME_EXPRESSION|DC-M1V3-OBS-T04-J483-A-20260804T063004Z|P2,Always Clarify,TASK_EQUIVALENT,1,0,1,1,0,0
PUBLIC_91acd2e6615397ea9b789070,TOWN04_JUNCTION_483_UNIT01|CFG_SAME_EXPRESSION|DC-M1V3-OBS-T04-J483-A-20260804T063004Z|P2,Ambiguity-Only,TASK_EQUIVALENT,1,0,1,1,0,0
PUBLIC_91acd2e6615397ea9b789070,TOWN04_JUNCTION_483_UNIT01|CFG_SAME_EXPRESSION|DC-M1V3-OBS-T04-J483-A-20260804T063004Z|P2,Trajectory-Distance,TASK_EQUIVALENT,1,0,0,0,0,1
PUBLIC_91acd2e6615397ea9b789070,TOWN04_JUNCTION_483_UNIT01|CFG_SAME_EXPRESSION|DC-M1V3-OBS-T04-J483-A-20260804T063004Z|P2,Random-Query@matched-rate,TASK_EQUIVALENT,1,0,1/3,1/3,0,2/3
PUBLIC_91acd2e6615397ea9b789070,TOWN04_JUNCTION_483_UNIT01|CFG_SAME_EXPRESSION|DC-M1V3-OBS-T04-J483-A-20260804T063004Z|P2,DriveClarify,TASK_EQUIVALENT,1,0,0,0,0,1
PUBLIC_b8533e5ce8d64abc2b66a22b,TOWN05_JUNCTION_720_UNIT01|CFG_LONGER_VS_STRAIGHTER|DC-M1V3-OBS-T05-J720-A-20260804T063007Z|P1,Never Clarify,TASK_EQUIVALENT,1,0,0,0,0,1
PUBLIC_b8533e5ce8d64abc2b66a22b,TOWN05_JUNCTION_720_UNIT01|CFG_LONGER_VS_STRAIGHTER|DC-M1V3-OBS-T05-J720-A-20260804T063007Z|P1,Always Clarify,TASK_EQUIVALENT,1,0,1,1,0,0
PUBLIC_b8533e5ce8d64abc2b66a22b,TOWN05_JUNCTION_720_UNIT01|CFG_LONGER_VS_STRAIGHTER|DC-M1V3-OBS-T05-J720-A-20260804T063007Z|P1,Ambiguity-Only,TASK_EQUIVALENT,1,0,1,1,0,0
PUBLIC_b8533e5ce8d64abc2b66a22b,TOWN05_JUNCTION_720_UNIT01|CFG_LONGER_VS_STRAIGHTER|DC-M1V3-OBS-T05-J720-A-20260804T063007Z|P1,Trajectory-Distance,TASK_EQUIVALENT,1,0,0,0,0,1
PUBLIC_b8533e5ce8d64abc2b66a22b,TOWN05_JUNCTION_720_UNIT01|CFG_LONGER_VS_STRAIGHTER|DC-M1V3-OBS-T05-J720-A-20260804T063007Z|P1,Random-Query@matched-rate,TASK_EQUIVALENT,1,0,1/3,1/3,0,2/3
PUBLIC_b8533e5ce8d64abc2b66a22b,TOWN05_JUNCTION_720_UNIT01|CFG_LONGER_VS_STRAIGHTER|DC-M1V3-OBS-T05-J720-A-20260804T063007Z|P1,DriveClarify,TASK_EQUIVALENT,1,0,0,0,0,1
PUBLIC_c9f489938925241b6f314044,TOWN05_JUNCTION_720_UNIT01|CFG_LONGER_VS_STRAIGHTER|DC-M1V3-OBS-T05-J720-A-20260804T063007Z|P2,Never Clarify,TASK_EQUIVALENT,1,0,0,0,0,1
PUBLIC_c9f489938925241b6f314044,TOWN05_JUNCTION_720_UNIT01|CFG_LONGER_VS_STRAIGHTER|DC-M1V3-OBS-T05-J720-A-20260804T063007Z|P2,Always Clarify,TASK_EQUIVALENT,1,0,1,1,0,0
PUBLIC_c9f489938925241b6f314044,TOWN05_JUNCTION_720_UNIT01|CFG_LONGER_VS_STRAIGHTER|DC-M1V3-OBS-T05-J720-A-20260804T063007Z|P2,Ambiguity-Only,TASK_EQUIVALENT,1,0,1,1,0,0
PUBLIC_c9f489938925241b6f314044,TOWN05_JUNCTION_720_UNIT01|CFG_LONGER_VS_STRAIGHTER|DC-M1V3-OBS-T05-J720-A-20260804T063007Z|P2,Trajectory-Distance,TASK_EQUIVALENT,1,0,0,0,0,1
PUBLIC_c9f489938925241b6f314044,TOWN05_JUNCTION_720_UNIT01|CFG_LONGER_VS_STRAIGHTER|DC-M1V3-OBS-T05-J720-A-20260804T063007Z|P2,Random-Query@matched-rate,TASK_EQUIVALENT,1,0,1/3,1/3,0,2/3
PUBLIC_c9f489938925241b6f314044,TOWN05_JUNCTION_720_UNIT01|CFG_LONGER_VS_STRAIGHTER|DC-M1V3-OBS-T05-J720-A-20260804T063007Z|P2,DriveClarify,TASK_EQUIVALENT,1,0,0,0,0,1
PUBLIC_b9174f15b006c44e9e36030a,TOWN05_JUNCTION_720_UNIT01|CFG_LONGER_VS_SHARPER|DC-M1V3-OBS-T05-J720-A-20260804T063007Z|P1,Never Clarify,TASK_DIVERGENT,1/2,1/2,0,0,0,0
PUBLIC_b9174f15b006c44e9e36030a,TOWN05_JUNCTION_720_UNIT01|CFG_LONGER_VS_SHARPER|DC-M1V3-OBS-T05-J720-A-20260804T063007Z|P1,Always Clarify,TASK_DIVERGENT,1,0,1,0,1,0
PUBLIC_b9174f15b006c44e9e36030a,TOWN05_JUNCTION_720_UNIT01|CFG_LONGER_VS_SHARPER|DC-M1V3-OBS-T05-J720-A-20260804T063007Z|P1,Ambiguity-Only,TASK_DIVERGENT,1,0,1,0,1,0
PUBLIC_b9174f15b006c44e9e36030a,TOWN05_JUNCTION_720_UNIT01|CFG_LONGER_VS_SHARPER|DC-M1V3-OBS-T05-J720-A-20260804T063007Z|P1,Trajectory-Distance,TASK_DIVERGENT,1/2,1/2,0,0,0,0
PUBLIC_b9174f15b006c44e9e36030a,TOWN05_JUNCTION_720_UNIT01|CFG_LONGER_VS_SHARPER|DC-M1V3-OBS-T05-J720-A-20260804T063007Z|P1,Random-Query@matched-rate,TASK_DIVERGENT,2/3,1/3,1/3,0,1/3,0
PUBLIC_b9174f15b006c44e9e36030a,TOWN05_JUNCTION_720_UNIT01|CFG_LONGER_VS_SHARPER|DC-M1V3-OBS-T05-J720-A-20260804T063007Z|P1,DriveClarify,TASK_DIVERGENT,1,0,1,0,1,0
PUBLIC_64b047945de476ea3d5c3f0c,TOWN05_JUNCTION_720_UNIT01|CFG_LONGER_VS_SHARPER|DC-M1V3-OBS-T05-J720-A-20260804T063007Z|P2,Never Clarify,TASK_DIVERGENT,1/2,1/2,0,0,0,0
PUBLIC_64b047945de476ea3d5c3f0c,TOWN05_JUNCTION_720_UNIT01|CFG_LONGER_VS_SHARPER|DC-M1V3-OBS-T05-J720-A-20260804T063007Z|P2,Always Clarify,TASK_DIVERGENT,1,0,1,0,1,0
PUBLIC_64b047945de476ea3d5c3f0c,TOWN05_JUNCTION_720_UNIT01|CFG_LONGER_VS_SHARPER|DC-M1V3-OBS-T05-J720-A-20260804T063007Z|P2,Ambiguity-Only,TASK_DIVERGENT,1,0,1,0,1,0
PUBLIC_64b047945de476ea3d5c3f0c,TOWN05_JUNCTION_720_UNIT01|CFG_LONGER_VS_SHARPER|DC-M1V3-OBS-T05-J720-A-20260804T063007Z|P2,Trajectory-Distance,TASK_DIVERGENT,1/2,1/2,0,0,0,0
PUBLIC_64b047945de476ea3d5c3f0c,TOWN05_JUNCTION_720_UNIT01|CFG_LONGER_VS_SHARPER|DC-M1V3-OBS-T05-J720-A-20260804T063007Z|P2,Random-Query@matched-rate,TASK_DIVERGENT,2/3,1/3,1/3,0,1/3,0
PUBLIC_64b047945de476ea3d5c3f0c,TOWN05_JUNCTION_720_UNIT01|CFG_LONGER_VS_SHARPER|DC-M1V3-OBS-T05-J720-A-20260804T063007Z|P2,DriveClarify,TASK_DIVERGENT,1,0,1,0,1,0
PUBLIC_465bd3f3830722e9a686680e,TOWN05_JUNCTION_720_UNIT01|CFG_SAME_EXPRESSION|DC-M1V3-OBS-T05-J720-A-20260804T063007Z|P1,Never Clarify,TASK_EQUIVALENT,1,0,0,0,0,1
PUBLIC_465bd3f3830722e9a686680e,TOWN05_JUNCTION_720_UNIT01|CFG_SAME_EXPRESSION|DC-M1V3-OBS-T05-J720-A-20260804T063007Z|P1,Always Clarify,TASK_EQUIVALENT,1,0,1,1,0,0
PUBLIC_465bd3f3830722e9a686680e,TOWN05_JUNCTION_720_UNIT01|CFG_SAME_EXPRESSION|DC-M1V3-OBS-T05-J720-A-20260804T063007Z|P1,Ambiguity-Only,TASK_EQUIVALENT,1,0,1,1,0,0
PUBLIC_465bd3f3830722e9a686680e,TOWN05_JUNCTION_720_UNIT01|CFG_SAME_EXPRESSION|DC-M1V3-OBS-T05-J720-A-20260804T063007Z|P1,Trajectory-Distance,TASK_EQUIVALENT,1,0,0,0,0,1
PUBLIC_465bd3f3830722e9a686680e,TOWN05_JUNCTION_720_UNIT01|CFG_SAME_EXPRESSION|DC-M1V3-OBS-T05-J720-A-20260804T063007Z|P1,Random-Query@matched-rate,TASK_EQUIVALENT,1,0,1/3,1/3,0,2/3
PUBLIC_465bd3f3830722e9a686680e,TOWN05_JUNCTION_720_UNIT01|CFG_SAME_EXPRESSION|DC-M1V3-OBS-T05-J720-A-20260804T063007Z|P1,DriveClarify,TASK_EQUIVALENT,1,0,0,0,0,1
PUBLIC_dd083273385ad79b8a699e3d,TOWN05_JUNCTION_720_UNIT01|CFG_SAME_EXPRESSION|DC-M1V3-OBS-T05-J720-A-20260804T063007Z|P2,Never Clarify,TASK_EQUIVALENT,1,0,0,0,0,1
PUBLIC_dd083273385ad79b8a699e3d,TOWN05_JUNCTION_720_UNIT01|CFG_SAME_EXPRESSION|DC-M1V3-OBS-T05-J720-A-20260804T063007Z|P2,Always Clarify,TASK_EQUIVALENT,1,0,1,1,0,0
PUBLIC_dd083273385ad79b8a699e3d,TOWN05_JUNCTION_720_UNIT01|CFG_SAME_EXPRESSION|DC-M1V3-OBS-T05-J720-A-20260804T063007Z|P2,Ambiguity-Only,TASK_EQUIVALENT,1,0,1,1,0,0
PUBLIC_dd083273385ad79b8a699e3d,TOWN05_JUNCTION_720_UNIT01|CFG_SAME_EXPRESSION|DC-M1V3-OBS-T05-J720-A-20260804T063007Z|P2,Trajectory-Distance,TASK_EQUIVALENT,1,0,0,0,0,1
PUBLIC_dd083273385ad79b8a699e3d,TOWN05_JUNCTION_720_UNIT01|CFG_SAME_EXPRESSION|DC-M1V3-OBS-T05-J720-A-20260804T063007Z|P2,Random-Query@matched-rate,TASK_EQUIVALENT,1,0,1/3,1/3,0,2/3
PUBLIC_dd083273385ad79b8a699e3d,TOWN05_JUNCTION_720_UNIT01|CFG_SAME_EXPRESSION|DC-M1V3-OBS-T05-J720-A-20260804T063007Z|P2,DriveClarify,TASK_EQUIVALENT,1,0,0,0,0,1
PUBLIC_376021bb141fea7bb6beb89a,TOWN06_JUNCTION_72_UNIT01|CFG_LONGER_VS_STRAIGHTER|DC-M1V3-OBS-T06-J72-A-20260804T063013Z|P1,Never Clarify,TASK_DIVERGENT,1/2,1/2,0,0,0,0
PUBLIC_376021bb141fea7bb6beb89a,TOWN06_JUNCTION_72_UNIT01|CFG_LONGER_VS_STRAIGHTER|DC-M1V3-OBS-T06-J72-A-20260804T063013Z|P1,Always Clarify,TASK_DIVERGENT,1,0,1,0,1,0
PUBLIC_376021bb141fea7bb6beb89a,TOWN06_JUNCTION_72_UNIT01|CFG_LONGER_VS_STRAIGHTER|DC-M1V3-OBS-T06-J72-A-20260804T063013Z|P1,Ambiguity-Only,TASK_DIVERGENT,1,0,1,0,1,0
PUBLIC_376021bb141fea7bb6beb89a,TOWN06_JUNCTION_72_UNIT01|CFG_LONGER_VS_STRAIGHTER|DC-M1V3-OBS-T06-J72-A-20260804T063013Z|P1,Trajectory-Distance,TASK_DIVERGENT,1/2,1/2,0,0,0,0
PUBLIC_376021bb141fea7bb6beb89a,TOWN06_JUNCTION_72_UNIT01|CFG_LONGER_VS_STRAIGHTER|DC-M1V3-OBS-T06-J72-A-20260804T063013Z|P1,Random-Query@matched-rate,TASK_DIVERGENT,2/3,1/3,1/3,0,1/3,0
PUBLIC_376021bb141fea7bb6beb89a,TOWN06_JUNCTION_72_UNIT01|CFG_LONGER_VS_STRAIGHTER|DC-M1V3-OBS-T06-J72-A-20260804T063013Z|P1,DriveClarify,TASK_DIVERGENT,1,0,1,0,1,0
PUBLIC_9e3875085058aa55f04fa836,TOWN06_JUNCTION_72_UNIT01|CFG_LONGER_VS_STRAIGHTER|DC-M1V3-OBS-T06-J72-A-20260804T063013Z|P2,Never Clarify,TASK_DIVERGENT,1/2,1/2,0,0,0,0
PUBLIC_9e3875085058aa55f04fa836,TOWN06_JUNCTION_72_UNIT01|CFG_LONGER_VS_STRAIGHTER|DC-M1V3-OBS-T06-J72-A-20260804T063013Z|P2,Always Clarify,TASK_DIVERGENT,1,0,1,0,1,0
PUBLIC_9e3875085058aa55f04fa836,TOWN06_JUNCTION_72_UNIT01|CFG_LONGER_VS_STRAIGHTER|DC-M1V3-OBS-T06-J72-A-20260804T063013Z|P2,Ambiguity-Only,TASK_DIVERGENT,1,0,1,0,1,0
PUBLIC_9e3875085058aa55f04fa836,TOWN06_JUNCTION_72_UNIT01|CFG_LONGER_VS_STRAIGHTER|DC-M1V3-OBS-T06-J72-A-20260804T063013Z|P2,Trajectory-Distance,TASK_DIVERGENT,1,0,1,0,1,0
PUBLIC_9e3875085058aa55f04fa836,TOWN06_JUNCTION_72_UNIT01|CFG_LONGER_VS_STRAIGHTER|DC-M1V3-OBS-T06-J72-A-20260804T063013Z|P2,Random-Query@matched-rate,TASK_DIVERGENT,2/3,1/3,1/3,0,1/3,0
PUBLIC_9e3875085058aa55f04fa836,TOWN06_JUNCTION_72_UNIT01|CFG_LONGER_VS_STRAIGHTER|DC-M1V3-OBS-T06-J72-A-20260804T063013Z|P2,DriveClarify,TASK_DIVERGENT,1,0,1,0,1,0
PUBLIC_18e4e7ae276946ed41e46dab,TOWN06_JUNCTION_72_UNIT01|CFG_LONGER_VS_SHARPER|DC-M1V3-OBS-T06-J72-A-20260804T063013Z|P1,Never Clarify,TASK_EQUIVALENT,1,0,0,0,0,1
PUBLIC_18e4e7ae276946ed41e46dab,TOWN06_JUNCTION_72_UNIT01|CFG_LONGER_VS_SHARPER|DC-M1V3-OBS-T06-J72-A-20260804T063013Z|P1,Always Clarify,TASK_EQUIVALENT,1,0,1,1,0,0
PUBLIC_18e4e7ae276946ed41e46dab,TOWN06_JUNCTION_72_UNIT01|CFG_LONGER_VS_SHARPER|DC-M1V3-OBS-T06-J72-A-20260804T063013Z|P1,Ambiguity-Only,TASK_EQUIVALENT,1,0,1,1,0,0
PUBLIC_18e4e7ae276946ed41e46dab,TOWN06_JUNCTION_72_UNIT01|CFG_LONGER_VS_SHARPER|DC-M1V3-OBS-T06-J72-A-20260804T063013Z|P1,Trajectory-Distance,TASK_EQUIVALENT,1,0,0,0,0,1
PUBLIC_18e4e7ae276946ed41e46dab,TOWN06_JUNCTION_72_UNIT01|CFG_LONGER_VS_SHARPER|DC-M1V3-OBS-T06-J72-A-20260804T063013Z|P1,Random-Query@matched-rate,TASK_EQUIVALENT,1,0,1/3,1/3,0,2/3
PUBLIC_18e4e7ae276946ed41e46dab,TOWN06_JUNCTION_72_UNIT01|CFG_LONGER_VS_SHARPER|DC-M1V3-OBS-T06-J72-A-20260804T063013Z|P1,DriveClarify,TASK_EQUIVALENT,1,0,0,0,0,1
PUBLIC_df334413d1f526c1c71eab46,TOWN06_JUNCTION_72_UNIT01|CFG_LONGER_VS_SHARPER|DC-M1V3-OBS-T06-J72-A-20260804T063013Z|P2,Never Clarify,TASK_EQUIVALENT,1,0,0,0,0,1
PUBLIC_df334413d1f526c1c71eab46,TOWN06_JUNCTION_72_UNIT01|CFG_LONGER_VS_SHARPER|DC-M1V3-OBS-T06-J72-A-20260804T063013Z|P2,Always Clarify,TASK_EQUIVALENT,1,0,1,1,0,0
PUBLIC_df334413d1f526c1c71eab46,TOWN06_JUNCTION_72_UNIT01|CFG_LONGER_VS_SHARPER|DC-M1V3-OBS-T06-J72-A-20260804T063013Z|P2,Ambiguity-Only,TASK_EQUIVALENT,1,0,1,1,0,0
PUBLIC_df334413d1f526c1c71eab46,TOWN06_JUNCTION_72_UNIT01|CFG_LONGER_VS_SHARPER|DC-M1V3-OBS-T06-J72-A-20260804T063013Z|P2,Trajectory-Distance,TASK_EQUIVALENT,1,0,0,0,0,1
PUBLIC_df334413d1f526c1c71eab46,TOWN06_JUNCTION_72_UNIT01|CFG_LONGER_VS_SHARPER|DC-M1V3-OBS-T06-J72-A-20260804T063013Z|P2,Random-Query@matched-rate,TASK_EQUIVALENT,1,0,1/3,1/3,0,2/3
PUBLIC_df334413d1f526c1c71eab46,TOWN06_JUNCTION_72_UNIT01|CFG_LONGER_VS_SHARPER|DC-M1V3-OBS-T06-J72-A-20260804T063013Z|P2,DriveClarify,TASK_EQUIVALENT,1,0,0,0,0,1
PUBLIC_a19637f6e3e58960ec837db0,TOWN06_JUNCTION_72_UNIT01|CFG_SAME_EXPRESSION|DC-M1V3-OBS-T06-J72-A-20260804T063013Z|P1,Never Clarify,TASK_EQUIVALENT,1,0,0,0,0,1
PUBLIC_a19637f6e3e58960ec837db0,TOWN06_JUNCTION_72_UNIT01|CFG_SAME_EXPRESSION|DC-M1V3-OBS-T06-J72-A-20260804T063013Z|P1,Always Clarify,TASK_EQUIVALENT,1,0,1,1,0,0
PUBLIC_a19637f6e3e58960ec837db0,TOWN06_JUNCTION_72_UNIT01|CFG_SAME_EXPRESSION|DC-M1V3-OBS-T06-J72-A-20260804T063013Z|P1,Ambiguity-Only,TASK_EQUIVALENT,1,0,1,1,0,0
PUBLIC_a19637f6e3e58960ec837db0,TOWN06_JUNCTION_72_UNIT01|CFG_SAME_EXPRESSION|DC-M1V3-OBS-T06-J72-A-20260804T063013Z|P1,Trajectory-Distance,TASK_EQUIVALENT,1,0,0,0,0,1
PUBLIC_a19637f6e3e58960ec837db0,TOWN06_JUNCTION_72_UNIT01|CFG_SAME_EXPRESSION|DC-M1V3-OBS-T06-J72-A-20260804T063013Z|P1,Random-Query@matched-rate,TASK_EQUIVALENT,1,0,1/3,1/3,0,2/3
PUBLIC_a19637f6e3e58960ec837db0,TOWN06_JUNCTION_72_UNIT01|CFG_SAME_EXPRESSION|DC-M1V3-OBS-T06-J72-A-20260804T063013Z|P1,DriveClarify,TASK_EQUIVALENT,1,0,0,0,0,1
PUBLIC_f06cdf8bf7d475fd189de39d,TOWN06_JUNCTION_72_UNIT01|CFG_SAME_EXPRESSION|DC-M1V3-OBS-T06-J72-A-20260804T063013Z|P2,Never Clarify,TASK_EQUIVALENT,1,0,0,0,0,1
PUBLIC_f06cdf8bf7d475fd189de39d,TOWN06_JUNCTION_72_UNIT01|CFG_SAME_EXPRESSION|DC-M1V3-OBS-T06-J72-A-20260804T063013Z|P2,Always Clarify,TASK_EQUIVALENT,1,0,1,1,0,0
PUBLIC_f06cdf8bf7d475fd189de39d,TOWN06_JUNCTION_72_UNIT01|CFG_SAME_EXPRESSION|DC-M1V3-OBS-T06-J72-A-20260804T063013Z|P2,Ambiguity-Only,TASK_EQUIVALENT,1,0,1,1,0,0
PUBLIC_f06cdf8bf7d475fd189de39d,TOWN06_JUNCTION_72_UNIT01|CFG_SAME_EXPRESSION|DC-M1V3-OBS-T06-J72-A-20260804T063013Z|P2,Trajectory-Distance,TASK_EQUIVALENT,1,0,0,0,0,1
PUBLIC_f06cdf8bf7d475fd189de39d,TOWN06_JUNCTION_72_UNIT01|CFG_SAME_EXPRESSION|DC-M1V3-OBS-T06-J72-A-20260804T063013Z|P2,Random-Query@matched-rate,TASK_EQUIVALENT,1,0,1/3,1/3,0,2/3
PUBLIC_f06cdf8bf7d475fd189de39d,TOWN06_JUNCTION_72_UNIT01|CFG_SAME_EXPRESSION|DC-M1V3-OBS-T06-J72-A-20260804T063013Z|P2,DriveClarify,TASK_EQUIVALENT,1,0,0,0,0,1
PUBLIC_9e8c9ad165ee4c7882009ed7,TOWN07_JUNCTION_260_UNIT01|CFG_LONGER_VS_STRAIGHTER|DC-M1V3-OBS-T07-J260-A-20260804T063017Z|P1,Never Clarify,TASK_EQUIVALENT,1,0,0,0,0,1
PUBLIC_9e8c9ad165ee4c7882009ed7,TOWN07_JUNCTION_260_UNIT01|CFG_LONGER_VS_STRAIGHTER|DC-M1V3-OBS-T07-J260-A-20260804T063017Z|P1,Always Clarify,TASK_EQUIVALENT,1,0,1,1,0,0
PUBLIC_9e8c9ad165ee4c7882009ed7,TOWN07_JUNCTION_260_UNIT01|CFG_LONGER_VS_STRAIGHTER|DC-M1V3-OBS-T07-J260-A-20260804T063017Z|P1,Ambiguity-Only,TASK_EQUIVALENT,1,0,1,1,0,0
PUBLIC_9e8c9ad165ee4c7882009ed7,TOWN07_JUNCTION_260_UNIT01|CFG_LONGER_VS_STRAIGHTER|DC-M1V3-OBS-T07-J260-A-20260804T063017Z|P1,Trajectory-Distance,TASK_EQUIVALENT,1,0,0,0,0,1
PUBLIC_9e8c9ad165ee4c7882009ed7,TOWN07_JUNCTION_260_UNIT01|CFG_LONGER_VS_STRAIGHTER|DC-M1V3-OBS-T07-J260-A-20260804T063017Z|P1,Random-Query@matched-rate,TASK_EQUIVALENT,1,0,1/3,1/3,0,2/3
PUBLIC_9e8c9ad165ee4c7882009ed7,TOWN07_JUNCTION_260_UNIT01|CFG_LONGER_VS_STRAIGHTER|DC-M1V3-OBS-T07-J260-A-20260804T063017Z|P1,DriveClarify,TASK_EQUIVALENT,1,0,0,0,0,1
PUBLIC_7cd9fab7f9a978936c932c13,TOWN07_JUNCTION_260_UNIT01|CFG_LONGER_VS_STRAIGHTER|DC-M1V3-OBS-T07-J260-A-20260804T063017Z|P2,Never Clarify,TASK_EQUIVALENT,1,0,0,0,0,1
PUBLIC_7cd9fab7f9a978936c932c13,TOWN07_JUNCTION_260_UNIT01|CFG_LONGER_VS_STRAIGHTER|DC-M1V3-OBS-T07-J260-A-20260804T063017Z|P2,Always Clarify,TASK_EQUIVALENT,1,0,1,1,0,0
PUBLIC_7cd9fab7f9a978936c932c13,TOWN07_JUNCTION_260_UNIT01|CFG_LONGER_VS_STRAIGHTER|DC-M1V3-OBS-T07-J260-A-20260804T063017Z|P2,Ambiguity-Only,TASK_EQUIVALENT,1,0,1,1,0,0
PUBLIC_7cd9fab7f9a978936c932c13,TOWN07_JUNCTION_260_UNIT01|CFG_LONGER_VS_STRAIGHTER|DC-M1V3-OBS-T07-J260-A-20260804T063017Z|P2,Trajectory-Distance,TASK_EQUIVALENT,1,0,0,0,0,1
PUBLIC_7cd9fab7f9a978936c932c13,TOWN07_JUNCTION_260_UNIT01|CFG_LONGER_VS_STRAIGHTER|DC-M1V3-OBS-T07-J260-A-20260804T063017Z|P2,Random-Query@matched-rate,TASK_EQUIVALENT,1,0,1/3,1/3,0,2/3
PUBLIC_7cd9fab7f9a978936c932c13,TOWN07_JUNCTION_260_UNIT01|CFG_LONGER_VS_STRAIGHTER|DC-M1V3-OBS-T07-J260-A-20260804T063017Z|P2,DriveClarify,TASK_EQUIVALENT,1,0,0,0,0,1
PUBLIC_05777765fd6a8c58e6c5217e,TOWN07_JUNCTION_260_UNIT01|CFG_LONGER_VS_SHARPER|DC-M1V3-OBS-T07-J260-A-20260804T063017Z|P1,Never Clarify,TASK_DIVERGENT,1/2,1/2,0,0,0,0
PUBLIC_05777765fd6a8c58e6c5217e,TOWN07_JUNCTION_260_UNIT01|CFG_LONGER_VS_SHARPER|DC-M1V3-OBS-T07-J260-A-20260804T063017Z|P1,Always Clarify,TASK_DIVERGENT,1,0,1,0,1,0
PUBLIC_05777765fd6a8c58e6c5217e,TOWN07_JUNCTION_260_UNIT01|CFG_LONGER_VS_SHARPER|DC-M1V3-OBS-T07-J260-A-20260804T063017Z|P1,Ambiguity-Only,TASK_DIVERGENT,1,0,1,0,1,0
PUBLIC_05777765fd6a8c58e6c5217e,TOWN07_JUNCTION_260_UNIT01|CFG_LONGER_VS_SHARPER|DC-M1V3-OBS-T07-J260-A-20260804T063017Z|P1,Trajectory-Distance,TASK_DIVERGENT,1/2,1/2,0,0,0,0
PUBLIC_05777765fd6a8c58e6c5217e,TOWN07_JUNCTION_260_UNIT01|CFG_LONGER_VS_SHARPER|DC-M1V3-OBS-T07-J260-A-20260804T063017Z|P1,Random-Query@matched-rate,TASK_DIVERGENT,2/3,1/3,1/3,0,1/3,0
PUBLIC_05777765fd6a8c58e6c5217e,TOWN07_JUNCTION_260_UNIT01|CFG_LONGER_VS_SHARPER|DC-M1V3-OBS-T07-J260-A-20260804T063017Z|P1,DriveClarify,TASK_DIVERGENT,1,0,1,0,1,0
PUBLIC_9232d0eb4c81ac4e0c3c7a66,TOWN07_JUNCTION_260_UNIT01|CFG_LONGER_VS_SHARPER|DC-M1V3-OBS-T07-J260-A-20260804T063017Z|P2,Never Clarify,TASK_DIVERGENT,1/2,1/2,0,0,0,0
PUBLIC_9232d0eb4c81ac4e0c3c7a66,TOWN07_JUNCTION_260_UNIT01|CFG_LONGER_VS_SHARPER|DC-M1V3-OBS-T07-J260-A-20260804T063017Z|P2,Always Clarify,TASK_DIVERGENT,1,0,1,0,1,0
PUBLIC_9232d0eb4c81ac4e0c3c7a66,TOWN07_JUNCTION_260_UNIT01|CFG_LONGER_VS_SHARPER|DC-M1V3-OBS-T07-J260-A-20260804T063017Z|P2,Ambiguity-Only,TASK_DIVERGENT,1,0,1,0,1,0
PUBLIC_9232d0eb4c81ac4e0c3c7a66,TOWN07_JUNCTION_260_UNIT01|CFG_LONGER_VS_SHARPER|DC-M1V3-OBS-T07-J260-A-20260804T063017Z|P2,Trajectory-Distance,TASK_DIVERGENT,1/2,1/2,0,0,0,0
PUBLIC_9232d0eb4c81ac4e0c3c7a66,TOWN07_JUNCTION_260_UNIT01|CFG_LONGER_VS_SHARPER|DC-M1V3-OBS-T07-J260-A-20260804T063017Z|P2,Random-Query@matched-rate,TASK_DIVERGENT,2/3,1/3,1/3,0,1/3,0
PUBLIC_9232d0eb4c81ac4e0c3c7a66,TOWN07_JUNCTION_260_UNIT01|CFG_LONGER_VS_SHARPER|DC-M1V3-OBS-T07-J260-A-20260804T063017Z|P2,DriveClarify,TASK_DIVERGENT,1,0,1,0,1,0
PUBLIC_8328a1fb7085fd76ee9b94f5,TOWN07_JUNCTION_260_UNIT01|CFG_SAME_EXPRESSION|DC-M1V3-OBS-T07-J260-A-20260804T063017Z|P1,Never Clarify,TASK_EQUIVALENT,1,0,0,0,0,1
PUBLIC_8328a1fb7085fd76ee9b94f5,TOWN07_JUNCTION_260_UNIT01|CFG_SAME_EXPRESSION|DC-M1V3-OBS-T07-J260-A-20260804T063017Z|P1,Always Clarify,TASK_EQUIVALENT,1,0,1,1,0,0
PUBLIC_8328a1fb7085fd76ee9b94f5,TOWN07_JUNCTION_260_UNIT01|CFG_SAME_EXPRESSION|DC-M1V3-OBS-T07-J260-A-20260804T063017Z|P1,Ambiguity-Only,TASK_EQUIVALENT,1,0,1,1,0,0
PUBLIC_8328a1fb7085fd76ee9b94f5,TOWN07_JUNCTION_260_UNIT01|CFG_SAME_EXPRESSION|DC-M1V3-OBS-T07-J260-A-20260804T063017Z|P1,Trajectory-Distance,TASK_EQUIVALENT,1,0,0,0,0,1
PUBLIC_8328a1fb7085fd76ee9b94f5,TOWN07_JUNCTION_260_UNIT01|CFG_SAME_EXPRESSION|DC-M1V3-OBS-T07-J260-A-20260804T063017Z|P1,Random-Query@matched-rate,TASK_EQUIVALENT,1,0,1/3,1/3,0,2/3
PUBLIC_8328a1fb7085fd76ee9b94f5,TOWN07_JUNCTION_260_UNIT01|CFG_SAME_EXPRESSION|DC-M1V3-OBS-T07-J260-A-20260804T063017Z|P1,DriveClarify,TASK_EQUIVALENT,1,0,0,0,0,1
PUBLIC_93ef08cb7df36e6727e992e9,TOWN07_JUNCTION_260_UNIT01|CFG_SAME_EXPRESSION|DC-M1V3-OBS-T07-J260-A-20260804T063017Z|P2,Never Clarify,TASK_EQUIVALENT,1,0,0,0,0,1
PUBLIC_93ef08cb7df36e6727e992e9,TOWN07_JUNCTION_260_UNIT01|CFG_SAME_EXPRESSION|DC-M1V3-OBS-T07-J260-A-20260804T063017Z|P2,Always Clarify,TASK_EQUIVALENT,1,0,1,1,0,0
PUBLIC_93ef08cb7df36e6727e992e9,TOWN07_JUNCTION_260_UNIT01|CFG_SAME_EXPRESSION|DC-M1V3-OBS-T07-J260-A-20260804T063017Z|P2,Ambiguity-Only,TASK_EQUIVALENT,1,0,1,1,0,0
PUBLIC_93ef08cb7df36e6727e992e9,TOWN07_JUNCTION_260_UNIT01|CFG_SAME_EXPRESSION|DC-M1V3-OBS-T07-J260-A-20260804T063017Z|P2,Trajectory-Distance,TASK_EQUIVALENT,1,0,0,0,0,1
PUBLIC_93ef08cb7df36e6727e992e9,TOWN07_JUNCTION_260_UNIT01|CFG_SAME_EXPRESSION|DC-M1V3-OBS-T07-J260-A-20260804T063017Z|P2,Random-Query@matched-rate,TASK_EQUIVALENT,1,0,1/3,1/3,0,2/3
PUBLIC_93ef08cb7df36e6727e992e9,TOWN07_JUNCTION_260_UNIT01|CFG_SAME_EXPRESSION|DC-M1V3-OBS-T07-J260-A-20260804T063017Z|P2,DriveClarify,TASK_EQUIVALENT,1,0,0,0,0,1
PUBLIC_28ec589efb54319183fa691b,TOWN10HD_JUNCTION_664_UNIT01|CFG_LONGER_VS_STRAIGHTER|DC-M1V3-OBS-T10HD-J664-A-20260804T063024Z|P1,Never Clarify,TASK_EQUIVALENT,1,0,0,0,0,1
PUBLIC_28ec589efb54319183fa691b,TOWN10HD_JUNCTION_664_UNIT01|CFG_LONGER_VS_STRAIGHTER|DC-M1V3-OBS-T10HD-J664-A-20260804T063024Z|P1,Always Clarify,TASK_EQUIVALENT,1,0,1,1,0,0
PUBLIC_28ec589efb54319183fa691b,TOWN10HD_JUNCTION_664_UNIT01|CFG_LONGER_VS_STRAIGHTER|DC-M1V3-OBS-T10HD-J664-A-20260804T063024Z|P1,Ambiguity-Only,TASK_EQUIVALENT,1,0,1,1,0,0
PUBLIC_28ec589efb54319183fa691b,TOWN10HD_JUNCTION_664_UNIT01|CFG_LONGER_VS_STRAIGHTER|DC-M1V3-OBS-T10HD-J664-A-20260804T063024Z|P1,Trajectory-Distance,TASK_EQUIVALENT,1,0,0,0,0,1
PUBLIC_28ec589efb54319183fa691b,TOWN10HD_JUNCTION_664_UNIT01|CFG_LONGER_VS_STRAIGHTER|DC-M1V3-OBS-T10HD-J664-A-20260804T063024Z|P1,Random-Query@matched-rate,TASK_EQUIVALENT,1,0,1/3,1/3,0,2/3
PUBLIC_28ec589efb54319183fa691b,TOWN10HD_JUNCTION_664_UNIT01|CFG_LONGER_VS_STRAIGHTER|DC-M1V3-OBS-T10HD-J664-A-20260804T063024Z|P1,DriveClarify,TASK_EQUIVALENT,1,0,0,0,0,1
PUBLIC_ad2f50018a5416a31cb2283b,TOWN10HD_JUNCTION_664_UNIT01|CFG_LONGER_VS_STRAIGHTER|DC-M1V3-OBS-T10HD-J664-A-20260804T063024Z|P2,Never Clarify,TASK_EQUIVALENT,1,0,0,0,0,1
PUBLIC_ad2f50018a5416a31cb2283b,TOWN10HD_JUNCTION_664_UNIT01|CFG_LONGER_VS_STRAIGHTER|DC-M1V3-OBS-T10HD-J664-A-20260804T063024Z|P2,Always Clarify,TASK_EQUIVALENT,1,0,1,1,0,0
PUBLIC_ad2f50018a5416a31cb2283b,TOWN10HD_JUNCTION_664_UNIT01|CFG_LONGER_VS_STRAIGHTER|DC-M1V3-OBS-T10HD-J664-A-20260804T063024Z|P2,Ambiguity-Only,TASK_EQUIVALENT,1,0,1,1,0,0
PUBLIC_ad2f50018a5416a31cb2283b,TOWN10HD_JUNCTION_664_UNIT01|CFG_LONGER_VS_STRAIGHTER|DC-M1V3-OBS-T10HD-J664-A-20260804T063024Z|P2,Trajectory-Distance,TASK_EQUIVALENT,1,0,0,0,0,1
PUBLIC_ad2f50018a5416a31cb2283b,TOWN10HD_JUNCTION_664_UNIT01|CFG_LONGER_VS_STRAIGHTER|DC-M1V3-OBS-T10HD-J664-A-20260804T063024Z|P2,Random-Query@matched-rate,TASK_EQUIVALENT,1,0,1/3,1/3,0,2/3
PUBLIC_ad2f50018a5416a31cb2283b,TOWN10HD_JUNCTION_664_UNIT01|CFG_LONGER_VS_STRAIGHTER|DC-M1V3-OBS-T10HD-J664-A-20260804T063024Z|P2,DriveClarify,TASK_EQUIVALENT,1,0,0,0,0,1
PUBLIC_a636ba2e26c96a79f5388029,TOWN10HD_JUNCTION_664_UNIT01|CFG_LONGER_VS_SHARPER|DC-M1V3-OBS-T10HD-J664-A-20260804T063024Z|P1,Never Clarify,TASK_DIVERGENT,1/2,1/2,0,0,0,0
PUBLIC_a636ba2e26c96a79f5388029,TOWN10HD_JUNCTION_664_UNIT01|CFG_LONGER_VS_SHARPER|DC-M1V3-OBS-T10HD-J664-A-20260804T063024Z|P1,Always Clarify,TASK_DIVERGENT,1,0,1,0,1,0
PUBLIC_a636ba2e26c96a79f5388029,TOWN10HD_JUNCTION_664_UNIT01|CFG_LONGER_VS_SHARPER|DC-M1V3-OBS-T10HD-J664-A-20260804T063024Z|P1,Ambiguity-Only,TASK_DIVERGENT,1,0,1,0,1,0
PUBLIC_a636ba2e26c96a79f5388029,TOWN10HD_JUNCTION_664_UNIT01|CFG_LONGER_VS_SHARPER|DC-M1V3-OBS-T10HD-J664-A-20260804T063024Z|P1,Trajectory-Distance,TASK_DIVERGENT,1/2,1/2,0,0,0,0
PUBLIC_a636ba2e26c96a79f5388029,TOWN10HD_JUNCTION_664_UNIT01|CFG_LONGER_VS_SHARPER|DC-M1V3-OBS-T10HD-J664-A-20260804T063024Z|P1,Random-Query@matched-rate,TASK_DIVERGENT,2/3,1/3,1/3,0,1/3,0
PUBLIC_a636ba2e26c96a79f5388029,TOWN10HD_JUNCTION_664_UNIT01|CFG_LONGER_VS_SHARPER|DC-M1V3-OBS-T10HD-J664-A-20260804T063024Z|P1,DriveClarify,TASK_DIVERGENT,1,0,1,0,1,0
PUBLIC_886c4906d41bf0db0c7f977a,TOWN10HD_JUNCTION_664_UNIT01|CFG_LONGER_VS_SHARPER|DC-M1V3-OBS-T10HD-J664-A-20260804T063024Z|P2,Never Clarify,TASK_DIVERGENT,1/2,1/2,0,0,0,0
PUBLIC_886c4906d41bf0db0c7f977a,TOWN10HD_JUNCTION_664_UNIT01|CFG_LONGER_VS_SHARPER|DC-M1V3-OBS-T10HD-J664-A-20260804T063024Z|P2,Always Clarify,TASK_DIVERGENT,1,0,1,0,1,0
PUBLIC_886c4906d41bf0db0c7f977a,TOWN10HD_JUNCTION_664_UNIT01|CFG_LONGER_VS_SHARPER|DC-M1V3-OBS-T10HD-J664-A-20260804T063024Z|P2,Ambiguity-Only,TASK_DIVERGENT,1,0,1,0,1,0
PUBLIC_886c4906d41bf0db0c7f977a,TOWN10HD_JUNCTION_664_UNIT01|CFG_LONGER_VS_SHARPER|DC-M1V3-OBS-T10HD-J664-A-20260804T063024Z|P2,Trajectory-Distance,TASK_DIVERGENT,1/2,1/2,0,0,0,0
PUBLIC_886c4906d41bf0db0c7f977a,TOWN10HD_JUNCTION_664_UNIT01|CFG_LONGER_VS_SHARPER|DC-M1V3-OBS-T10HD-J664-A-20260804T063024Z|P2,Random-Query@matched-rate,TASK_DIVERGENT,2/3,1/3,1/3,0,1/3,0
PUBLIC_886c4906d41bf0db0c7f977a,TOWN10HD_JUNCTION_664_UNIT01|CFG_LONGER_VS_SHARPER|DC-M1V3-OBS-T10HD-J664-A-20260804T063024Z|P2,DriveClarify,TASK_DIVERGENT,1,0,1,0,1,0
PUBLIC_9d043a042d01ba220c8f7976,TOWN10HD_JUNCTION_664_UNIT01|CFG_SAME_EXPRESSION|DC-M1V3-OBS-T10HD-J664-A-20260804T063024Z|P1,Never Clarify,TASK_EQUIVALENT,1,0,0,0,0,1
PUBLIC_9d043a042d01ba220c8f7976,TOWN10HD_JUNCTION_664_UNIT01|CFG_SAME_EXPRESSION|DC-M1V3-OBS-T10HD-J664-A-20260804T063024Z|P1,Always Clarify,TASK_EQUIVALENT,1,0,1,1,0,0
PUBLIC_9d043a042d01ba220c8f7976,TOWN10HD_JUNCTION_664_UNIT01|CFG_SAME_EXPRESSION|DC-M1V3-OBS-T10HD-J664-A-20260804T063024Z|P1,Ambiguity-Only,TASK_EQUIVALENT,1,0,1,1,0,0
PUBLIC_9d043a042d01ba220c8f7976,TOWN10HD_JUNCTION_664_UNIT01|CFG_SAME_EXPRESSION|DC-M1V3-OBS-T10HD-J664-A-20260804T063024Z|P1,Trajectory-Distance,TASK_EQUIVALENT,1,0,0,0,0,1
PUBLIC_9d043a042d01ba220c8f7976,TOWN10HD_JUNCTION_664_UNIT01|CFG_SAME_EXPRESSION|DC-M1V3-OBS-T10HD-J664-A-20260804T063024Z|P1,Random-Query@matched-rate,TASK_EQUIVALENT,1,0,1/3,1/3,0,2/3
PUBLIC_9d043a042d01ba220c8f7976,TOWN10HD_JUNCTION_664_UNIT01|CFG_SAME_EXPRESSION|DC-M1V3-OBS-T10HD-J664-A-20260804T063024Z|P1,DriveClarify,TASK_EQUIVALENT,1,0,0,0,0,1
PUBLIC_6b49ae6736c6d3a1b2f648ea,TOWN10HD_JUNCTION_664_UNIT01|CFG_SAME_EXPRESSION|DC-M1V3-OBS-T10HD-J664-A-20260804T063024Z|P2,Never Clarify,TASK_EQUIVALENT,1,0,0,0,0,1
PUBLIC_6b49ae6736c6d3a1b2f648ea,TOWN10HD_JUNCTION_664_UNIT01|CFG_SAME_EXPRESSION|DC-M1V3-OBS-T10HD-J664-A-20260804T063024Z|P2,Always Clarify,TASK_EQUIVALENT,1,0,1,1,0,0
PUBLIC_6b49ae6736c6d3a1b2f648ea,TOWN10HD_JUNCTION_664_UNIT01|CFG_SAME_EXPRESSION|DC-M1V3-OBS-T10HD-J664-A-20260804T063024Z|P2,Ambiguity-Only,TASK_EQUIVALENT,1,0,1,1,0,0
PUBLIC_6b49ae6736c6d3a1b2f648ea,TOWN10HD_JUNCTION_664_UNIT01|CFG_SAME_EXPRESSION|DC-M1V3-OBS-T10HD-J664-A-20260804T063024Z|P2,Trajectory-Distance,TASK_EQUIVALENT,1,0,0,0,0,1
PUBLIC_6b49ae6736c6d3a1b2f648ea,TOWN10HD_JUNCTION_664_UNIT01|CFG_SAME_EXPRESSION|DC-M1V3-OBS-T10HD-J664-A-20260804T063024Z|P2,Random-Query@matched-rate,TASK_EQUIVALENT,1,0,1/3,1/3,0,2/3
PUBLIC_6b49ae6736c6d3a1b2f648ea,TOWN10HD_JUNCTION_664_UNIT01|CFG_SAME_EXPRESSION|DC-M1V3-OBS-T10HD-J664-A-20260804T063024Z|P2,DriveClarify,TASK_EQUIVALENT,1,0,0,0,0,1
PUBLIC_ab08e68aaab38e78f46c6afb,TOWN01_JUNCTION_110_UNIT01|CFG_LONGER_VS_STRAIGHTER|DC-M1V3-OBS-T01-J110-A-20260804T063023Z|P1,Never Clarify,TASK_EQUIVALENT,1,0,0,0,0,1
PUBLIC_ab08e68aaab38e78f46c6afb,TOWN01_JUNCTION_110_UNIT01|CFG_LONGER_VS_STRAIGHTER|DC-M1V3-OBS-T01-J110-A-20260804T063023Z|P1,Always Clarify,TASK_EQUIVALENT,1,0,1,1,0,0
PUBLIC_ab08e68aaab38e78f46c6afb,TOWN01_JUNCTION_110_UNIT01|CFG_LONGER_VS_STRAIGHTER|DC-M1V3-OBS-T01-J110-A-20260804T063023Z|P1,Ambiguity-Only,TASK_EQUIVALENT,1,0,1,1,0,0
PUBLIC_ab08e68aaab38e78f46c6afb,TOWN01_JUNCTION_110_UNIT01|CFG_LONGER_VS_STRAIGHTER|DC-M1V3-OBS-T01-J110-A-20260804T063023Z|P1,Trajectory-Distance,TASK_EQUIVALENT,1,0,1,1,0,0
PUBLIC_ab08e68aaab38e78f46c6afb,TOWN01_JUNCTION_110_UNIT01|CFG_LONGER_VS_STRAIGHTER|DC-M1V3-OBS-T01-J110-A-20260804T063023Z|P1,Random-Query@matched-rate,TASK_EQUIVALENT,1,0,1/3,1/3,0,2/3
PUBLIC_ab08e68aaab38e78f46c6afb,TOWN01_JUNCTION_110_UNIT01|CFG_LONGER_VS_STRAIGHTER|DC-M1V3-OBS-T01-J110-A-20260804T063023Z|P1,DriveClarify,TASK_EQUIVALENT,1,0,0,0,0,1
PUBLIC_82064338998074cf9e0f99fa,TOWN01_JUNCTION_110_UNIT01|CFG_LONGER_VS_STRAIGHTER|DC-M1V3-OBS-T01-J110-A-20260804T063023Z|P2,Never Clarify,TASK_EQUIVALENT,1,0,0,0,0,1
PUBLIC_82064338998074cf9e0f99fa,TOWN01_JUNCTION_110_UNIT01|CFG_LONGER_VS_STRAIGHTER|DC-M1V3-OBS-T01-J110-A-20260804T063023Z|P2,Always Clarify,TASK_EQUIVALENT,1,0,1,1,0,0
PUBLIC_82064338998074cf9e0f99fa,TOWN01_JUNCTION_110_UNIT01|CFG_LONGER_VS_STRAIGHTER|DC-M1V3-OBS-T01-J110-A-20260804T063023Z|P2,Ambiguity-Only,TASK_EQUIVALENT,1,0,1,1,0,0
PUBLIC_82064338998074cf9e0f99fa,TOWN01_JUNCTION_110_UNIT01|CFG_LONGER_VS_STRAIGHTER|DC-M1V3-OBS-T01-J110-A-20260804T063023Z|P2,Trajectory-Distance,TASK_EQUIVALENT,1,0,0,0,0,1
PUBLIC_82064338998074cf9e0f99fa,TOWN01_JUNCTION_110_UNIT01|CFG_LONGER_VS_STRAIGHTER|DC-M1V3-OBS-T01-J110-A-20260804T063023Z|P2,Random-Query@matched-rate,TASK_EQUIVALENT,1,0,1/3,1/3,0,2/3
PUBLIC_82064338998074cf9e0f99fa,TOWN01_JUNCTION_110_UNIT01|CFG_LONGER_VS_STRAIGHTER|DC-M1V3-OBS-T01-J110-A-20260804T063023Z|P2,DriveClarify,TASK_EQUIVALENT,1,0,0,0,0,1
PUBLIC_fce8ef66f7c44b7e8db617a5,TOWN01_JUNCTION_110_UNIT01|CFG_LONGER_VS_SHARPER|DC-M1V3-OBS-T01-J110-A-20260804T063023Z|P1,Never Clarify,TASK_DIVERGENT,1/2,1/2,0,0,0,0
PUBLIC_fce8ef66f7c44b7e8db617a5,TOWN01_JUNCTION_110_UNIT01|CFG_LONGER_VS_SHARPER|DC-M1V3-OBS-T01-J110-A-20260804T063023Z|P1,Always Clarify,TASK_DIVERGENT,1,0,1,0,1,0
PUBLIC_fce8ef66f7c44b7e8db617a5,TOWN01_JUNCTION_110_UNIT01|CFG_LONGER_VS_SHARPER|DC-M1V3-OBS-T01-J110-A-20260804T063023Z|P1,Ambiguity-Only,TASK_DIVERGENT,1,0,1,0,1,0
PUBLIC_fce8ef66f7c44b7e8db617a5,TOWN01_JUNCTION_110_UNIT01|CFG_LONGER_VS_SHARPER|DC-M1V3-OBS-T01-J110-A-20260804T063023Z|P1,Trajectory-Distance,TASK_DIVERGENT,1/2,1/2,0,0,0,0
PUBLIC_fce8ef66f7c44b7e8db617a5,TOWN01_JUNCTION_110_UNIT01|CFG_LONGER_VS_SHARPER|DC-M1V3-OBS-T01-J110-A-20260804T063023Z|P1,Random-Query@matched-rate,TASK_DIVERGENT,2/3,1/3,1/3,0,1/3,0
PUBLIC_fce8ef66f7c44b7e8db617a5,TOWN01_JUNCTION_110_UNIT01|CFG_LONGER_VS_SHARPER|DC-M1V3-OBS-T01-J110-A-20260804T063023Z|P1,DriveClarify,TASK_DIVERGENT,1,0,1,0,1,0
PUBLIC_91523eecf024f7c5326dd133,TOWN01_JUNCTION_110_UNIT01|CFG_LONGER_VS_SHARPER|DC-M1V3-OBS-T01-J110-A-20260804T063023Z|P2,Never Clarify,TASK_DIVERGENT,1/2,1/2,0,0,0,0
PUBLIC_91523eecf024f7c5326dd133,TOWN01_JUNCTION_110_UNIT01|CFG_LONGER_VS_SHARPER|DC-M1V3-OBS-T01-J110-A-20260804T063023Z|P2,Always Clarify,TASK_DIVERGENT,1,0,1,0,1,0
PUBLIC_91523eecf024f7c5326dd133,TOWN01_JUNCTION_110_UNIT01|CFG_LONGER_VS_SHARPER|DC-M1V3-OBS-T01-J110-A-20260804T063023Z|P2,Ambiguity-Only,TASK_DIVERGENT,1,0,1,0,1,0
PUBLIC_91523eecf024f7c5326dd133,TOWN01_JUNCTION_110_UNIT01|CFG_LONGER_VS_SHARPER|DC-M1V3-OBS-T01-J110-A-20260804T063023Z|P2,Trajectory-Distance,TASK_DIVERGENT,1/2,1/2,0,0,0,0
PUBLIC_91523eecf024f7c5326dd133,TOWN01_JUNCTION_110_UNIT01|CFG_LONGER_VS_SHARPER|DC-M1V3-OBS-T01-J110-A-20260804T063023Z|P2,Random-Query@matched-rate,TASK_DIVERGENT,2/3,1/3,1/3,0,1/3,0
PUBLIC_91523eecf024f7c5326dd133,TOWN01_JUNCTION_110_UNIT01|CFG_LONGER_VS_SHARPER|DC-M1V3-OBS-T01-J110-A-20260804T063023Z|P2,DriveClarify,TASK_DIVERGENT,1,0,1,0,1,0
PUBLIC_a82dc8177ed15c609a2adbe6,TOWN01_JUNCTION_110_UNIT01|CFG_SAME_EXPRESSION|DC-M1V3-OBS-T01-J110-A-20260804T063023Z|P1,Never Clarify,TASK_EQUIVALENT,1,0,0,0,0,1
PUBLIC_a82dc8177ed15c609a2adbe6,TOWN01_JUNCTION_110_UNIT01|CFG_SAME_EXPRESSION|DC-M1V3-OBS-T01-J110-A-20260804T063023Z|P1,Always Clarify,TASK_EQUIVALENT,1,0,1,1,0,0
PUBLIC_a82dc8177ed15c609a2adbe6,TOWN01_JUNCTION_110_UNIT01|CFG_SAME_EXPRESSION|DC-M1V3-OBS-T01-J110-A-20260804T063023Z|P1,Ambiguity-Only,TASK_EQUIVALENT,1,0,1,1,0,0
PUBLIC_a82dc8177ed15c609a2adbe6,TOWN01_JUNCTION_110_UNIT01|CFG_SAME_EXPRESSION|DC-M1V3-OBS-T01-J110-A-20260804T063023Z|P1,Trajectory-Distance,TASK_EQUIVALENT,1,0,0,0,0,1
PUBLIC_a82dc8177ed15c609a2adbe6,TOWN01_JUNCTION_110_UNIT01|CFG_SAME_EXPRESSION|DC-M1V3-OBS-T01-J110-A-20260804T063023Z|P1,Random-Query@matched-rate,TASK_EQUIVALENT,1,0,1/3,1/3,0,2/3
PUBLIC_a82dc8177ed15c609a2adbe6,TOWN01_JUNCTION_110_UNIT01|CFG_SAME_EXPRESSION|DC-M1V3-OBS-T01-J110-A-20260804T063023Z|P1,DriveClarify,TASK_EQUIVALENT,1,0,0,0,0,1
PUBLIC_cba3da3956596ec352fab400,TOWN01_JUNCTION_110_UNIT01|CFG_SAME_EXPRESSION|DC-M1V3-OBS-T01-J110-A-20260804T063023Z|P2,Never Clarify,TASK_EQUIVALENT,1,0,0,0,0,1
PUBLIC_cba3da3956596ec352fab400,TOWN01_JUNCTION_110_UNIT01|CFG_SAME_EXPRESSION|DC-M1V3-OBS-T01-J110-A-20260804T063023Z|P2,Always Clarify,TASK_EQUIVALENT,1,0,1,1,0,0
PUBLIC_cba3da3956596ec352fab400,TOWN01_JUNCTION_110_UNIT01|CFG_SAME_EXPRESSION|DC-M1V3-OBS-T01-J110-A-20260804T063023Z|P2,Ambiguity-Only,TASK_EQUIVALENT,1,0,1,1,0,0
PUBLIC_cba3da3956596ec352fab400,TOWN01_JUNCTION_110_UNIT01|CFG_SAME_EXPRESSION|DC-M1V3-OBS-T01-J110-A-20260804T063023Z|P2,Trajectory-Distance,TASK_EQUIVALENT,1,0,0,0,0,1
PUBLIC_cba3da3956596ec352fab400,TOWN01_JUNCTION_110_UNIT01|CFG_SAME_EXPRESSION|DC-M1V3-OBS-T01-J110-A-20260804T063023Z|P2,Random-Query@matched-rate,TASK_EQUIVALENT,1,0,1/3,1/3,0,2/3
PUBLIC_cba3da3956596ec352fab400,TOWN01_JUNCTION_110_UNIT01|CFG_SAME_EXPRESSION|DC-M1V3-OBS-T01-J110-A-20260804T063023Z|P2,DriveClarify,TASK_EQUIVALENT,1,0,0,0,0,1
PUBLIC_1c3e16270e48b442e5fd54bf,TOWN01_JUNCTION_54_UNIT01|CFG_LONGER_VS_STRAIGHTER|DC-M1V3-OBS-T01-J54-A-20260804T063021Z|P1,Never Clarify,TASK_EQUIVALENT,1,0,0,0,0,1
PUBLIC_1c3e16270e48b442e5fd54bf,TOWN01_JUNCTION_54_UNIT01|CFG_LONGER_VS_STRAIGHTER|DC-M1V3-OBS-T01-J54-A-20260804T063021Z|P1,Always Clarify,TASK_EQUIVALENT,1,0,1,1,0,0
PUBLIC_1c3e16270e48b442e5fd54bf,TOWN01_JUNCTION_54_UNIT01|CFG_LONGER_VS_STRAIGHTER|DC-M1V3-OBS-T01-J54-A-20260804T063021Z|P1,Ambiguity-Only,TASK_EQUIVALENT,1,0,1,1,0,0
PUBLIC_1c3e16270e48b442e5fd54bf,TOWN01_JUNCTION_54_UNIT01|CFG_LONGER_VS_STRAIGHTER|DC-M1V3-OBS-T01-J54-A-20260804T063021Z|P1,Trajectory-Distance,TASK_EQUIVALENT,1,0,0,0,0,1
PUBLIC_1c3e16270e48b442e5fd54bf,TOWN01_JUNCTION_54_UNIT01|CFG_LONGER_VS_STRAIGHTER|DC-M1V3-OBS-T01-J54-A-20260804T063021Z|P1,Random-Query@matched-rate,TASK_EQUIVALENT,1,0,1/3,1/3,0,2/3
PUBLIC_1c3e16270e48b442e5fd54bf,TOWN01_JUNCTION_54_UNIT01|CFG_LONGER_VS_STRAIGHTER|DC-M1V3-OBS-T01-J54-A-20260804T063021Z|P1,DriveClarify,TASK_EQUIVALENT,1,0,0,0,0,1
PUBLIC_6446944b8e16daf3c8c85bf2,TOWN01_JUNCTION_54_UNIT01|CFG_LONGER_VS_STRAIGHTER|DC-M1V3-OBS-T01-J54-A-20260804T063021Z|P2,Never Clarify,TASK_EQUIVALENT,1,0,0,0,0,1
PUBLIC_6446944b8e16daf3c8c85bf2,TOWN01_JUNCTION_54_UNIT01|CFG_LONGER_VS_STRAIGHTER|DC-M1V3-OBS-T01-J54-A-20260804T063021Z|P2,Always Clarify,TASK_EQUIVALENT,1,0,1,1,0,0
PUBLIC_6446944b8e16daf3c8c85bf2,TOWN01_JUNCTION_54_UNIT01|CFG_LONGER_VS_STRAIGHTER|DC-M1V3-OBS-T01-J54-A-20260804T063021Z|P2,Ambiguity-Only,TASK_EQUIVALENT,1,0,1,1,0,0
PUBLIC_6446944b8e16daf3c8c85bf2,TOWN01_JUNCTION_54_UNIT01|CFG_LONGER_VS_STRAIGHTER|DC-M1V3-OBS-T01-J54-A-20260804T063021Z|P2,Trajectory-Distance,TASK_EQUIVALENT,1,0,1,1,0,0
PUBLIC_6446944b8e16daf3c8c85bf2,TOWN01_JUNCTION_54_UNIT01|CFG_LONGER_VS_STRAIGHTER|DC-M1V3-OBS-T01-J54-A-20260804T063021Z|P2,Random-Query@matched-rate,TASK_EQUIVALENT,1,0,1/3,1/3,0,2/3
PUBLIC_6446944b8e16daf3c8c85bf2,TOWN01_JUNCTION_54_UNIT01|CFG_LONGER_VS_STRAIGHTER|DC-M1V3-OBS-T01-J54-A-20260804T063021Z|P2,DriveClarify,TASK_EQUIVALENT,1,0,0,0,0,1
PUBLIC_a4f21f92d333948e9815b5c4,TOWN01_JUNCTION_54_UNIT01|CFG_LONGER_VS_SHARPER|DC-M1V3-OBS-T01-J54-A-20260804T063021Z|P1,Never Clarify,TASK_DIVERGENT,1/2,1/2,0,0,0,0
PUBLIC_a4f21f92d333948e9815b5c4,TOWN01_JUNCTION_54_UNIT01|CFG_LONGER_VS_SHARPER|DC-M1V3-OBS-T01-J54-A-20260804T063021Z|P1,Always Clarify,TASK_DIVERGENT,1,0,1,0,1,0
PUBLIC_a4f21f92d333948e9815b5c4,TOWN01_JUNCTION_54_UNIT01|CFG_LONGER_VS_SHARPER|DC-M1V3-OBS-T01-J54-A-20260804T063021Z|P1,Ambiguity-Only,TASK_DIVERGENT,1,0,1,0,1,0
PUBLIC_a4f21f92d333948e9815b5c4,TOWN01_JUNCTION_54_UNIT01|CFG_LONGER_VS_SHARPER|DC-M1V3-OBS-T01-J54-A-20260804T063021Z|P1,Trajectory-Distance,TASK_DIVERGENT,1/2,1/2,0,0,0,0
PUBLIC_a4f21f92d333948e9815b5c4,TOWN01_JUNCTION_54_UNIT01|CFG_LONGER_VS_SHARPER|DC-M1V3-OBS-T01-J54-A-20260804T063021Z|P1,Random-Query@matched-rate,TASK_DIVERGENT,2/3,1/3,1/3,0,1/3,0
PUBLIC_a4f21f92d333948e9815b5c4,TOWN01_JUNCTION_54_UNIT01|CFG_LONGER_VS_SHARPER|DC-M1V3-OBS-T01-J54-A-20260804T063021Z|P1,DriveClarify,TASK_DIVERGENT,1,0,1,0,1,0
PUBLIC_0882e57ea1a13a297259199d,TOWN01_JUNCTION_54_UNIT01|CFG_LONGER_VS_SHARPER|DC-M1V3-OBS-T01-J54-A-20260804T063021Z|P2,Never Clarify,TASK_DIVERGENT,1/2,1/2,0,0,0,0
PUBLIC_0882e57ea1a13a297259199d,TOWN01_JUNCTION_54_UNIT01|CFG_LONGER_VS_SHARPER|DC-M1V3-OBS-T01-J54-A-20260804T063021Z|P2,Always Clarify,TASK_DIVERGENT,1,0,1,0,1,0
PUBLIC_0882e57ea1a13a297259199d,TOWN01_JUNCTION_54_UNIT01|CFG_LONGER_VS_SHARPER|DC-M1V3-OBS-T01-J54-A-20260804T063021Z|P2,Ambiguity-Only,TASK_DIVERGENT,1,0,1,0,1,0
PUBLIC_0882e57ea1a13a297259199d,TOWN01_JUNCTION_54_UNIT01|CFG_LONGER_VS_SHARPER|DC-M1V3-OBS-T01-J54-A-20260804T063021Z|P2,Trajectory-Distance,TASK_DIVERGENT,1,0,1,0,1,0
PUBLIC_0882e57ea1a13a297259199d,TOWN01_JUNCTION_54_UNIT01|CFG_LONGER_VS_SHARPER|DC-M1V3-OBS-T01-J54-A-20260804T063021Z|P2,Random-Query@matched-rate,TASK_DIVERGENT,2/3,1/3,1/3,0,1/3,0
PUBLIC_0882e57ea1a13a297259199d,TOWN01_JUNCTION_54_UNIT01|CFG_LONGER_VS_SHARPER|DC-M1V3-OBS-T01-J54-A-20260804T063021Z|P2,DriveClarify,TASK_DIVERGENT,1,0,1,0,1,0
PUBLIC_052ac4317e503584801352a0,TOWN01_JUNCTION_54_UNIT01|CFG_SAME_EXPRESSION|DC-M1V3-OBS-T01-J54-A-20260804T063021Z|P1,Never Clarify,TASK_EQUIVALENT,1,0,0,0,0,1
PUBLIC_052ac4317e503584801352a0,TOWN01_JUNCTION_54_UNIT01|CFG_SAME_EXPRESSION|DC-M1V3-OBS-T01-J54-A-20260804T063021Z|P1,Always Clarify,TASK_EQUIVALENT,1,0,1,1,0,0
PUBLIC_052ac4317e503584801352a0,TOWN01_JUNCTION_54_UNIT01|CFG_SAME_EXPRESSION|DC-M1V3-OBS-T01-J54-A-20260804T063021Z|P1,Ambiguity-Only,TASK_EQUIVALENT,1,0,1,1,0,0
PUBLIC_052ac4317e503584801352a0,TOWN01_JUNCTION_54_UNIT01|CFG_SAME_EXPRESSION|DC-M1V3-OBS-T01-J54-A-20260804T063021Z|P1,Trajectory-Distance,TASK_EQUIVALENT,1,0,0,0,0,1
PUBLIC_052ac4317e503584801352a0,TOWN01_JUNCTION_54_UNIT01|CFG_SAME_EXPRESSION|DC-M1V3-OBS-T01-J54-A-20260804T063021Z|P1,Random-Query@matched-rate,TASK_EQUIVALENT,1,0,1/3,1/3,0,2/3
PUBLIC_052ac4317e503584801352a0,TOWN01_JUNCTION_54_UNIT01|CFG_SAME_EXPRESSION|DC-M1V3-OBS-T01-J54-A-20260804T063021Z|P1,DriveClarify,TASK_EQUIVALENT,1,0,0,0,0,1
PUBLIC_1445a0c0deb4162724d5d313,TOWN01_JUNCTION_54_UNIT01|CFG_SAME_EXPRESSION|DC-M1V3-OBS-T01-J54-A-20260804T063021Z|P2,Never Clarify,TASK_EQUIVALENT,1,0,0,0,0,1
PUBLIC_1445a0c0deb4162724d5d313,TOWN01_JUNCTION_54_UNIT01|CFG_SAME_EXPRESSION|DC-M1V3-OBS-T01-J54-A-20260804T063021Z|P2,Always Clarify,TASK_EQUIVALENT,1,0,1,1,0,0
PUBLIC_1445a0c0deb4162724d5d313,TOWN01_JUNCTION_54_UNIT01|CFG_SAME_EXPRESSION|DC-M1V3-OBS-T01-J54-A-20260804T063021Z|P2,Ambiguity-Only,TASK_EQUIVALENT,1,0,1,1,0,0
PUBLIC_1445a0c0deb4162724d5d313,TOWN01_JUNCTION_54_UNIT01|CFG_SAME_EXPRESSION|DC-M1V3-OBS-T01-J54-A-20260804T063021Z|P2,Trajectory-Distance,TASK_EQUIVALENT,1,0,0,0,0,1
PUBLIC_1445a0c0deb4162724d5d313,TOWN01_JUNCTION_54_UNIT01|CFG_SAME_EXPRESSION|DC-M1V3-OBS-T01-J54-A-20260804T063021Z|P2,Random-Query@matched-rate,TASK_EQUIVALENT,1,0,1/3,1/3,0,2/3
PUBLIC_1445a0c0deb4162724d5d313,TOWN01_JUNCTION_54_UNIT01|CFG_SAME_EXPRESSION|DC-M1V3-OBS-T01-J54-A-20260804T063021Z|P2,DriveClarify,TASK_EQUIVALENT,1,0,0,0,0,1
PUBLIC_ac6a81ad81399283cfdf3c8c,TOWN01_JUNCTION_87_UNIT01|CFG_LONGER_VS_STRAIGHTER|DC-M1V3-OBS-T01-J87-A-20260804T063022Z|P1,Never Clarify,TASK_DIVERGENT,1/2,1/2,0,0,0,0
PUBLIC_ac6a81ad81399283cfdf3c8c,TOWN01_JUNCTION_87_UNIT01|CFG_LONGER_VS_STRAIGHTER|DC-M1V3-OBS-T01-J87-A-20260804T063022Z|P1,Always Clarify,TASK_DIVERGENT,1,0,1,0,1,0
PUBLIC_ac6a81ad81399283cfdf3c8c,TOWN01_JUNCTION_87_UNIT01|CFG_LONGER_VS_STRAIGHTER|DC-M1V3-OBS-T01-J87-A-20260804T063022Z|P1,Ambiguity-Only,TASK_DIVERGENT,1,0,1,0,1,0
PUBLIC_ac6a81ad81399283cfdf3c8c,TOWN01_JUNCTION_87_UNIT01|CFG_LONGER_VS_STRAIGHTER|DC-M1V3-OBS-T01-J87-A-20260804T063022Z|P1,Trajectory-Distance,TASK_DIVERGENT,1,0,1,0,1,0
PUBLIC_ac6a81ad81399283cfdf3c8c,TOWN01_JUNCTION_87_UNIT01|CFG_LONGER_VS_STRAIGHTER|DC-M1V3-OBS-T01-J87-A-20260804T063022Z|P1,Random-Query@matched-rate,TASK_DIVERGENT,2/3,1/3,1/3,0,1/3,0
PUBLIC_ac6a81ad81399283cfdf3c8c,TOWN01_JUNCTION_87_UNIT01|CFG_LONGER_VS_STRAIGHTER|DC-M1V3-OBS-T01-J87-A-20260804T063022Z|P1,DriveClarify,TASK_DIVERGENT,1,0,1,0,1,0
PUBLIC_760f63e324f06f3efdaf2092,TOWN01_JUNCTION_87_UNIT01|CFG_LONGER_VS_STRAIGHTER|DC-M1V3-OBS-T01-J87-A-20260804T063022Z|P2,Never Clarify,TASK_DIVERGENT,1/2,1/2,0,0,0,0
PUBLIC_760f63e324f06f3efdaf2092,TOWN01_JUNCTION_87_UNIT01|CFG_LONGER_VS_STRAIGHTER|DC-M1V3-OBS-T01-J87-A-20260804T063022Z|P2,Always Clarify,TASK_DIVERGENT,1,0,1,0,1,0
PUBLIC_760f63e324f06f3efdaf2092,TOWN01_JUNCTION_87_UNIT01|CFG_LONGER_VS_STRAIGHTER|DC-M1V3-OBS-T01-J87-A-20260804T063022Z|P2,Ambiguity-Only,TASK_DIVERGENT,1,0,1,0,1,0
PUBLIC_760f63e324f06f3efdaf2092,TOWN01_JUNCTION_87_UNIT01|CFG_LONGER_VS_STRAIGHTER|DC-M1V3-OBS-T01-J87-A-20260804T063022Z|P2,Trajectory-Distance,TASK_DIVERGENT,1/2,1/2,0,0,0,0
PUBLIC_760f63e324f06f3efdaf2092,TOWN01_JUNCTION_87_UNIT01|CFG_LONGER_VS_STRAIGHTER|DC-M1V3-OBS-T01-J87-A-20260804T063022Z|P2,Random-Query@matched-rate,TASK_DIVERGENT,2/3,1/3,1/3,0,1/3,0
PUBLIC_760f63e324f06f3efdaf2092,TOWN01_JUNCTION_87_UNIT01|CFG_LONGER_VS_STRAIGHTER|DC-M1V3-OBS-T01-J87-A-20260804T063022Z|P2,DriveClarify,TASK_DIVERGENT,1,0,1,0,1,0
PUBLIC_98dcc3ed75d549297c21cce4,TOWN01_JUNCTION_87_UNIT01|CFG_LONGER_VS_SHARPER|DC-M1V3-OBS-T01-J87-A-20260804T063022Z|P1,Never Clarify,TASK_EQUIVALENT,1,0,0,0,0,1
PUBLIC_98dcc3ed75d549297c21cce4,TOWN01_JUNCTION_87_UNIT01|CFG_LONGER_VS_SHARPER|DC-M1V3-OBS-T01-J87-A-20260804T063022Z|P1,Always Clarify,TASK_EQUIVALENT,1,0,1,1,0,0
PUBLIC_98dcc3ed75d549297c21cce4,TOWN01_JUNCTION_87_UNIT01|CFG_LONGER_VS_SHARPER|DC-M1V3-OBS-T01-J87-A-20260804T063022Z|P1,Ambiguity-Only,TASK_EQUIVALENT,1,0,1,1,0,0
PUBLIC_98dcc3ed75d549297c21cce4,TOWN01_JUNCTION_87_UNIT01|CFG_LONGER_VS_SHARPER|DC-M1V3-OBS-T01-J87-A-20260804T063022Z|P1,Trajectory-Distance,TASK_EQUIVALENT,1,0,1,1,0,0
PUBLIC_98dcc3ed75d549297c21cce4,TOWN01_JUNCTION_87_UNIT01|CFG_LONGER_VS_SHARPER|DC-M1V3-OBS-T01-J87-A-20260804T063022Z|P1,Random-Query@matched-rate,TASK_EQUIVALENT,1,0,1/3,1/3,0,2/3
PUBLIC_98dcc3ed75d549297c21cce4,TOWN01_JUNCTION_87_UNIT01|CFG_LONGER_VS_SHARPER|DC-M1V3-OBS-T01-J87-A-20260804T063022Z|P1,DriveClarify,TASK_EQUIVALENT,1,0,0,0,0,1
PUBLIC_22a47322dabcece9d343134f,TOWN01_JUNCTION_87_UNIT01|CFG_LONGER_VS_SHARPER|DC-M1V3-OBS-T01-J87-A-20260804T063022Z|P2,Never Clarify,TASK_EQUIVALENT,1,0,0,0,0,1
PUBLIC_22a47322dabcece9d343134f,TOWN01_JUNCTION_87_UNIT01|CFG_LONGER_VS_SHARPER|DC-M1V3-OBS-T01-J87-A-20260804T063022Z|P2,Always Clarify,TASK_EQUIVALENT,1,0,1,1,0,0
PUBLIC_22a47322dabcece9d343134f,TOWN01_JUNCTION_87_UNIT01|CFG_LONGER_VS_SHARPER|DC-M1V3-OBS-T01-J87-A-20260804T063022Z|P2,Ambiguity-Only,TASK_EQUIVALENT,1,0,1,1,0,0
PUBLIC_22a47322dabcece9d343134f,TOWN01_JUNCTION_87_UNIT01|CFG_LONGER_VS_SHARPER|DC-M1V3-OBS-T01-J87-A-20260804T063022Z|P2,Trajectory-Distance,TASK_EQUIVALENT,1,0,0,0,0,1
PUBLIC_22a47322dabcece9d343134f,TOWN01_JUNCTION_87_UNIT01|CFG_LONGER_VS_SHARPER|DC-M1V3-OBS-T01-J87-A-20260804T063022Z|P2,Random-Query@matched-rate,TASK_EQUIVALENT,1,0,1/3,1/3,0,2/3
PUBLIC_22a47322dabcece9d343134f,TOWN01_JUNCTION_87_UNIT01|CFG_LONGER_VS_SHARPER|DC-M1V3-OBS-T01-J87-A-20260804T063022Z|P2,DriveClarify,TASK_EQUIVALENT,1,0,0,0,0,1
PUBLIC_d9857e4ef79a965286feb0c1,TOWN01_JUNCTION_87_UNIT01|CFG_SAME_EXPRESSION|DC-M1V3-OBS-T01-J87-A-20260804T063022Z|P1,Never Clarify,TASK_EQUIVALENT,1,0,0,0,0,1
PUBLIC_d9857e4ef79a965286feb0c1,TOWN01_JUNCTION_87_UNIT01|CFG_SAME_EXPRESSION|DC-M1V3-OBS-T01-J87-A-20260804T063022Z|P1,Always Clarify,TASK_EQUIVALENT,1,0,1,1,0,0
PUBLIC_d9857e4ef79a965286feb0c1,TOWN01_JUNCTION_87_UNIT01|CFG_SAME_EXPRESSION|DC-M1V3-OBS-T01-J87-A-20260804T063022Z|P1,Ambiguity-Only,TASK_EQUIVALENT,1,0,1,1,0,0
PUBLIC_d9857e4ef79a965286feb0c1,TOWN01_JUNCTION_87_UNIT01|CFG_SAME_EXPRESSION|DC-M1V3-OBS-T01-J87-A-20260804T063022Z|P1,Trajectory-Distance,TASK_EQUIVALENT,1,0,0,0,0,1
PUBLIC_d9857e4ef79a965286feb0c1,TOWN01_JUNCTION_87_UNIT01|CFG_SAME_EXPRESSION|DC-M1V3-OBS-T01-J87-A-20260804T063022Z|P1,Random-Query@matched-rate,TASK_EQUIVALENT,1,0,1/3,1/3,0,2/3
PUBLIC_d9857e4ef79a965286feb0c1,TOWN01_JUNCTION_87_UNIT01|CFG_SAME_EXPRESSION|DC-M1V3-OBS-T01-J87-A-20260804T063022Z|P1,DriveClarify,TASK_EQUIVALENT,1,0,0,0,0,1
PUBLIC_75bc3b3d9c316cdb8f826e13,TOWN01_JUNCTION_87_UNIT01|CFG_SAME_EXPRESSION|DC-M1V3-OBS-T01-J87-A-20260804T063022Z|P2,Never Clarify,TASK_EQUIVALENT,1,0,0,0,0,1
PUBLIC_75bc3b3d9c316cdb8f826e13,TOWN01_JUNCTION_87_UNIT01|CFG_SAME_EXPRESSION|DC-M1V3-OBS-T01-J87-A-20260804T063022Z|P2,Always Clarify,TASK_EQUIVALENT,1,0,1,1,0,0
PUBLIC_75bc3b3d9c316cdb8f826e13,TOWN01_JUNCTION_87_UNIT01|CFG_SAME_EXPRESSION|DC-M1V3-OBS-T01-J87-A-20260804T063022Z|P2,Ambiguity-Only,TASK_EQUIVALENT,1,0,1,1,0,0
PUBLIC_75bc3b3d9c316cdb8f826e13,TOWN01_JUNCTION_87_UNIT01|CFG_SAME_EXPRESSION|DC-M1V3-OBS-T01-J87-A-20260804T063022Z|P2,Trajectory-Distance,TASK_EQUIVALENT,1,0,0,0,0,1
PUBLIC_75bc3b3d9c316cdb8f826e13,TOWN01_JUNCTION_87_UNIT01|CFG_SAME_EXPRESSION|DC-M1V3-OBS-T01-J87-A-20260804T063022Z|P2,Random-Query@matched-rate,TASK_EQUIVALENT,1,0,1/3,1/3,0,2/3
PUBLIC_75bc3b3d9c316cdb8f826e13,TOWN01_JUNCTION_87_UNIT01|CFG_SAME_EXPRESSION|DC-M1V3-OBS-T01-J87-A-20260804T063022Z|P2,DriveClarify,TASK_EQUIVALENT,1,0,0,0,0,1
PUBLIC_a3c58f8477aa78b9d5ca182b,TOWN02_JUNCTION_76_UNIT01|CFG_LONGER_VS_STRAIGHTER|DC-M1V3-OBS-T02-J76-A-20260804T063016Z|P1,Never Clarify,TASK_DIVERGENT,1/2,1/2,0,0,0,0
PUBLIC_a3c58f8477aa78b9d5ca182b,TOWN02_JUNCTION_76_UNIT01|CFG_LONGER_VS_STRAIGHTER|DC-M1V3-OBS-T02-J76-A-20260804T063016Z|P1,Always Clarify,TASK_DIVERGENT,1,0,1,0,1,0
PUBLIC_a3c58f8477aa78b9d5ca182b,TOWN02_JUNCTION_76_UNIT01|CFG_LONGER_VS_STRAIGHTER|DC-M1V3-OBS-T02-J76-A-20260804T063016Z|P1,Ambiguity-Only,TASK_DIVERGENT,1,0,1,0,1,0
PUBLIC_a3c58f8477aa78b9d5ca182b,TOWN02_JUNCTION_76_UNIT01|CFG_LONGER_VS_STRAIGHTER|DC-M1V3-OBS-T02-J76-A-20260804T063016Z|P1,Trajectory-Distance,TASK_DIVERGENT,1/2,1/2,0,0,0,0
PUBLIC_a3c58f8477aa78b9d5ca182b,TOWN02_JUNCTION_76_UNIT01|CFG_LONGER_VS_STRAIGHTER|DC-M1V3-OBS-T02-J76-A-20260804T063016Z|P1,Random-Query@matched-rate,TASK_DIVERGENT,2/3,1/3,1/3,0,1/3,0
PUBLIC_a3c58f8477aa78b9d5ca182b,TOWN02_JUNCTION_76_UNIT01|CFG_LONGER_VS_STRAIGHTER|DC-M1V3-OBS-T02-J76-A-20260804T063016Z|P1,DriveClarify,TASK_DIVERGENT,1,0,1,0,1,0
PUBLIC_3b3b53eb8d969314f9873cff,TOWN02_JUNCTION_76_UNIT01|CFG_LONGER_VS_STRAIGHTER|DC-M1V3-OBS-T02-J76-A-20260804T063016Z|P2,Never Clarify,TASK_DIVERGENT,1/2,1/2,0,0,0,0
PUBLIC_3b3b53eb8d969314f9873cff,TOWN02_JUNCTION_76_UNIT01|CFG_LONGER_VS_STRAIGHTER|DC-M1V3-OBS-T02-J76-A-20260804T063016Z|P2,Always Clarify,TASK_DIVERGENT,1,0,1,0,1,0
PUBLIC_3b3b53eb8d969314f9873cff,TOWN02_JUNCTION_76_UNIT01|CFG_LONGER_VS_STRAIGHTER|DC-M1V3-OBS-T02-J76-A-20260804T063016Z|P2,Ambiguity-Only,TASK_DIVERGENT,1,0,1,0,1,0
PUBLIC_3b3b53eb8d969314f9873cff,TOWN02_JUNCTION_76_UNIT01|CFG_LONGER_VS_STRAIGHTER|DC-M1V3-OBS-T02-J76-A-20260804T063016Z|P2,Trajectory-Distance,TASK_DIVERGENT,1/2,1/2,0,0,0,0
PUBLIC_3b3b53eb8d969314f9873cff,TOWN02_JUNCTION_76_UNIT01|CFG_LONGER_VS_STRAIGHTER|DC-M1V3-OBS-T02-J76-A-20260804T063016Z|P2,Random-Query@matched-rate,TASK_DIVERGENT,2/3,1/3,1/3,0,1/3,0
PUBLIC_3b3b53eb8d969314f9873cff,TOWN02_JUNCTION_76_UNIT01|CFG_LONGER_VS_STRAIGHTER|DC-M1V3-OBS-T02-J76-A-20260804T063016Z|P2,DriveClarify,TASK_DIVERGENT,1,0,1,0,1,0
PUBLIC_8a08139174932cd5a68bd1a1,TOWN02_JUNCTION_76_UNIT01|CFG_LONGER_VS_SHARPER|DC-M1V3-OBS-T02-J76-A-20260804T063016Z|P1,Never Clarify,TASK_EQUIVALENT,1,0,0,0,0,1
PUBLIC_8a08139174932cd5a68bd1a1,TOWN02_JUNCTION_76_UNIT01|CFG_LONGER_VS_SHARPER|DC-M1V3-OBS-T02-J76-A-20260804T063016Z|P1,Always Clarify,TASK_EQUIVALENT,1,0,1,1,0,0
PUBLIC_8a08139174932cd5a68bd1a1,TOWN02_JUNCTION_76_UNIT01|CFG_LONGER_VS_SHARPER|DC-M1V3-OBS-T02-J76-A-20260804T063016Z|P1,Ambiguity-Only,TASK_EQUIVALENT,1,0,1,1,0,0
PUBLIC_8a08139174932cd5a68bd1a1,TOWN02_JUNCTION_76_UNIT01|CFG_LONGER_VS_SHARPER|DC-M1V3-OBS-T02-J76-A-20260804T063016Z|P1,Trajectory-Distance,TASK_EQUIVALENT,1,0,0,0,0,1
PUBLIC_8a08139174932cd5a68bd1a1,TOWN02_JUNCTION_76_UNIT01|CFG_LONGER_VS_SHARPER|DC-M1V3-OBS-T02-J76-A-20260804T063016Z|P1,Random-Query@matched-rate,TASK_EQUIVALENT,1,0,1/3,1/3,0,2/3
PUBLIC_8a08139174932cd5a68bd1a1,TOWN02_JUNCTION_76_UNIT01|CFG_LONGER_VS_SHARPER|DC-M1V3-OBS-T02-J76-A-20260804T063016Z|P1,DriveClarify,TASK_EQUIVALENT,1,0,0,0,0,1
PUBLIC_f6d9fd354ffe49e0c725d012,TOWN02_JUNCTION_76_UNIT01|CFG_LONGER_VS_SHARPER|DC-M1V3-OBS-T02-J76-A-20260804T063016Z|P2,Never Clarify,TASK_EQUIVALENT,1,0,0,0,0,1
PUBLIC_f6d9fd354ffe49e0c725d012,TOWN02_JUNCTION_76_UNIT01|CFG_LONGER_VS_SHARPER|DC-M1V3-OBS-T02-J76-A-20260804T063016Z|P2,Always Clarify,TASK_EQUIVALENT,1,0,1,1,0,0
PUBLIC_f6d9fd354ffe49e0c725d012,TOWN02_JUNCTION_76_UNIT01|CFG_LONGER_VS_SHARPER|DC-M1V3-OBS-T02-J76-A-20260804T063016Z|P2,Ambiguity-Only,TASK_EQUIVALENT,1,0,1,1,0,0
PUBLIC_f6d9fd354ffe49e0c725d012,TOWN02_JUNCTION_76_UNIT01|CFG_LONGER_VS_SHARPER|DC-M1V3-OBS-T02-J76-A-20260804T063016Z|P2,Trajectory-Distance,TASK_EQUIVALENT,1,0,0,0,0,1
PUBLIC_f6d9fd354ffe49e0c725d012,TOWN02_JUNCTION_76_UNIT01|CFG_LONGER_VS_SHARPER|DC-M1V3-OBS-T02-J76-A-20260804T063016Z|P2,Random-Query@matched-rate,TASK_EQUIVALENT,1,0,1/3,1/3,0,2/3
PUBLIC_f6d9fd354ffe49e0c725d012,TOWN02_JUNCTION_76_UNIT01|CFG_LONGER_VS_SHARPER|DC-M1V3-OBS-T02-J76-A-20260804T063016Z|P2,DriveClarify,TASK_EQUIVALENT,1,0,0,0,0,1
PUBLIC_d542e331acc9185e2a02aeda,TOWN02_JUNCTION_76_UNIT01|CFG_SAME_EXPRESSION|DC-M1V3-OBS-T02-J76-A-20260804T063016Z|P1,Never Clarify,TASK_EQUIVALENT,1,0,0,0,0,1
PUBLIC_d542e331acc9185e2a02aeda,TOWN02_JUNCTION_76_UNIT01|CFG_SAME_EXPRESSION|DC-M1V3-OBS-T02-J76-A-20260804T063016Z|P1,Always Clarify,TASK_EQUIVALENT,1,0,1,1,0,0
PUBLIC_d542e331acc9185e2a02aeda,TOWN02_JUNCTION_76_UNIT01|CFG_SAME_EXPRESSION|DC-M1V3-OBS-T02-J76-A-20260804T063016Z|P1,Ambiguity-Only,TASK_EQUIVALENT,1,0,1,1,0,0
PUBLIC_d542e331acc9185e2a02aeda,TOWN02_JUNCTION_76_UNIT01|CFG_SAME_EXPRESSION|DC-M1V3-OBS-T02-J76-A-20260804T063016Z|P1,Trajectory-Distance,TASK_EQUIVALENT,1,0,0,0,0,1
PUBLIC_d542e331acc9185e2a02aeda,TOWN02_JUNCTION_76_UNIT01|CFG_SAME_EXPRESSION|DC-M1V3-OBS-T02-J76-A-20260804T063016Z|P1,Random-Query@matched-rate,TASK_EQUIVALENT,1,0,1/3,1/3,0,2/3
PUBLIC_d542e331acc9185e2a02aeda,TOWN02_JUNCTION_76_UNIT01|CFG_SAME_EXPRESSION|DC-M1V3-OBS-T02-J76-A-20260804T063016Z|P1,DriveClarify,TASK_EQUIVALENT,1,0,0,0,0,1
PUBLIC_ec2ff1276c6bde1e50fea5d2,TOWN02_JUNCTION_76_UNIT01|CFG_SAME_EXPRESSION|DC-M1V3-OBS-T02-J76-A-20260804T063016Z|P2,Never Clarify,TASK_EQUIVALENT,1,0,0,0,0,1
PUBLIC_ec2ff1276c6bde1e50fea5d2,TOWN02_JUNCTION_76_UNIT01|CFG_SAME_EXPRESSION|DC-M1V3-OBS-T02-J76-A-20260804T063016Z|P2,Always Clarify,TASK_EQUIVALENT,1,0,1,1,0,0
PUBLIC_ec2ff1276c6bde1e50fea5d2,TOWN02_JUNCTION_76_UNIT01|CFG_SAME_EXPRESSION|DC-M1V3-OBS-T02-J76-A-20260804T063016Z|P2,Ambiguity-Only,TASK_EQUIVALENT,1,0,1,1,0,0
PUBLIC_ec2ff1276c6bde1e50fea5d2,TOWN02_JUNCTION_76_UNIT01|CFG_SAME_EXPRESSION|DC-M1V3-OBS-T02-J76-A-20260804T063016Z|P2,Trajectory-Distance,TASK_EQUIVALENT,1,0,0,0,0,1
PUBLIC_ec2ff1276c6bde1e50fea5d2,TOWN02_JUNCTION_76_UNIT01|CFG_SAME_EXPRESSION|DC-M1V3-OBS-T02-J76-A-20260804T063016Z|P2,Random-Query@matched-rate,TASK_EQUIVALENT,1,0,1/3,1/3,0,2/3
PUBLIC_ec2ff1276c6bde1e50fea5d2,TOWN02_JUNCTION_76_UNIT01|CFG_SAME_EXPRESSION|DC-M1V3-OBS-T02-J76-A-20260804T063016Z|P2,DriveClarify,TASK_EQUIVALENT,1,0,0,0,0,1
PUBLIC_8c5ad42c2baa38701c9c55bf,TOWN03_JUNCTION_576_UNIT01|CFG_LONGER_VS_STRAIGHTER|DC-M1V3-OBS-T03-J576-A-20260804T063002Z|P1,Never Clarify,TASK_EQUIVALENT,1,0,0,0,0,1
PUBLIC_8c5ad42c2baa38701c9c55bf,TOWN03_JUNCTION_576_UNIT01|CFG_LONGER_VS_STRAIGHTER|DC-M1V3-OBS-T03-J576-A-20260804T063002Z|P1,Always Clarify,TASK_EQUIVALENT,1,0,1,1,0,0
PUBLIC_8c5ad42c2baa38701c9c55bf,TOWN03_JUNCTION_576_UNIT01|CFG_LONGER_VS_STRAIGHTER|DC-M1V3-OBS-T03-J576-A-20260804T063002Z|P1,Ambiguity-Only,TASK_EQUIVALENT,1,0,1,1,0,0
PUBLIC_8c5ad42c2baa38701c9c55bf,TOWN03_JUNCTION_576_UNIT01|CFG_LONGER_VS_STRAIGHTER|DC-M1V3-OBS-T03-J576-A-20260804T063002Z|P1,Trajectory-Distance,TASK_EQUIVALENT,1,0,0,0,0,1
PUBLIC_8c5ad42c2baa38701c9c55bf,TOWN03_JUNCTION_576_UNIT01|CFG_LONGER_VS_STRAIGHTER|DC-M1V3-OBS-T03-J576-A-20260804T063002Z|P1,Random-Query@matched-rate,TASK_EQUIVALENT,1,0,1/3,1/3,0,2/3
PUBLIC_8c5ad42c2baa38701c9c55bf,TOWN03_JUNCTION_576_UNIT01|CFG_LONGER_VS_STRAIGHTER|DC-M1V3-OBS-T03-J576-A-20260804T063002Z|P1,DriveClarify,TASK_EQUIVALENT,1,0,0,0,0,1
PUBLIC_a128e5f37db1252d21d87f6f,TOWN03_JUNCTION_576_UNIT01|CFG_LONGER_VS_STRAIGHTER|DC-M1V3-OBS-T03-J576-A-20260804T063002Z|P2,Never Clarify,TASK_EQUIVALENT,1,0,0,0,0,1
PUBLIC_a128e5f37db1252d21d87f6f,TOWN03_JUNCTION_576_UNIT01|CFG_LONGER_VS_STRAIGHTER|DC-M1V3-OBS-T03-J576-A-20260804T063002Z|P2,Always Clarify,TASK_EQUIVALENT,1,0,1,1,0,0
PUBLIC_a128e5f37db1252d21d87f6f,TOWN03_JUNCTION_576_UNIT01|CFG_LONGER_VS_STRAIGHTER|DC-M1V3-OBS-T03-J576-A-20260804T063002Z|P2,Ambiguity-Only,TASK_EQUIVALENT,1,0,1,1,0,0
PUBLIC_a128e5f37db1252d21d87f6f,TOWN03_JUNCTION_576_UNIT01|CFG_LONGER_VS_STRAIGHTER|DC-M1V3-OBS-T03-J576-A-20260804T063002Z|P2,Trajectory-Distance,TASK_EQUIVALENT,1,0,1,1,0,0
PUBLIC_a128e5f37db1252d21d87f6f,TOWN03_JUNCTION_576_UNIT01|CFG_LONGER_VS_STRAIGHTER|DC-M1V3-OBS-T03-J576-A-20260804T063002Z|P2,Random-Query@matched-rate,TASK_EQUIVALENT,1,0,1/3,1/3,0,2/3
PUBLIC_a128e5f37db1252d21d87f6f,TOWN03_JUNCTION_576_UNIT01|CFG_LONGER_VS_STRAIGHTER|DC-M1V3-OBS-T03-J576-A-20260804T063002Z|P2,DriveClarify,TASK_EQUIVALENT,1,0,0,0,0,1
PUBLIC_edf2fbc4427ab979b1673f63,TOWN03_JUNCTION_576_UNIT01|CFG_LONGER_VS_SHARPER|DC-M1V3-OBS-T03-J576-A-20260804T063002Z|P1,Never Clarify,TASK_DIVERGENT,1/2,1/2,0,0,0,0
PUBLIC_edf2fbc4427ab979b1673f63,TOWN03_JUNCTION_576_UNIT01|CFG_LONGER_VS_SHARPER|DC-M1V3-OBS-T03-J576-A-20260804T063002Z|P1,Always Clarify,TASK_DIVERGENT,1,0,1,0,1,0
PUBLIC_edf2fbc4427ab979b1673f63,TOWN03_JUNCTION_576_UNIT01|CFG_LONGER_VS_SHARPER|DC-M1V3-OBS-T03-J576-A-20260804T063002Z|P1,Ambiguity-Only,TASK_DIVERGENT,1,0,1,0,1,0
PUBLIC_edf2fbc4427ab979b1673f63,TOWN03_JUNCTION_576_UNIT01|CFG_LONGER_VS_SHARPER|DC-M1V3-OBS-T03-J576-A-20260804T063002Z|P1,Trajectory-Distance,TASK_DIVERGENT,1/2,1/2,0,0,0,0
PUBLIC_edf2fbc4427ab979b1673f63,TOWN03_JUNCTION_576_UNIT01|CFG_LONGER_VS_SHARPER|DC-M1V3-OBS-T03-J576-A-20260804T063002Z|P1,Random-Query@matched-rate,TASK_DIVERGENT,2/3,1/3,1/3,0,1/3,0
PUBLIC_edf2fbc4427ab979b1673f63,TOWN03_JUNCTION_576_UNIT01|CFG_LONGER_VS_SHARPER|DC-M1V3-OBS-T03-J576-A-20260804T063002Z|P1,DriveClarify,TASK_DIVERGENT,1,0,1,0,1,0
PUBLIC_21d0dfa2cb612e010eb1273b,TOWN03_JUNCTION_576_UNIT01|CFG_LONGER_VS_SHARPER|DC-M1V3-OBS-T03-J576-A-20260804T063002Z|P2,Never Clarify,TASK_DIVERGENT,1/2,1/2,0,0,0,0
PUBLIC_21d0dfa2cb612e010eb1273b,TOWN03_JUNCTION_576_UNIT01|CFG_LONGER_VS_SHARPER|DC-M1V3-OBS-T03-J576-A-20260804T063002Z|P2,Always Clarify,TASK_DIVERGENT,1,0,1,0,1,0
PUBLIC_21d0dfa2cb612e010eb1273b,TOWN03_JUNCTION_576_UNIT01|CFG_LONGER_VS_SHARPER|DC-M1V3-OBS-T03-J576-A-20260804T063002Z|P2,Ambiguity-Only,TASK_DIVERGENT,1,0,1,0,1,0
PUBLIC_21d0dfa2cb612e010eb1273b,TOWN03_JUNCTION_576_UNIT01|CFG_LONGER_VS_SHARPER|DC-M1V3-OBS-T03-J576-A-20260804T063002Z|P2,Trajectory-Distance,TASK_DIVERGENT,1/2,1/2,0,0,0,0
PUBLIC_21d0dfa2cb612e010eb1273b,TOWN03_JUNCTION_576_UNIT01|CFG_LONGER_VS_SHARPER|DC-M1V3-OBS-T03-J576-A-20260804T063002Z|P2,Random-Query@matched-rate,TASK_DIVERGENT,2/3,1/3,1/3,0,1/3,0
PUBLIC_21d0dfa2cb612e010eb1273b,TOWN03_JUNCTION_576_UNIT01|CFG_LONGER_VS_SHARPER|DC-M1V3-OBS-T03-J576-A-20260804T063002Z|P2,DriveClarify,TASK_DIVERGENT,1,0,1,0,1,0
PUBLIC_738eb4f1ab97ea9146703d66,TOWN03_JUNCTION_576_UNIT01|CFG_SAME_EXPRESSION|DC-M1V3-OBS-T03-J576-A-20260804T063002Z|P1,Never Clarify,TASK_EQUIVALENT,1,0,0,0,0,1
PUBLIC_738eb4f1ab97ea9146703d66,TOWN03_JUNCTION_576_UNIT01|CFG_SAME_EXPRESSION|DC-M1V3-OBS-T03-J576-A-20260804T063002Z|P1,Always Clarify,TASK_EQUIVALENT,1,0,1,1,0,0
PUBLIC_738eb4f1ab97ea9146703d66,TOWN03_JUNCTION_576_UNIT01|CFG_SAME_EXPRESSION|DC-M1V3-OBS-T03-J576-A-20260804T063002Z|P1,Ambiguity-Only,TASK_EQUIVALENT,1,0,1,1,0,0
PUBLIC_738eb4f1ab97ea9146703d66,TOWN03_JUNCTION_576_UNIT01|CFG_SAME_EXPRESSION|DC-M1V3-OBS-T03-J576-A-20260804T063002Z|P1,Trajectory-Distance,TASK_EQUIVALENT,1,0,0,0,0,1
PUBLIC_738eb4f1ab97ea9146703d66,TOWN03_JUNCTION_576_UNIT01|CFG_SAME_EXPRESSION|DC-M1V3-OBS-T03-J576-A-20260804T063002Z|P1,Random-Query@matched-rate,TASK_EQUIVALENT,1,0,1/3,1/3,0,2/3
PUBLIC_738eb4f1ab97ea9146703d66,TOWN03_JUNCTION_576_UNIT01|CFG_SAME_EXPRESSION|DC-M1V3-OBS-T03-J576-A-20260804T063002Z|P1,DriveClarify,TASK_EQUIVALENT,1,0,0,0,0,1
PUBLIC_598555df3c17b61fd1ff2145,TOWN03_JUNCTION_576_UNIT01|CFG_SAME_EXPRESSION|DC-M1V3-OBS-T03-J576-A-20260804T063002Z|P2,Never Clarify,TASK_EQUIVALENT,1,0,0,0,0,1
PUBLIC_598555df3c17b61fd1ff2145,TOWN03_JUNCTION_576_UNIT01|CFG_SAME_EXPRESSION|DC-M1V3-OBS-T03-J576-A-20260804T063002Z|P2,Always Clarify,TASK_EQUIVALENT,1,0,1,1,0,0
PUBLIC_598555df3c17b61fd1ff2145,TOWN03_JUNCTION_576_UNIT01|CFG_SAME_EXPRESSION|DC-M1V3-OBS-T03-J576-A-20260804T063002Z|P2,Ambiguity-Only,TASK_EQUIVALENT,1,0,1,1,0,0
PUBLIC_598555df3c17b61fd1ff2145,TOWN03_JUNCTION_576_UNIT01|CFG_SAME_EXPRESSION|DC-M1V3-OBS-T03-J576-A-20260804T063002Z|P2,Trajectory-Distance,TASK_EQUIVALENT,1,0,0,0,0,1
PUBLIC_598555df3c17b61fd1ff2145,TOWN03_JUNCTION_576_UNIT01|CFG_SAME_EXPRESSION|DC-M1V3-OBS-T03-J576-A-20260804T063002Z|P2,Random-Query@matched-rate,TASK_EQUIVALENT,1,0,1/3,1/3,0,2/3
PUBLIC_598555df3c17b61fd1ff2145,TOWN03_JUNCTION_576_UNIT01|CFG_SAME_EXPRESSION|DC-M1V3-OBS-T03-J576-A-20260804T063002Z|P2,DriveClarify,TASK_EQUIVALENT,1,0,0,0,0,1
PUBLIC_c96bff6d080872ff5c4df074,TOWN03_JUNCTION_655_UNIT01|CFG_LONGER_VS_STRAIGHTER|DC-M1V3-OBS-T03-J655-A-20260804T063003Z|P1,Never Clarify,TASK_EQUIVALENT,1,0,0,0,0,1
PUBLIC_c96bff6d080872ff5c4df074,TOWN03_JUNCTION_655_UNIT01|CFG_LONGER_VS_STRAIGHTER|DC-M1V3-OBS-T03-J655-A-20260804T063003Z|P1,Always Clarify,TASK_EQUIVALENT,1,0,1,1,0,0
PUBLIC_c96bff6d080872ff5c4df074,TOWN03_JUNCTION_655_UNIT01|CFG_LONGER_VS_STRAIGHTER|DC-M1V3-OBS-T03-J655-A-20260804T063003Z|P1,Ambiguity-Only,TASK_EQUIVALENT,1,0,1,1,0,0
PUBLIC_c96bff6d080872ff5c4df074,TOWN03_JUNCTION_655_UNIT01|CFG_LONGER_VS_STRAIGHTER|DC-M1V3-OBS-T03-J655-A-20260804T063003Z|P1,Trajectory-Distance,TASK_EQUIVALENT,1,0,0,0,0,1
PUBLIC_c96bff6d080872ff5c4df074,TOWN03_JUNCTION_655_UNIT01|CFG_LONGER_VS_STRAIGHTER|DC-M1V3-OBS-T03-J655-A-20260804T063003Z|P1,Random-Query@matched-rate,TASK_EQUIVALENT,1,0,1/3,1/3,0,2/3
PUBLIC_c96bff6d080872ff5c4df074,TOWN03_JUNCTION_655_UNIT01|CFG_LONGER_VS_STRAIGHTER|DC-M1V3-OBS-T03-J655-A-20260804T063003Z|P1,DriveClarify,TASK_EQUIVALENT,1,0,0,0,0,1
PUBLIC_03f1b3c6b45ef2509e8c57e4,TOWN03_JUNCTION_655_UNIT01|CFG_LONGER_VS_STRAIGHTER|DC-M1V3-OBS-T03-J655-A-20260804T063003Z|P2,Never Clarify,TASK_EQUIVALENT,1,0,0,0,0,1
PUBLIC_03f1b3c6b45ef2509e8c57e4,TOWN03_JUNCTION_655_UNIT01|CFG_LONGER_VS_STRAIGHTER|DC-M1V3-OBS-T03-J655-A-20260804T063003Z|P2,Always Clarify,TASK_EQUIVALENT,1,0,1,1,0,0
PUBLIC_03f1b3c6b45ef2509e8c57e4,TOWN03_JUNCTION_655_UNIT01|CFG_LONGER_VS_STRAIGHTER|DC-M1V3-OBS-T03-J655-A-20260804T063003Z|P2,Ambiguity-Only,TASK_EQUIVALENT,1,0,1,1,0,0
PUBLIC_03f1b3c6b45ef2509e8c57e4,TOWN03_JUNCTION_655_UNIT01|CFG_LONGER_VS_STRAIGHTER|DC-M1V3-OBS-T03-J655-A-20260804T063003Z|P2,Trajectory-Distance,TASK_EQUIVALENT,1,0,0,0,0,1
PUBLIC_03f1b3c6b45ef2509e8c57e4,TOWN03_JUNCTION_655_UNIT01|CFG_LONGER_VS_STRAIGHTER|DC-M1V3-OBS-T03-J655-A-20260804T063003Z|P2,Random-Query@matched-rate,TASK_EQUIVALENT,1,0,1/3,1/3,0,2/3
PUBLIC_03f1b3c6b45ef2509e8c57e4,TOWN03_JUNCTION_655_UNIT01|CFG_LONGER_VS_STRAIGHTER|DC-M1V3-OBS-T03-J655-A-20260804T063003Z|P2,DriveClarify,TASK_EQUIVALENT,1,0,0,0,0,1
PUBLIC_ccfcb3fbbdda31c61e6fd5c8,TOWN03_JUNCTION_655_UNIT01|CFG_LONGER_VS_SHARPER|DC-M1V3-OBS-T03-J655-A-20260804T063003Z|P1,Never Clarify,TASK_DIVERGENT,1/2,1/2,0,0,0,0
PUBLIC_ccfcb3fbbdda31c61e6fd5c8,TOWN03_JUNCTION_655_UNIT01|CFG_LONGER_VS_SHARPER|DC-M1V3-OBS-T03-J655-A-20260804T063003Z|P1,Always Clarify,TASK_DIVERGENT,1,0,1,0,1,0
PUBLIC_ccfcb3fbbdda31c61e6fd5c8,TOWN03_JUNCTION_655_UNIT01|CFG_LONGER_VS_SHARPER|DC-M1V3-OBS-T03-J655-A-20260804T063003Z|P1,Ambiguity-Only,TASK_DIVERGENT,1,0,1,0,1,0
PUBLIC_ccfcb3fbbdda31c61e6fd5c8,TOWN03_JUNCTION_655_UNIT01|CFG_LONGER_VS_SHARPER|DC-M1V3-OBS-T03-J655-A-20260804T063003Z|P1,Trajectory-Distance,TASK_DIVERGENT,1/2,1/2,0,0,0,0
PUBLIC_ccfcb3fbbdda31c61e6fd5c8,TOWN03_JUNCTION_655_UNIT01|CFG_LONGER_VS_SHARPER|DC-M1V3-OBS-T03-J655-A-20260804T063003Z|P1,Random-Query@matched-rate,TASK_DIVERGENT,2/3,1/3,1/3,0,1/3,0
PUBLIC_ccfcb3fbbdda31c61e6fd5c8,TOWN03_JUNCTION_655_UNIT01|CFG_LONGER_VS_SHARPER|DC-M1V3-OBS-T03-J655-A-20260804T063003Z|P1,DriveClarify,TASK_DIVERGENT,1,0,1,0,1,0
PUBLIC_c4c9ebeaf0e49eef29cb4c4e,TOWN03_JUNCTION_655_UNIT01|CFG_LONGER_VS_SHARPER|DC-M1V3-OBS-T03-J655-A-20260804T063003Z|P2,Never Clarify,TASK_DIVERGENT,1/2,1/2,0,0,0,0
PUBLIC_c4c9ebeaf0e49eef29cb4c4e,TOWN03_JUNCTION_655_UNIT01|CFG_LONGER_VS_SHARPER|DC-M1V3-OBS-T03-J655-A-20260804T063003Z|P2,Always Clarify,TASK_DIVERGENT,1,0,1,0,1,0
PUBLIC_c4c9ebeaf0e49eef29cb4c4e,TOWN03_JUNCTION_655_UNIT01|CFG_LONGER_VS_SHARPER|DC-M1V3-OBS-T03-J655-A-20260804T063003Z|P2,Ambiguity-Only,TASK_DIVERGENT,1,0,1,0,1,0
PUBLIC_c4c9ebeaf0e49eef29cb4c4e,TOWN03_JUNCTION_655_UNIT01|CFG_LONGER_VS_SHARPER|DC-M1V3-OBS-T03-J655-A-20260804T063003Z|P2,Trajectory-Distance,TASK_DIVERGENT,1/2,1/2,0,0,0,0
PUBLIC_c4c9ebeaf0e49eef29cb4c4e,TOWN03_JUNCTION_655_UNIT01|CFG_LONGER_VS_SHARPER|DC-M1V3-OBS-T03-J655-A-20260804T063003Z|P2,Random-Query@matched-rate,TASK_DIVERGENT,2/3,1/3,1/3,0,1/3,0
PUBLIC_c4c9ebeaf0e49eef29cb4c4e,TOWN03_JUNCTION_655_UNIT01|CFG_LONGER_VS_SHARPER|DC-M1V3-OBS-T03-J655-A-20260804T063003Z|P2,DriveClarify,TASK_DIVERGENT,1,0,1,0,1,0
PUBLIC_e92c52a540fbf67e830356c8,TOWN03_JUNCTION_655_UNIT01|CFG_SAME_EXPRESSION|DC-M1V3-OBS-T03-J655-A-20260804T063003Z|P1,Never Clarify,TASK_EQUIVALENT,1,0,0,0,0,1
PUBLIC_e92c52a540fbf67e830356c8,TOWN03_JUNCTION_655_UNIT01|CFG_SAME_EXPRESSION|DC-M1V3-OBS-T03-J655-A-20260804T063003Z|P1,Always Clarify,TASK_EQUIVALENT,1,0,1,1,0,0
PUBLIC_e92c52a540fbf67e830356c8,TOWN03_JUNCTION_655_UNIT01|CFG_SAME_EXPRESSION|DC-M1V3-OBS-T03-J655-A-20260804T063003Z|P1,Ambiguity-Only,TASK_EQUIVALENT,1,0,1,1,0,0
PUBLIC_e92c52a540fbf67e830356c8,TOWN03_JUNCTION_655_UNIT01|CFG_SAME_EXPRESSION|DC-M1V3-OBS-T03-J655-A-20260804T063003Z|P1,Trajectory-Distance,TASK_EQUIVALENT,1,0,0,0,0,1
PUBLIC_e92c52a540fbf67e830356c8,TOWN03_JUNCTION_655_UNIT01|CFG_SAME_EXPRESSION|DC-M1V3-OBS-T03-J655-A-20260804T063003Z|P1,Random-Query@matched-rate,TASK_EQUIVALENT,1,0,1/3,1/3,0,2/3
PUBLIC_e92c52a540fbf67e830356c8,TOWN03_JUNCTION_655_UNIT01|CFG_SAME_EXPRESSION|DC-M1V3-OBS-T03-J655-A-20260804T063003Z|P1,DriveClarify,TASK_EQUIVALENT,1,0,0,0,0,1
PUBLIC_bee20dc0affe84aebb322b78,TOWN03_JUNCTION_655_UNIT01|CFG_SAME_EXPRESSION|DC-M1V3-OBS-T03-J655-A-20260804T063003Z|P2,Never Clarify,TASK_EQUIVALENT,1,0,0,0,0,1
PUBLIC_bee20dc0affe84aebb322b78,TOWN03_JUNCTION_655_UNIT01|CFG_SAME_EXPRESSION|DC-M1V3-OBS-T03-J655-A-20260804T063003Z|P2,Always Clarify,TASK_EQUIVALENT,1,0,1,1,0,0
PUBLIC_bee20dc0affe84aebb322b78,TOWN03_JUNCTION_655_UNIT01|CFG_SAME_EXPRESSION|DC-M1V3-OBS-T03-J655-A-20260804T063003Z|P2,Ambiguity-Only,TASK_EQUIVALENT,1,0,1,1,0,0
PUBLIC_bee20dc0affe84aebb322b78,TOWN03_JUNCTION_655_UNIT01|CFG_SAME_EXPRESSION|DC-M1V3-OBS-T03-J655-A-20260804T063003Z|P2,Trajectory-Distance,TASK_EQUIVALENT,1,0,0,0,0,1
PUBLIC_bee20dc0affe84aebb322b78,TOWN03_JUNCTION_655_UNIT01|CFG_SAME_EXPRESSION|DC-M1V3-OBS-T03-J655-A-20260804T063003Z|P2,Random-Query@matched-rate,TASK_EQUIVALENT,1,0,1/3,1/3,0,2/3
PUBLIC_bee20dc0affe84aebb322b78,TOWN03_JUNCTION_655_UNIT01|CFG_SAME_EXPRESSION|DC-M1V3-OBS-T03-J655-A-20260804T063003Z|P2,DriveClarify,TASK_EQUIVALENT,1,0,0,0,0,1
PUBLIC_0eecd4db4c8a2a3204364266,TOWN04_JUNCTION_1103_UNIT01|CFG_LONGER_VS_STRAIGHTER|DC-M1V3-OBS-T04-J1103-A-20260804T063006Z|P1,Never Clarify,TASK_DIVERGENT,1/2,1/2,0,0,0,0
PUBLIC_0eecd4db4c8a2a3204364266,TOWN04_JUNCTION_1103_UNIT01|CFG_LONGER_VS_STRAIGHTER|DC-M1V3-OBS-T04-J1103-A-20260804T063006Z|P1,Always Clarify,TASK_DIVERGENT,1,0,1,0,1,0
PUBLIC_0eecd4db4c8a2a3204364266,TOWN04_JUNCTION_1103_UNIT01|CFG_LONGER_VS_STRAIGHTER|DC-M1V3-OBS-T04-J1103-A-20260804T063006Z|P1,Ambiguity-Only,TASK_DIVERGENT,1,0,1,0,1,0
PUBLIC_0eecd4db4c8a2a3204364266,TOWN04_JUNCTION_1103_UNIT01|CFG_LONGER_VS_STRAIGHTER|DC-M1V3-OBS-T04-J1103-A-20260804T063006Z|P1,Trajectory-Distance,TASK_DIVERGENT,1,0,1,0,1,0
PUBLIC_0eecd4db4c8a2a3204364266,TOWN04_JUNCTION_1103_UNIT01|CFG_LONGER_VS_STRAIGHTER|DC-M1V3-OBS-T04-J1103-A-20260804T063006Z|P1,Random-Query@matched-rate,TASK_DIVERGENT,2/3,1/3,1/3,0,1/3,0
PUBLIC_0eecd4db4c8a2a3204364266,TOWN04_JUNCTION_1103_UNIT01|CFG_LONGER_VS_STRAIGHTER|DC-M1V3-OBS-T04-J1103-A-20260804T063006Z|P1,DriveClarify,TASK_DIVERGENT,1,0,1,0,1,0
PUBLIC_e0a3545c915cf539f125dbdd,TOWN04_JUNCTION_1103_UNIT01|CFG_LONGER_VS_STRAIGHTER|DC-M1V3-OBS-T04-J1103-A-20260804T063006Z|P2,Never Clarify,TASK_DIVERGENT,1/2,1/2,0,0,0,0
PUBLIC_e0a3545c915cf539f125dbdd,TOWN04_JUNCTION_1103_UNIT01|CFG_LONGER_VS_STRAIGHTER|DC-M1V3-OBS-T04-J1103-A-20260804T063006Z|P2,Always Clarify,TASK_DIVERGENT,1,0,1,0,1,0
PUBLIC_e0a3545c915cf539f125dbdd,TOWN04_JUNCTION_1103_UNIT01|CFG_LONGER_VS_STRAIGHTER|DC-M1V3-OBS-T04-J1103-A-20260804T063006Z|P2,Ambiguity-Only,TASK_DIVERGENT,1,0,1,0,1,0
PUBLIC_e0a3545c915cf539f125dbdd,TOWN04_JUNCTION_1103_UNIT01|CFG_LONGER_VS_STRAIGHTER|DC-M1V3-OBS-T04-J1103-A-20260804T063006Z|P2,Trajectory-Distance,TASK_DIVERGENT,1/2,1/2,0,0,0,0
PUBLIC_e0a3545c915cf539f125dbdd,TOWN04_JUNCTION_1103_UNIT01|CFG_LONGER_VS_STRAIGHTER|DC-M1V3-OBS-T04-J1103-A-20260804T063006Z|P2,Random-Query@matched-rate,TASK_DIVERGENT,2/3,1/3,1/3,0,1/3,0
PUBLIC_e0a3545c915cf539f125dbdd,TOWN04_JUNCTION_1103_UNIT01|CFG_LONGER_VS_STRAIGHTER|DC-M1V3-OBS-T04-J1103-A-20260804T063006Z|P2,DriveClarify,TASK_DIVERGENT,1,0,1,0,1,0
PUBLIC_84e3afeb33fd33a59bfbe3a7,TOWN04_JUNCTION_1103_UNIT01|CFG_LONGER_VS_SHARPER|DC-M1V3-OBS-T04-J1103-A-20260804T063006Z|P1,Never Clarify,TASK_EQUIVALENT,1,0,0,0,0,1
PUBLIC_84e3afeb33fd33a59bfbe3a7,TOWN04_JUNCTION_1103_UNIT01|CFG_LONGER_VS_SHARPER|DC-M1V3-OBS-T04-J1103-A-20260804T063006Z|P1,Always Clarify,TASK_EQUIVALENT,1,0,1,1,0,0
PUBLIC_84e3afeb33fd33a59bfbe3a7,TOWN04_JUNCTION_1103_UNIT01|CFG_LONGER_VS_SHARPER|DC-M1V3-OBS-T04-J1103-A-20260804T063006Z|P1,Ambiguity-Only,TASK_EQUIVALENT,1,0,1,1,0,0
PUBLIC_84e3afeb33fd33a59bfbe3a7,TOWN04_JUNCTION_1103_UNIT01|CFG_LONGER_VS_SHARPER|DC-M1V3-OBS-T04-J1103-A-20260804T063006Z|P1,Trajectory-Distance,TASK_EQUIVALENT,1,0,0,0,0,1
PUBLIC_84e3afeb33fd33a59bfbe3a7,TOWN04_JUNCTION_1103_UNIT01|CFG_LONGER_VS_SHARPER|DC-M1V3-OBS-T04-J1103-A-20260804T063006Z|P1,Random-Query@matched-rate,TASK_EQUIVALENT,1,0,1/3,1/3,0,2/3
PUBLIC_84e3afeb33fd33a59bfbe3a7,TOWN04_JUNCTION_1103_UNIT01|CFG_LONGER_VS_SHARPER|DC-M1V3-OBS-T04-J1103-A-20260804T063006Z|P1,DriveClarify,TASK_EQUIVALENT,1,0,0,0,0,1
PUBLIC_0199f1ec2a0735ddf24aafee,TOWN04_JUNCTION_1103_UNIT01|CFG_LONGER_VS_SHARPER|DC-M1V3-OBS-T04-J1103-A-20260804T063006Z|P2,Never Clarify,TASK_EQUIVALENT,1,0,0,0,0,1
PUBLIC_0199f1ec2a0735ddf24aafee,TOWN04_JUNCTION_1103_UNIT01|CFG_LONGER_VS_SHARPER|DC-M1V3-OBS-T04-J1103-A-20260804T063006Z|P2,Always Clarify,TASK_EQUIVALENT,1,0,1,1,0,0
PUBLIC_0199f1ec2a0735ddf24aafee,TOWN04_JUNCTION_1103_UNIT01|CFG_LONGER_VS_SHARPER|DC-M1V3-OBS-T04-J1103-A-20260804T063006Z|P2,Ambiguity-Only,TASK_EQUIVALENT,1,0,1,1,0,0
PUBLIC_0199f1ec2a0735ddf24aafee,TOWN04_JUNCTION_1103_UNIT01|CFG_LONGER_VS_SHARPER|DC-M1V3-OBS-T04-J1103-A-20260804T063006Z|P2,Trajectory-Distance,TASK_EQUIVALENT,1,0,0,0,0,1
PUBLIC_0199f1ec2a0735ddf24aafee,TOWN04_JUNCTION_1103_UNIT01|CFG_LONGER_VS_SHARPER|DC-M1V3-OBS-T04-J1103-A-20260804T063006Z|P2,Random-Query@matched-rate,TASK_EQUIVALENT,1,0,1/3,1/3,0,2/3
PUBLIC_0199f1ec2a0735ddf24aafee,TOWN04_JUNCTION_1103_UNIT01|CFG_LONGER_VS_SHARPER|DC-M1V3-OBS-T04-J1103-A-20260804T063006Z|P2,DriveClarify,TASK_EQUIVALENT,1,0,0,0,0,1
PUBLIC_d8a321e30f1ddbdc629f3df0,TOWN04_JUNCTION_1103_UNIT01|CFG_SAME_EXPRESSION|DC-M1V3-OBS-T04-J1103-A-20260804T063006Z|P1,Never Clarify,TASK_EQUIVALENT,1,0,0,0,0,1
PUBLIC_d8a321e30f1ddbdc629f3df0,TOWN04_JUNCTION_1103_UNIT01|CFG_SAME_EXPRESSION|DC-M1V3-OBS-T04-J1103-A-20260804T063006Z|P1,Always Clarify,TASK_EQUIVALENT,1,0,1,1,0,0
PUBLIC_d8a321e30f1ddbdc629f3df0,TOWN04_JUNCTION_1103_UNIT01|CFG_SAME_EXPRESSION|DC-M1V3-OBS-T04-J1103-A-20260804T063006Z|P1,Ambiguity-Only,TASK_EQUIVALENT,1,0,1,1,0,0
PUBLIC_d8a321e30f1ddbdc629f3df0,TOWN04_JUNCTION_1103_UNIT01|CFG_SAME_EXPRESSION|DC-M1V3-OBS-T04-J1103-A-20260804T063006Z|P1,Trajectory-Distance,TASK_EQUIVALENT,1,0,0,0,0,1
PUBLIC_d8a321e30f1ddbdc629f3df0,TOWN04_JUNCTION_1103_UNIT01|CFG_SAME_EXPRESSION|DC-M1V3-OBS-T04-J1103-A-20260804T063006Z|P1,Random-Query@matched-rate,TASK_EQUIVALENT,1,0,1/3,1/3,0,2/3
PUBLIC_d8a321e30f1ddbdc629f3df0,TOWN04_JUNCTION_1103_UNIT01|CFG_SAME_EXPRESSION|DC-M1V3-OBS-T04-J1103-A-20260804T063006Z|P1,DriveClarify,TASK_EQUIVALENT,1,0,0,0,0,1
PUBLIC_45288dac5073d2adcd9b475a,TOWN04_JUNCTION_1103_UNIT01|CFG_SAME_EXPRESSION|DC-M1V3-OBS-T04-J1103-A-20260804T063006Z|P2,Never Clarify,TASK_EQUIVALENT,1,0,0,0,0,1
PUBLIC_45288dac5073d2adcd9b475a,TOWN04_JUNCTION_1103_UNIT01|CFG_SAME_EXPRESSION|DC-M1V3-OBS-T04-J1103-A-20260804T063006Z|P2,Always Clarify,TASK_EQUIVALENT,1,0,1,1,0,0
PUBLIC_45288dac5073d2adcd9b475a,TOWN04_JUNCTION_1103_UNIT01|CFG_SAME_EXPRESSION|DC-M1V3-OBS-T04-J1103-A-20260804T063006Z|P2,Ambiguity-Only,TASK_EQUIVALENT,1,0,1,1,0,0
PUBLIC_45288dac5073d2adcd9b475a,TOWN04_JUNCTION_1103_UNIT01|CFG_SAME_EXPRESSION|DC-M1V3-OBS-T04-J1103-A-20260804T063006Z|P2,Trajectory-Distance,TASK_EQUIVALENT,1,0,0,0,0,1
PUBLIC_45288dac5073d2adcd9b475a,TOWN04_JUNCTION_1103_UNIT01|CFG_SAME_EXPRESSION|DC-M1V3-OBS-T04-J1103-A-20260804T063006Z|P2,Random-Query@matched-rate,TASK_EQUIVALENT,1,0,1/3,1/3,0,2/3
PUBLIC_45288dac5073d2adcd9b475a,TOWN04_JUNCTION_1103_UNIT01|CFG_SAME_EXPRESSION|DC-M1V3-OBS-T04-J1103-A-20260804T063006Z|P2,DriveClarify,TASK_EQUIVALENT,1,0,0,0,0,1
PUBLIC_a1846ba02022ec35cdc5f7b0,TOWN05_JUNCTION_1126_UNIT01|CFG_LONGER_VS_STRAIGHTER|DC-M1V3-OBS-T05-J1126-A-20260804T063008Z|P1,Never Clarify,TASK_DIVERGENT,1/2,1/2,0,0,0,0
PUBLIC_a1846ba02022ec35cdc5f7b0,TOWN05_JUNCTION_1126_UNIT01|CFG_LONGER_VS_STRAIGHTER|DC-M1V3-OBS-T05-J1126-A-20260804T063008Z|P1,Always Clarify,TASK_DIVERGENT,1,0,1,0,1,0
PUBLIC_a1846ba02022ec35cdc5f7b0,TOWN05_JUNCTION_1126_UNIT01|CFG_LONGER_VS_STRAIGHTER|DC-M1V3-OBS-T05-J1126-A-20260804T063008Z|P1,Ambiguity-Only,TASK_DIVERGENT,1,0,1,0,1,0
PUBLIC_a1846ba02022ec35cdc5f7b0,TOWN05_JUNCTION_1126_UNIT01|CFG_LONGER_VS_STRAIGHTER|DC-M1V3-OBS-T05-J1126-A-20260804T063008Z|P1,Trajectory-Distance,TASK_DIVERGENT,1,0,1,0,1,0
PUBLIC_a1846ba02022ec35cdc5f7b0,TOWN05_JUNCTION_1126_UNIT01|CFG_LONGER_VS_STRAIGHTER|DC-M1V3-OBS-T05-J1126-A-20260804T063008Z|P1,Random-Query@matched-rate,TASK_DIVERGENT,2/3,1/3,1/3,0,1/3,0
PUBLIC_a1846ba02022ec35cdc5f7b0,TOWN05_JUNCTION_1126_UNIT01|CFG_LONGER_VS_STRAIGHTER|DC-M1V3-OBS-T05-J1126-A-20260804T063008Z|P1,DriveClarify,TASK_DIVERGENT,1,0,1,0,1,0
PUBLIC_5ec34518cc7c798bb19f7bde,TOWN05_JUNCTION_1126_UNIT01|CFG_LONGER_VS_STRAIGHTER|DC-M1V3-OBS-T05-J1126-A-20260804T063008Z|P2,Never Clarify,TASK_DIVERGENT,1/2,1/2,0,0,0,0
PUBLIC_5ec34518cc7c798bb19f7bde,TOWN05_JUNCTION_1126_UNIT01|CFG_LONGER_VS_STRAIGHTER|DC-M1V3-OBS-T05-J1126-A-20260804T063008Z|P2,Always Clarify,TASK_DIVERGENT,1,0,1,0,1,0
PUBLIC_5ec34518cc7c798bb19f7bde,TOWN05_JUNCTION_1126_UNIT01|CFG_LONGER_VS_STRAIGHTER|DC-M1V3-OBS-T05-J1126-A-20260804T063008Z|P2,Ambiguity-Only,TASK_DIVERGENT,1,0,1,0,1,0
PUBLIC_5ec34518cc7c798bb19f7bde,TOWN05_JUNCTION_1126_UNIT01|CFG_LONGER_VS_STRAIGHTER|DC-M1V3-OBS-T05-J1126-A-20260804T063008Z|P2,Trajectory-Distance,TASK_DIVERGENT,1,0,1,0,1,0
PUBLIC_5ec34518cc7c798bb19f7bde,TOWN05_JUNCTION_1126_UNIT01|CFG_LONGER_VS_STRAIGHTER|DC-M1V3-OBS-T05-J1126-A-20260804T063008Z|P2,Random-Query@matched-rate,TASK_DIVERGENT,2/3,1/3,1/3,0,1/3,0
PUBLIC_5ec34518cc7c798bb19f7bde,TOWN05_JUNCTION_1126_UNIT01|CFG_LONGER_VS_STRAIGHTER|DC-M1V3-OBS-T05-J1126-A-20260804T063008Z|P2,DriveClarify,TASK_DIVERGENT,1,0,1,0,1,0
PUBLIC_e5264cfb0c84c4846c5e3670,TOWN05_JUNCTION_1126_UNIT01|CFG_LONGER_VS_SHARPER|DC-M1V3-OBS-T05-J1126-A-20260804T063008Z|P1,Never Clarify,TASK_EQUIVALENT,1,0,0,0,0,1
PUBLIC_e5264cfb0c84c4846c5e3670,TOWN05_JUNCTION_1126_UNIT01|CFG_LONGER_VS_SHARPER|DC-M1V3-OBS-T05-J1126-A-20260804T063008Z|P1,Always Clarify,TASK_EQUIVALENT,1,0,1,1,0,0
PUBLIC_e5264cfb0c84c4846c5e3670,TOWN05_JUNCTION_1126_UNIT01|CFG_LONGER_VS_SHARPER|DC-M1V3-OBS-T05-J1126-A-20260804T063008Z|P1,Ambiguity-Only,TASK_EQUIVALENT,1,0,1,1,0,0
PUBLIC_e5264cfb0c84c4846c5e3670,TOWN05_JUNCTION_1126_UNIT01|CFG_LONGER_VS_SHARPER|DC-M1V3-OBS-T05-J1126-A-20260804T063008Z|P1,Trajectory-Distance,TASK_EQUIVALENT,1,0,0,0,0,1
PUBLIC_e5264cfb0c84c4846c5e3670,TOWN05_JUNCTION_1126_UNIT01|CFG_LONGER_VS_SHARPER|DC-M1V3-OBS-T05-J1126-A-20260804T063008Z|P1,Random-Query@matched-rate,TASK_EQUIVALENT,1,0,1/3,1/3,0,2/3
PUBLIC_e5264cfb0c84c4846c5e3670,TOWN05_JUNCTION_1126_UNIT01|CFG_LONGER_VS_SHARPER|DC-M1V3-OBS-T05-J1126-A-20260804T063008Z|P1,DriveClarify,TASK_EQUIVALENT,1,0,0,0,0,1
PUBLIC_b59161059e0884aa343185e1,TOWN05_JUNCTION_1126_UNIT01|CFG_LONGER_VS_SHARPER|DC-M1V3-OBS-T05-J1126-A-20260804T063008Z|P2,Never Clarify,TASK_EQUIVALENT,1,0,0,0,0,1
PUBLIC_b59161059e0884aa343185e1,TOWN05_JUNCTION_1126_UNIT01|CFG_LONGER_VS_SHARPER|DC-M1V3-OBS-T05-J1126-A-20260804T063008Z|P2,Always Clarify,TASK_EQUIVALENT,1,0,1,1,0,0
PUBLIC_b59161059e0884aa343185e1,TOWN05_JUNCTION_1126_UNIT01|CFG_LONGER_VS_SHARPER|DC-M1V3-OBS-T05-J1126-A-20260804T063008Z|P2,Ambiguity-Only,TASK_EQUIVALENT,1,0,1,1,0,0
PUBLIC_b59161059e0884aa343185e1,TOWN05_JUNCTION_1126_UNIT01|CFG_LONGER_VS_SHARPER|DC-M1V3-OBS-T05-J1126-A-20260804T063008Z|P2,Trajectory-Distance,TASK_EQUIVALENT,1,0,0,0,0,1
PUBLIC_b59161059e0884aa343185e1,TOWN05_JUNCTION_1126_UNIT01|CFG_LONGER_VS_SHARPER|DC-M1V3-OBS-T05-J1126-A-20260804T063008Z|P2,Random-Query@matched-rate,TASK_EQUIVALENT,1,0,1/3,1/3,0,2/3
PUBLIC_b59161059e0884aa343185e1,TOWN05_JUNCTION_1126_UNIT01|CFG_LONGER_VS_SHARPER|DC-M1V3-OBS-T05-J1126-A-20260804T063008Z|P2,DriveClarify,TASK_EQUIVALENT,1,0,0,0,0,1
PUBLIC_0d25c3771a9571f06679f930,TOWN05_JUNCTION_1126_UNIT01|CFG_SAME_EXPRESSION|DC-M1V3-OBS-T05-J1126-A-20260804T063008Z|P1,Never Clarify,TASK_EQUIVALENT,1,0,0,0,0,1
PUBLIC_0d25c3771a9571f06679f930,TOWN05_JUNCTION_1126_UNIT01|CFG_SAME_EXPRESSION|DC-M1V3-OBS-T05-J1126-A-20260804T063008Z|P1,Always Clarify,TASK_EQUIVALENT,1,0,1,1,0,0
PUBLIC_0d25c3771a9571f06679f930,TOWN05_JUNCTION_1126_UNIT01|CFG_SAME_EXPRESSION|DC-M1V3-OBS-T05-J1126-A-20260804T063008Z|P1,Ambiguity-Only,TASK_EQUIVALENT,1,0,1,1,0,0
PUBLIC_0d25c3771a9571f06679f930,TOWN05_JUNCTION_1126_UNIT01|CFG_SAME_EXPRESSION|DC-M1V3-OBS-T05-J1126-A-20260804T063008Z|P1,Trajectory-Distance,TASK_EQUIVALENT,1,0,0,0,0,1
PUBLIC_0d25c3771a9571f06679f930,TOWN05_JUNCTION_1126_UNIT01|CFG_SAME_EXPRESSION|DC-M1V3-OBS-T05-J1126-A-20260804T063008Z|P1,Random-Query@matched-rate,TASK_EQUIVALENT,1,0,1/3,1/3,0,2/3
PUBLIC_0d25c3771a9571f06679f930,TOWN05_JUNCTION_1126_UNIT01|CFG_SAME_EXPRESSION|DC-M1V3-OBS-T05-J1126-A-20260804T063008Z|P1,DriveClarify,TASK_EQUIVALENT,1,0,0,0,0,1
PUBLIC_480cd83272a6a6f732d3ecec,TOWN05_JUNCTION_1126_UNIT01|CFG_SAME_EXPRESSION|DC-M1V3-OBS-T05-J1126-A-20260804T063008Z|P2,Never Clarify,TASK_EQUIVALENT,1,0,0,0,0,1
PUBLIC_480cd83272a6a6f732d3ecec,TOWN05_JUNCTION_1126_UNIT01|CFG_SAME_EXPRESSION|DC-M1V3-OBS-T05-J1126-A-20260804T063008Z|P2,Always Clarify,TASK_EQUIVALENT,1,0,1,1,0,0
PUBLIC_480cd83272a6a6f732d3ecec,TOWN05_JUNCTION_1126_UNIT01|CFG_SAME_EXPRESSION|DC-M1V3-OBS-T05-J1126-A-20260804T063008Z|P2,Ambiguity-Only,TASK_EQUIVALENT,1,0,1,1,0,0
PUBLIC_480cd83272a6a6f732d3ecec,TOWN05_JUNCTION_1126_UNIT01|CFG_SAME_EXPRESSION|DC-M1V3-OBS-T05-J1126-A-20260804T063008Z|P2,Trajectory-Distance,TASK_EQUIVALENT,1,0,0,0,0,1
PUBLIC_480cd83272a6a6f732d3ecec,TOWN05_JUNCTION_1126_UNIT01|CFG_SAME_EXPRESSION|DC-M1V3-OBS-T05-J1126-A-20260804T063008Z|P2,Random-Query@matched-rate,TASK_EQUIVALENT,1,0,1/3,1/3,0,2/3
PUBLIC_480cd83272a6a6f732d3ecec,TOWN05_JUNCTION_1126_UNIT01|CFG_SAME_EXPRESSION|DC-M1V3-OBS-T05-J1126-A-20260804T063008Z|P2,DriveClarify,TASK_EQUIVALENT,1,0,0,0,0,1
PUBLIC_27b9b1fb683ebda7a9a365b4,TOWN05_JUNCTION_1292_UNIT01|CFG_LONGER_VS_STRAIGHTER|DC-M1V3-OBS-T05-J1292-A-20260804T063009Z|P1,Never Clarify,TASK_EQUIVALENT,1,0,0,0,0,1
PUBLIC_27b9b1fb683ebda7a9a365b4,TOWN05_JUNCTION_1292_UNIT01|CFG_LONGER_VS_STRAIGHTER|DC-M1V3-OBS-T05-J1292-A-20260804T063009Z|P1,Always Clarify,TASK_EQUIVALENT,1,0,1,1,0,0
PUBLIC_27b9b1fb683ebda7a9a365b4,TOWN05_JUNCTION_1292_UNIT01|CFG_LONGER_VS_STRAIGHTER|DC-M1V3-OBS-T05-J1292-A-20260804T063009Z|P1,Ambiguity-Only,TASK_EQUIVALENT,1,0,1,1,0,0
PUBLIC_27b9b1fb683ebda7a9a365b4,TOWN05_JUNCTION_1292_UNIT01|CFG_LONGER_VS_STRAIGHTER|DC-M1V3-OBS-T05-J1292-A-20260804T063009Z|P1,Trajectory-Distance,TASK_EQUIVALENT,1,0,1,1,0,0
PUBLIC_27b9b1fb683ebda7a9a365b4,TOWN05_JUNCTION_1292_UNIT01|CFG_LONGER_VS_STRAIGHTER|DC-M1V3-OBS-T05-J1292-A-20260804T063009Z|P1,Random-Query@matched-rate,TASK_EQUIVALENT,1,0,1/3,1/3,0,2/3
PUBLIC_27b9b1fb683ebda7a9a365b4,TOWN05_JUNCTION_1292_UNIT01|CFG_LONGER_VS_STRAIGHTER|DC-M1V3-OBS-T05-J1292-A-20260804T063009Z|P1,DriveClarify,TASK_EQUIVALENT,1,0,0,0,0,1
PUBLIC_ded91ceb01373f16f1337c99,TOWN05_JUNCTION_1292_UNIT01|CFG_LONGER_VS_STRAIGHTER|DC-M1V3-OBS-T05-J1292-A-20260804T063009Z|P2,Never Clarify,TASK_EQUIVALENT,1,0,0,0,0,1
PUBLIC_ded91ceb01373f16f1337c99,TOWN05_JUNCTION_1292_UNIT01|CFG_LONGER_VS_STRAIGHTER|DC-M1V3-OBS-T05-J1292-A-20260804T063009Z|P2,Always Clarify,TASK_EQUIVALENT,1,0,1,1,0,0
PUBLIC_ded91ceb01373f16f1337c99,TOWN05_JUNCTION_1292_UNIT01|CFG_LONGER_VS_STRAIGHTER|DC-M1V3-OBS-T05-J1292-A-20260804T063009Z|P2,Ambiguity-Only,TASK_EQUIVALENT,1,0,1,1,0,0
PUBLIC_ded91ceb01373f16f1337c99,TOWN05_JUNCTION_1292_UNIT01|CFG_LONGER_VS_STRAIGHTER|DC-M1V3-OBS-T05-J1292-A-20260804T063009Z|P2,Trajectory-Distance,TASK_EQUIVALENT,1,0,0,0,0,1
PUBLIC_ded91ceb01373f16f1337c99,TOWN05_JUNCTION_1292_UNIT01|CFG_LONGER_VS_STRAIGHTER|DC-M1V3-OBS-T05-J1292-A-20260804T063009Z|P2,Random-Query@matched-rate,TASK_EQUIVALENT,1,0,1/3,1/3,0,2/3
PUBLIC_ded91ceb01373f16f1337c99,TOWN05_JUNCTION_1292_UNIT01|CFG_LONGER_VS_STRAIGHTER|DC-M1V3-OBS-T05-J1292-A-20260804T063009Z|P2,DriveClarify,TASK_EQUIVALENT,1,0,0,0,0,1
PUBLIC_3252dbf45051c04caa71563b,TOWN05_JUNCTION_1292_UNIT01|CFG_LONGER_VS_SHARPER|DC-M1V3-OBS-T05-J1292-A-20260804T063009Z|P1,Never Clarify,TASK_DIVERGENT,1/2,1/2,0,0,0,0
PUBLIC_3252dbf45051c04caa71563b,TOWN05_JUNCTION_1292_UNIT01|CFG_LONGER_VS_SHARPER|DC-M1V3-OBS-T05-J1292-A-20260804T063009Z|P1,Always Clarify,TASK_DIVERGENT,1,0,1,0,1,0
PUBLIC_3252dbf45051c04caa71563b,TOWN05_JUNCTION_1292_UNIT01|CFG_LONGER_VS_SHARPER|DC-M1V3-OBS-T05-J1292-A-20260804T063009Z|P1,Ambiguity-Only,TASK_DIVERGENT,1,0,1,0,1,0
PUBLIC_3252dbf45051c04caa71563b,TOWN05_JUNCTION_1292_UNIT01|CFG_LONGER_VS_SHARPER|DC-M1V3-OBS-T05-J1292-A-20260804T063009Z|P1,Trajectory-Distance,TASK_DIVERGENT,1/2,1/2,0,0,0,0
PUBLIC_3252dbf45051c04caa71563b,TOWN05_JUNCTION_1292_UNIT01|CFG_LONGER_VS_SHARPER|DC-M1V3-OBS-T05-J1292-A-20260804T063009Z|P1,Random-Query@matched-rate,TASK_DIVERGENT,2/3,1/3,1/3,0,1/3,0
PUBLIC_3252dbf45051c04caa71563b,TOWN05_JUNCTION_1292_UNIT01|CFG_LONGER_VS_SHARPER|DC-M1V3-OBS-T05-J1292-A-20260804T063009Z|P1,DriveClarify,TASK_DIVERGENT,1,0,1,0,1,0
PUBLIC_e1a46d7c47cd515e0ad1bb46,TOWN05_JUNCTION_1292_UNIT01|CFG_LONGER_VS_SHARPER|DC-M1V3-OBS-T05-J1292-A-20260804T063009Z|P2,Never Clarify,TASK_DIVERGENT,1/2,1/2,0,0,0,0
PUBLIC_e1a46d7c47cd515e0ad1bb46,TOWN05_JUNCTION_1292_UNIT01|CFG_LONGER_VS_SHARPER|DC-M1V3-OBS-T05-J1292-A-20260804T063009Z|P2,Always Clarify,TASK_DIVERGENT,1,0,1,0,1,0
PUBLIC_e1a46d7c47cd515e0ad1bb46,TOWN05_JUNCTION_1292_UNIT01|CFG_LONGER_VS_SHARPER|DC-M1V3-OBS-T05-J1292-A-20260804T063009Z|P2,Ambiguity-Only,TASK_DIVERGENT,1,0,1,0,1,0
PUBLIC_e1a46d7c47cd515e0ad1bb46,TOWN05_JUNCTION_1292_UNIT01|CFG_LONGER_VS_SHARPER|DC-M1V3-OBS-T05-J1292-A-20260804T063009Z|P2,Trajectory-Distance,TASK_DIVERGENT,1/2,1/2,0,0,0,0
PUBLIC_e1a46d7c47cd515e0ad1bb46,TOWN05_JUNCTION_1292_UNIT01|CFG_LONGER_VS_SHARPER|DC-M1V3-OBS-T05-J1292-A-20260804T063009Z|P2,Random-Query@matched-rate,TASK_DIVERGENT,2/3,1/3,1/3,0,1/3,0
PUBLIC_e1a46d7c47cd515e0ad1bb46,TOWN05_JUNCTION_1292_UNIT01|CFG_LONGER_VS_SHARPER|DC-M1V3-OBS-T05-J1292-A-20260804T063009Z|P2,DriveClarify,TASK_DIVERGENT,1,0,1,0,1,0
PUBLIC_dfe8153aa35bff0755945d4a,TOWN05_JUNCTION_1292_UNIT01|CFG_SAME_EXPRESSION|DC-M1V3-OBS-T05-J1292-A-20260804T063009Z|P1,Never Clarify,TASK_EQUIVALENT,1,0,0,0,0,1
PUBLIC_dfe8153aa35bff0755945d4a,TOWN05_JUNCTION_1292_UNIT01|CFG_SAME_EXPRESSION|DC-M1V3-OBS-T05-J1292-A-20260804T063009Z|P1,Always Clarify,TASK_EQUIVALENT,1,0,1,1,0,0
PUBLIC_dfe8153aa35bff0755945d4a,TOWN05_JUNCTION_1292_UNIT01|CFG_SAME_EXPRESSION|DC-M1V3-OBS-T05-J1292-A-20260804T063009Z|P1,Ambiguity-Only,TASK_EQUIVALENT,1,0,1,1,0,0
PUBLIC_dfe8153aa35bff0755945d4a,TOWN05_JUNCTION_1292_UNIT01|CFG_SAME_EXPRESSION|DC-M1V3-OBS-T05-J1292-A-20260804T063009Z|P1,Trajectory-Distance,TASK_EQUIVALENT,1,0,0,0,0,1
PUBLIC_dfe8153aa35bff0755945d4a,TOWN05_JUNCTION_1292_UNIT01|CFG_SAME_EXPRESSION|DC-M1V3-OBS-T05-J1292-A-20260804T063009Z|P1,Random-Query@matched-rate,TASK_EQUIVALENT,1,0,1/3,1/3,0,2/3
PUBLIC_dfe8153aa35bff0755945d4a,TOWN05_JUNCTION_1292_UNIT01|CFG_SAME_EXPRESSION|DC-M1V3-OBS-T05-J1292-A-20260804T063009Z|P1,DriveClarify,TASK_EQUIVALENT,1,0,0,0,0,1
PUBLIC_a64dfabbaa2bff2e07b61382,TOWN05_JUNCTION_1292_UNIT01|CFG_SAME_EXPRESSION|DC-M1V3-OBS-T05-J1292-A-20260804T063009Z|P2,Never Clarify,TASK_EQUIVALENT,1,0,0,0,0,1
PUBLIC_a64dfabbaa2bff2e07b61382,TOWN05_JUNCTION_1292_UNIT01|CFG_SAME_EXPRESSION|DC-M1V3-OBS-T05-J1292-A-20260804T063009Z|P2,Always Clarify,TASK_EQUIVALENT,1,0,1,1,0,0
PUBLIC_a64dfabbaa2bff2e07b61382,TOWN05_JUNCTION_1292_UNIT01|CFG_SAME_EXPRESSION|DC-M1V3-OBS-T05-J1292-A-20260804T063009Z|P2,Ambiguity-Only,TASK_EQUIVALENT,1,0,1,1,0,0
PUBLIC_a64dfabbaa2bff2e07b61382,TOWN05_JUNCTION_1292_UNIT01|CFG_SAME_EXPRESSION|DC-M1V3-OBS-T05-J1292-A-20260804T063009Z|P2,Trajectory-Distance,TASK_EQUIVALENT,1,0,0,0,0,1
PUBLIC_a64dfabbaa2bff2e07b61382,TOWN05_JUNCTION_1292_UNIT01|CFG_SAME_EXPRESSION|DC-M1V3-OBS-T05-J1292-A-20260804T063009Z|P2,Random-Query@matched-rate,TASK_EQUIVALENT,1,0,1/3,1/3,0,2/3
PUBLIC_a64dfabbaa2bff2e07b61382,TOWN05_JUNCTION_1292_UNIT01|CFG_SAME_EXPRESSION|DC-M1V3-OBS-T05-J1292-A-20260804T063009Z|P2,DriveClarify,TASK_EQUIVALENT,1,0,0,0,0,1
PUBLIC_986e6b6be2a4136090c1ae63,TOWN05_JUNCTION_1882_UNIT01|CFG_LONGER_VS_STRAIGHTER|DC-M1V3-OBS-T05-J1882-A-20260804T063011Z|P1,Never Clarify,TASK_EQUIVALENT,1,0,0,0,0,1
PUBLIC_986e6b6be2a4136090c1ae63,TOWN05_JUNCTION_1882_UNIT01|CFG_LONGER_VS_STRAIGHTER|DC-M1V3-OBS-T05-J1882-A-20260804T063011Z|P1,Always Clarify,TASK_EQUIVALENT,1,0,1,1,0,0
PUBLIC_986e6b6be2a4136090c1ae63,TOWN05_JUNCTION_1882_UNIT01|CFG_LONGER_VS_STRAIGHTER|DC-M1V3-OBS-T05-J1882-A-20260804T063011Z|P1,Ambiguity-Only,TASK_EQUIVALENT,1,0,1,1,0,0
PUBLIC_986e6b6be2a4136090c1ae63,TOWN05_JUNCTION_1882_UNIT01|CFG_LONGER_VS_STRAIGHTER|DC-M1V3-OBS-T05-J1882-A-20260804T063011Z|P1,Trajectory-Distance,TASK_EQUIVALENT,1,0,0,0,0,1
PUBLIC_986e6b6be2a4136090c1ae63,TOWN05_JUNCTION_1882_UNIT01|CFG_LONGER_VS_STRAIGHTER|DC-M1V3-OBS-T05-J1882-A-20260804T063011Z|P1,Random-Query@matched-rate,TASK_EQUIVALENT,1,0,1/3,1/3,0,2/3
PUBLIC_986e6b6be2a4136090c1ae63,TOWN05_JUNCTION_1882_UNIT01|CFG_LONGER_VS_STRAIGHTER|DC-M1V3-OBS-T05-J1882-A-20260804T063011Z|P1,DriveClarify,TASK_EQUIVALENT,1,0,0,0,0,1
PUBLIC_de2c4d01ed23bfa31d2d4564,TOWN05_JUNCTION_1882_UNIT01|CFG_LONGER_VS_STRAIGHTER|DC-M1V3-OBS-T05-J1882-A-20260804T063011Z|P2,Never Clarify,TASK_EQUIVALENT,1,0,0,0,0,1
PUBLIC_de2c4d01ed23bfa31d2d4564,TOWN05_JUNCTION_1882_UNIT01|CFG_LONGER_VS_STRAIGHTER|DC-M1V3-OBS-T05-J1882-A-20260804T063011Z|P2,Always Clarify,TASK_EQUIVALENT,1,0,1,1,0,0
PUBLIC_de2c4d01ed23bfa31d2d4564,TOWN05_JUNCTION_1882_UNIT01|CFG_LONGER_VS_STRAIGHTER|DC-M1V3-OBS-T05-J1882-A-20260804T063011Z|P2,Ambiguity-Only,TASK_EQUIVALENT,1,0,1,1,0,0
PUBLIC_de2c4d01ed23bfa31d2d4564,TOWN05_JUNCTION_1882_UNIT01|CFG_LONGER_VS_STRAIGHTER|DC-M1V3-OBS-T05-J1882-A-20260804T063011Z|P2,Trajectory-Distance,TASK_EQUIVALENT,1,0,0,0,0,1
PUBLIC_de2c4d01ed23bfa31d2d4564,TOWN05_JUNCTION_1882_UNIT01|CFG_LONGER_VS_STRAIGHTER|DC-M1V3-OBS-T05-J1882-A-20260804T063011Z|P2,Random-Query@matched-rate,TASK_EQUIVALENT,1,0,1/3,1/3,0,2/3
PUBLIC_de2c4d01ed23bfa31d2d4564,TOWN05_JUNCTION_1882_UNIT01|CFG_LONGER_VS_STRAIGHTER|DC-M1V3-OBS-T05-J1882-A-20260804T063011Z|P2,DriveClarify,TASK_EQUIVALENT,1,0,0,0,0,1
PUBLIC_85bbdc22808bc0617a18c57a,TOWN05_JUNCTION_1882_UNIT01|CFG_LONGER_VS_SHARPER|DC-M1V3-OBS-T05-J1882-A-20260804T063011Z|P1,Never Clarify,TASK_DIVERGENT,1/2,1/2,0,0,0,0
PUBLIC_85bbdc22808bc0617a18c57a,TOWN05_JUNCTION_1882_UNIT01|CFG_LONGER_VS_SHARPER|DC-M1V3-OBS-T05-J1882-A-20260804T063011Z|P1,Always Clarify,TASK_DIVERGENT,1,0,1,0,1,0
PUBLIC_85bbdc22808bc0617a18c57a,TOWN05_JUNCTION_1882_UNIT01|CFG_LONGER_VS_SHARPER|DC-M1V3-OBS-T05-J1882-A-20260804T063011Z|P1,Ambiguity-Only,TASK_DIVERGENT,1,0,1,0,1,0
PUBLIC_85bbdc22808bc0617a18c57a,TOWN05_JUNCTION_1882_UNIT01|CFG_LONGER_VS_SHARPER|DC-M1V3-OBS-T05-J1882-A-20260804T063011Z|P1,Trajectory-Distance,TASK_DIVERGENT,1/2,1/2,0,0,0,0
PUBLIC_85bbdc22808bc0617a18c57a,TOWN05_JUNCTION_1882_UNIT01|CFG_LONGER_VS_SHARPER|DC-M1V3-OBS-T05-J1882-A-20260804T063011Z|P1,Random-Query@matched-rate,TASK_DIVERGENT,2/3,1/3,1/3,0,1/3,0
PUBLIC_85bbdc22808bc0617a18c57a,TOWN05_JUNCTION_1882_UNIT01|CFG_LONGER_VS_SHARPER|DC-M1V3-OBS-T05-J1882-A-20260804T063011Z|P1,DriveClarify,TASK_DIVERGENT,1,0,1,0,1,0
PUBLIC_4f9167c2e7566628a9052eac,TOWN05_JUNCTION_1882_UNIT01|CFG_LONGER_VS_SHARPER|DC-M1V3-OBS-T05-J1882-A-20260804T063011Z|P2,Never Clarify,TASK_DIVERGENT,1/2,1/2,0,0,0,0
PUBLIC_4f9167c2e7566628a9052eac,TOWN05_JUNCTION_1882_UNIT01|CFG_LONGER_VS_SHARPER|DC-M1V3-OBS-T05-J1882-A-20260804T063011Z|P2,Always Clarify,TASK_DIVERGENT,1,0,1,0,1,0
PUBLIC_4f9167c2e7566628a9052eac,TOWN05_JUNCTION_1882_UNIT01|CFG_LONGER_VS_SHARPER|DC-M1V3-OBS-T05-J1882-A-20260804T063011Z|P2,Ambiguity-Only,TASK_DIVERGENT,1,0,1,0,1,0
PUBLIC_4f9167c2e7566628a9052eac,TOWN05_JUNCTION_1882_UNIT01|CFG_LONGER_VS_SHARPER|DC-M1V3-OBS-T05-J1882-A-20260804T063011Z|P2,Trajectory-Distance,TASK_DIVERGENT,1/2,1/2,0,0,0,0
PUBLIC_4f9167c2e7566628a9052eac,TOWN05_JUNCTION_1882_UNIT01|CFG_LONGER_VS_SHARPER|DC-M1V3-OBS-T05-J1882-A-20260804T063011Z|P2,Random-Query@matched-rate,TASK_DIVERGENT,2/3,1/3,1/3,0,1/3,0
PUBLIC_4f9167c2e7566628a9052eac,TOWN05_JUNCTION_1882_UNIT01|CFG_LONGER_VS_SHARPER|DC-M1V3-OBS-T05-J1882-A-20260804T063011Z|P2,DriveClarify,TASK_DIVERGENT,1,0,1,0,1,0
PUBLIC_a72a18271e3975cb8ce1f061,TOWN05_JUNCTION_1882_UNIT01|CFG_SAME_EXPRESSION|DC-M1V3-OBS-T05-J1882-A-20260804T063011Z|P1,Never Clarify,TASK_EQUIVALENT,1,0,0,0,0,1
PUBLIC_a72a18271e3975cb8ce1f061,TOWN05_JUNCTION_1882_UNIT01|CFG_SAME_EXPRESSION|DC-M1V3-OBS-T05-J1882-A-20260804T063011Z|P1,Always Clarify,TASK_EQUIVALENT,1,0,1,1,0,0
PUBLIC_a72a18271e3975cb8ce1f061,TOWN05_JUNCTION_1882_UNIT01|CFG_SAME_EXPRESSION|DC-M1V3-OBS-T05-J1882-A-20260804T063011Z|P1,Ambiguity-Only,TASK_EQUIVALENT,1,0,1,1,0,0
PUBLIC_a72a18271e3975cb8ce1f061,TOWN05_JUNCTION_1882_UNIT01|CFG_SAME_EXPRESSION|DC-M1V3-OBS-T05-J1882-A-20260804T063011Z|P1,Trajectory-Distance,TASK_EQUIVALENT,1,0,0,0,0,1
PUBLIC_a72a18271e3975cb8ce1f061,TOWN05_JUNCTION_1882_UNIT01|CFG_SAME_EXPRESSION|DC-M1V3-OBS-T05-J1882-A-20260804T063011Z|P1,Random-Query@matched-rate,TASK_EQUIVALENT,1,0,1/3,1/3,0,2/3
PUBLIC_a72a18271e3975cb8ce1f061,TOWN05_JUNCTION_1882_UNIT01|CFG_SAME_EXPRESSION|DC-M1V3-OBS-T05-J1882-A-20260804T063011Z|P1,DriveClarify,TASK_EQUIVALENT,1,0,0,0,0,1
PUBLIC_c7b8cd8c4d986a2866fbe08d,TOWN05_JUNCTION_1882_UNIT01|CFG_SAME_EXPRESSION|DC-M1V3-OBS-T05-J1882-A-20260804T063011Z|P2,Never Clarify,TASK_EQUIVALENT,1,0,0,0,0,1
PUBLIC_c7b8cd8c4d986a2866fbe08d,TOWN05_JUNCTION_1882_UNIT01|CFG_SAME_EXPRESSION|DC-M1V3-OBS-T05-J1882-A-20260804T063011Z|P2,Always Clarify,TASK_EQUIVALENT,1,0,1,1,0,0
PUBLIC_c7b8cd8c4d986a2866fbe08d,TOWN05_JUNCTION_1882_UNIT01|CFG_SAME_EXPRESSION|DC-M1V3-OBS-T05-J1882-A-20260804T063011Z|P2,Ambiguity-Only,TASK_EQUIVALENT,1,0,1,1,0,0
PUBLIC_c7b8cd8c4d986a2866fbe08d,TOWN05_JUNCTION_1882_UNIT01|CFG_SAME_EXPRESSION|DC-M1V3-OBS-T05-J1882-A-20260804T063011Z|P2,Trajectory-Distance,TASK_EQUIVALENT,1,0,0,0,0,1
PUBLIC_c7b8cd8c4d986a2866fbe08d,TOWN05_JUNCTION_1882_UNIT01|CFG_SAME_EXPRESSION|DC-M1V3-OBS-T05-J1882-A-20260804T063011Z|P2,Random-Query@matched-rate,TASK_EQUIVALENT,1,0,1/3,1/3,0,2/3
PUBLIC_c7b8cd8c4d986a2866fbe08d,TOWN05_JUNCTION_1882_UNIT01|CFG_SAME_EXPRESSION|DC-M1V3-OBS-T05-J1882-A-20260804T063011Z|P2,DriveClarify,TASK_EQUIVALENT,1,0,0,0,0,1
PUBLIC_da82ee45cf40519a880a1bf3,TOWN05_JUNCTION_1930_UNIT01|CFG_LONGER_VS_STRAIGHTER|DC-M1V3-OBS-T05-J1930-A-20260804T063012Z|P1,Never Clarify,TASK_DIVERGENT,1/2,1/2,0,0,0,0
PUBLIC_da82ee45cf40519a880a1bf3,TOWN05_JUNCTION_1930_UNIT01|CFG_LONGER_VS_STRAIGHTER|DC-M1V3-OBS-T05-J1930-A-20260804T063012Z|P1,Always Clarify,TASK_DIVERGENT,1,0,1,0,1,0
PUBLIC_da82ee45cf40519a880a1bf3,TOWN05_JUNCTION_1930_UNIT01|CFG_LONGER_VS_STRAIGHTER|DC-M1V3-OBS-T05-J1930-A-20260804T063012Z|P1,Ambiguity-Only,TASK_DIVERGENT,1,0,1,0,1,0
PUBLIC_da82ee45cf40519a880a1bf3,TOWN05_JUNCTION_1930_UNIT01|CFG_LONGER_VS_STRAIGHTER|DC-M1V3-OBS-T05-J1930-A-20260804T063012Z|P1,Trajectory-Distance,TASK_DIVERGENT,1/2,1/2,0,0,0,0
PUBLIC_da82ee45cf40519a880a1bf3,TOWN05_JUNCTION_1930_UNIT01|CFG_LONGER_VS_STRAIGHTER|DC-M1V3-OBS-T05-J1930-A-20260804T063012Z|P1,Random-Query@matched-rate,TASK_DIVERGENT,2/3,1/3,1/3,0,1/3,0
PUBLIC_da82ee45cf40519a880a1bf3,TOWN05_JUNCTION_1930_UNIT01|CFG_LONGER_VS_STRAIGHTER|DC-M1V3-OBS-T05-J1930-A-20260804T063012Z|P1,DriveClarify,TASK_DIVERGENT,1,0,1,0,1,0
PUBLIC_447146a6746e730fa99eda74,TOWN05_JUNCTION_1930_UNIT01|CFG_LONGER_VS_STRAIGHTER|DC-M1V3-OBS-T05-J1930-A-20260804T063012Z|P2,Never Clarify,TASK_DIVERGENT,1/2,1/2,0,0,0,0
PUBLIC_447146a6746e730fa99eda74,TOWN05_JUNCTION_1930_UNIT01|CFG_LONGER_VS_STRAIGHTER|DC-M1V3-OBS-T05-J1930-A-20260804T063012Z|P2,Always Clarify,TASK_DIVERGENT,1,0,1,0,1,0
PUBLIC_447146a6746e730fa99eda74,TOWN05_JUNCTION_1930_UNIT01|CFG_LONGER_VS_STRAIGHTER|DC-M1V3-OBS-T05-J1930-A-20260804T063012Z|P2,Ambiguity-Only,TASK_DIVERGENT,1,0,1,0,1,0
PUBLIC_447146a6746e730fa99eda74,TOWN05_JUNCTION_1930_UNIT01|CFG_LONGER_VS_STRAIGHTER|DC-M1V3-OBS-T05-J1930-A-20260804T063012Z|P2,Trajectory-Distance,TASK_DIVERGENT,1/2,1/2,0,0,0,0
PUBLIC_447146a6746e730fa99eda74,TOWN05_JUNCTION_1930_UNIT01|CFG_LONGER_VS_STRAIGHTER|DC-M1V3-OBS-T05-J1930-A-20260804T063012Z|P2,Random-Query@matched-rate,TASK_DIVERGENT,2/3,1/3,1/3,0,1/3,0
PUBLIC_447146a6746e730fa99eda74,TOWN05_JUNCTION_1930_UNIT01|CFG_LONGER_VS_STRAIGHTER|DC-M1V3-OBS-T05-J1930-A-20260804T063012Z|P2,DriveClarify,TASK_DIVERGENT,1,0,1,0,1,0
PUBLIC_6943cbfc9dad4f669a865a55,TOWN05_JUNCTION_1930_UNIT01|CFG_LONGER_VS_SHARPER|DC-M1V3-OBS-T05-J1930-A-20260804T063012Z|P1,Never Clarify,TASK_EQUIVALENT,1,0,0,0,0,1
PUBLIC_6943cbfc9dad4f669a865a55,TOWN05_JUNCTION_1930_UNIT01|CFG_LONGER_VS_SHARPER|DC-M1V3-OBS-T05-J1930-A-20260804T063012Z|P1,Always Clarify,TASK_EQUIVALENT,1,0,1,1,0,0
PUBLIC_6943cbfc9dad4f669a865a55,TOWN05_JUNCTION_1930_UNIT01|CFG_LONGER_VS_SHARPER|DC-M1V3-OBS-T05-J1930-A-20260804T063012Z|P1,Ambiguity-Only,TASK_EQUIVALENT,1,0,1,1,0,0
PUBLIC_6943cbfc9dad4f669a865a55,TOWN05_JUNCTION_1930_UNIT01|CFG_LONGER_VS_SHARPER|DC-M1V3-OBS-T05-J1930-A-20260804T063012Z|P1,Trajectory-Distance,TASK_EQUIVALENT,1,0,1,1,0,0
PUBLIC_6943cbfc9dad4f669a865a55,TOWN05_JUNCTION_1930_UNIT01|CFG_LONGER_VS_SHARPER|DC-M1V3-OBS-T05-J1930-A-20260804T063012Z|P1,Random-Query@matched-rate,TASK_EQUIVALENT,1,0,1/3,1/3,0,2/3
PUBLIC_6943cbfc9dad4f669a865a55,TOWN05_JUNCTION_1930_UNIT01|CFG_LONGER_VS_SHARPER|DC-M1V3-OBS-T05-J1930-A-20260804T063012Z|P1,DriveClarify,TASK_EQUIVALENT,1,0,0,0,0,1
PUBLIC_4789fe4be593ace1545bc4a0,TOWN05_JUNCTION_1930_UNIT01|CFG_LONGER_VS_SHARPER|DC-M1V3-OBS-T05-J1930-A-20260804T063012Z|P2,Never Clarify,TASK_EQUIVALENT,1,0,0,0,0,1
PUBLIC_4789fe4be593ace1545bc4a0,TOWN05_JUNCTION_1930_UNIT01|CFG_LONGER_VS_SHARPER|DC-M1V3-OBS-T05-J1930-A-20260804T063012Z|P2,Always Clarify,TASK_EQUIVALENT,1,0,1,1,0,0
PUBLIC_4789fe4be593ace1545bc4a0,TOWN05_JUNCTION_1930_UNIT01|CFG_LONGER_VS_SHARPER|DC-M1V3-OBS-T05-J1930-A-20260804T063012Z|P2,Ambiguity-Only,TASK_EQUIVALENT,1,0,1,1,0,0
PUBLIC_4789fe4be593ace1545bc4a0,TOWN05_JUNCTION_1930_UNIT01|CFG_LONGER_VS_SHARPER|DC-M1V3-OBS-T05-J1930-A-20260804T063012Z|P2,Trajectory-Distance,TASK_EQUIVALENT,1,0,1,1,0,0
PUBLIC_4789fe4be593ace1545bc4a0,TOWN05_JUNCTION_1930_UNIT01|CFG_LONGER_VS_SHARPER|DC-M1V3-OBS-T05-J1930-A-20260804T063012Z|P2,Random-Query@matched-rate,TASK_EQUIVALENT,1,0,1/3,1/3,0,2/3
PUBLIC_4789fe4be593ace1545bc4a0,TOWN05_JUNCTION_1930_UNIT01|CFG_LONGER_VS_SHARPER|DC-M1V3-OBS-T05-J1930-A-20260804T063012Z|P2,DriveClarify,TASK_EQUIVALENT,1,0,0,0,0,1
PUBLIC_1540588c85e99a8dc3b65879,TOWN05_JUNCTION_1930_UNIT01|CFG_SAME_EXPRESSION|DC-M1V3-OBS-T05-J1930-A-20260804T063012Z|P1,Never Clarify,TASK_EQUIVALENT,1,0,0,0,0,1
PUBLIC_1540588c85e99a8dc3b65879,TOWN05_JUNCTION_1930_UNIT01|CFG_SAME_EXPRESSION|DC-M1V3-OBS-T05-J1930-A-20260804T063012Z|P1,Always Clarify,TASK_EQUIVALENT,1,0,1,1,0,0
PUBLIC_1540588c85e99a8dc3b65879,TOWN05_JUNCTION_1930_UNIT01|CFG_SAME_EXPRESSION|DC-M1V3-OBS-T05-J1930-A-20260804T063012Z|P1,Ambiguity-Only,TASK_EQUIVALENT,1,0,1,1,0,0
PUBLIC_1540588c85e99a8dc3b65879,TOWN05_JUNCTION_1930_UNIT01|CFG_SAME_EXPRESSION|DC-M1V3-OBS-T05-J1930-A-20260804T063012Z|P1,Trajectory-Distance,TASK_EQUIVALENT,1,0,1,1,0,0
PUBLIC_1540588c85e99a8dc3b65879,TOWN05_JUNCTION_1930_UNIT01|CFG_SAME_EXPRESSION|DC-M1V3-OBS-T05-J1930-A-20260804T063012Z|P1,Random-Query@matched-rate,TASK_EQUIVALENT,1,0,1/3,1/3,0,2/3
PUBLIC_1540588c85e99a8dc3b65879,TOWN05_JUNCTION_1930_UNIT01|CFG_SAME_EXPRESSION|DC-M1V3-OBS-T05-J1930-A-20260804T063012Z|P1,DriveClarify,TASK_EQUIVALENT,1,0,0,0,0,1
PUBLIC_38aa22ae508e2c99cb62e594,TOWN05_JUNCTION_1930_UNIT01|CFG_SAME_EXPRESSION|DC-M1V3-OBS-T05-J1930-A-20260804T063012Z|P2,Never Clarify,TASK_EQUIVALENT,1,0,0,0,0,1
PUBLIC_38aa22ae508e2c99cb62e594,TOWN05_JUNCTION_1930_UNIT01|CFG_SAME_EXPRESSION|DC-M1V3-OBS-T05-J1930-A-20260804T063012Z|P2,Always Clarify,TASK_EQUIVALENT,1,0,1,1,0,0
PUBLIC_38aa22ae508e2c99cb62e594,TOWN05_JUNCTION_1930_UNIT01|CFG_SAME_EXPRESSION|DC-M1V3-OBS-T05-J1930-A-20260804T063012Z|P2,Ambiguity-Only,TASK_EQUIVALENT,1,0,1,1,0,0
PUBLIC_38aa22ae508e2c99cb62e594,TOWN05_JUNCTION_1930_UNIT01|CFG_SAME_EXPRESSION|DC-M1V3-OBS-T05-J1930-A-20260804T063012Z|P2,Trajectory-Distance,TASK_EQUIVALENT,1,0,1,1,0,0
PUBLIC_38aa22ae508e2c99cb62e594,TOWN05_JUNCTION_1930_UNIT01|CFG_SAME_EXPRESSION|DC-M1V3-OBS-T05-J1930-A-20260804T063012Z|P2,Random-Query@matched-rate,TASK_EQUIVALENT,1,0,1/3,1/3,0,2/3
PUBLIC_38aa22ae508e2c99cb62e594,TOWN05_JUNCTION_1930_UNIT01|CFG_SAME_EXPRESSION|DC-M1V3-OBS-T05-J1930-A-20260804T063012Z|P2,DriveClarify,TASK_EQUIVALENT,1,0,0,0,0,1
PUBLIC_bf1fef16468bcfd86f535b77,TOWN06_JUNCTION_838_UNIT01|CFG_LONGER_VS_STRAIGHTER|DC-M1V3-OBS-T06-J838-A-20260804T063014Z|P1,Never Clarify,TASK_EQUIVALENT,1,0,0,0,0,1
PUBLIC_bf1fef16468bcfd86f535b77,TOWN06_JUNCTION_838_UNIT01|CFG_LONGER_VS_STRAIGHTER|DC-M1V3-OBS-T06-J838-A-20260804T063014Z|P1,Always Clarify,TASK_EQUIVALENT,1,0,1,1,0,0
PUBLIC_bf1fef16468bcfd86f535b77,TOWN06_JUNCTION_838_UNIT01|CFG_LONGER_VS_STRAIGHTER|DC-M1V3-OBS-T06-J838-A-20260804T063014Z|P1,Ambiguity-Only,TASK_EQUIVALENT,1,0,1,1,0,0
PUBLIC_bf1fef16468bcfd86f535b77,TOWN06_JUNCTION_838_UNIT01|CFG_LONGER_VS_STRAIGHTER|DC-M1V3-OBS-T06-J838-A-20260804T063014Z|P1,Trajectory-Distance,TASK_EQUIVALENT,1,0,1,1,0,0
PUBLIC_bf1fef16468bcfd86f535b77,TOWN06_JUNCTION_838_UNIT01|CFG_LONGER_VS_STRAIGHTER|DC-M1V3-OBS-T06-J838-A-20260804T063014Z|P1,Random-Query@matched-rate,TASK_EQUIVALENT,1,0,1/3,1/3,0,2/3
PUBLIC_bf1fef16468bcfd86f535b77,TOWN06_JUNCTION_838_UNIT01|CFG_LONGER_VS_STRAIGHTER|DC-M1V3-OBS-T06-J838-A-20260804T063014Z|P1,DriveClarify,TASK_EQUIVALENT,1,0,0,0,0,1
PUBLIC_7d54e7c9dce9040eedf6240f,TOWN06_JUNCTION_838_UNIT01|CFG_LONGER_VS_STRAIGHTER|DC-M1V3-OBS-T06-J838-A-20260804T063014Z|P2,Never Clarify,TASK_EQUIVALENT,1,0,0,0,0,1
PUBLIC_7d54e7c9dce9040eedf6240f,TOWN06_JUNCTION_838_UNIT01|CFG_LONGER_VS_STRAIGHTER|DC-M1V3-OBS-T06-J838-A-20260804T063014Z|P2,Always Clarify,TASK_EQUIVALENT,1,0,1,1,0,0
PUBLIC_7d54e7c9dce9040eedf6240f,TOWN06_JUNCTION_838_UNIT01|CFG_LONGER_VS_STRAIGHTER|DC-M1V3-OBS-T06-J838-A-20260804T063014Z|P2,Ambiguity-Only,TASK_EQUIVALENT,1,0,1,1,0,0
PUBLIC_7d54e7c9dce9040eedf6240f,TOWN06_JUNCTION_838_UNIT01|CFG_LONGER_VS_STRAIGHTER|DC-M1V3-OBS-T06-J838-A-20260804T063014Z|P2,Trajectory-Distance,TASK_EQUIVALENT,1,0,0,0,0,1
PUBLIC_7d54e7c9dce9040eedf6240f,TOWN06_JUNCTION_838_UNIT01|CFG_LONGER_VS_STRAIGHTER|DC-M1V3-OBS-T06-J838-A-20260804T063014Z|P2,Random-Query@matched-rate,TASK_EQUIVALENT,1,0,1/3,1/3,0,2/3
PUBLIC_7d54e7c9dce9040eedf6240f,TOWN06_JUNCTION_838_UNIT01|CFG_LONGER_VS_STRAIGHTER|DC-M1V3-OBS-T06-J838-A-20260804T063014Z|P2,DriveClarify,TASK_EQUIVALENT,1,0,0,0,0,1
PUBLIC_8a703ad0de19c1add81694cb,TOWN06_JUNCTION_838_UNIT01|CFG_LONGER_VS_SHARPER|DC-M1V3-OBS-T06-J838-A-20260804T063014Z|P1,Never Clarify,TASK_DIVERGENT,1/2,1/2,0,0,0,0
PUBLIC_8a703ad0de19c1add81694cb,TOWN06_JUNCTION_838_UNIT01|CFG_LONGER_VS_SHARPER|DC-M1V3-OBS-T06-J838-A-20260804T063014Z|P1,Always Clarify,TASK_DIVERGENT,1,0,1,0,1,0
PUBLIC_8a703ad0de19c1add81694cb,TOWN06_JUNCTION_838_UNIT01|CFG_LONGER_VS_SHARPER|DC-M1V3-OBS-T06-J838-A-20260804T063014Z|P1,Ambiguity-Only,TASK_DIVERGENT,1,0,1,0,1,0
PUBLIC_8a703ad0de19c1add81694cb,TOWN06_JUNCTION_838_UNIT01|CFG_LONGER_VS_SHARPER|DC-M1V3-OBS-T06-J838-A-20260804T063014Z|P1,Trajectory-Distance,TASK_DIVERGENT,1/2,1/2,0,0,0,0
PUBLIC_8a703ad0de19c1add81694cb,TOWN06_JUNCTION_838_UNIT01|CFG_LONGER_VS_SHARPER|DC-M1V3-OBS-T06-J838-A-20260804T063014Z|P1,Random-Query@matched-rate,TASK_DIVERGENT,2/3,1/3,1/3,0,1/3,0
PUBLIC_8a703ad0de19c1add81694cb,TOWN06_JUNCTION_838_UNIT01|CFG_LONGER_VS_SHARPER|DC-M1V3-OBS-T06-J838-A-20260804T063014Z|P1,DriveClarify,TASK_DIVERGENT,1,0,1,0,1,0
PUBLIC_6f2946a8bdf3c52903510e3c,TOWN06_JUNCTION_838_UNIT01|CFG_LONGER_VS_SHARPER|DC-M1V3-OBS-T06-J838-A-20260804T063014Z|P2,Never Clarify,TASK_DIVERGENT,1/2,1/2,0,0,0,0
PUBLIC_6f2946a8bdf3c52903510e3c,TOWN06_JUNCTION_838_UNIT01|CFG_LONGER_VS_SHARPER|DC-M1V3-OBS-T06-J838-A-20260804T063014Z|P2,Always Clarify,TASK_DIVERGENT,1,0,1,0,1,0
PUBLIC_6f2946a8bdf3c52903510e3c,TOWN06_JUNCTION_838_UNIT01|CFG_LONGER_VS_SHARPER|DC-M1V3-OBS-T06-J838-A-20260804T063014Z|P2,Ambiguity-Only,TASK_DIVERGENT,1,0,1,0,1,0
PUBLIC_6f2946a8bdf3c52903510e3c,TOWN06_JUNCTION_838_UNIT01|CFG_LONGER_VS_SHARPER|DC-M1V3-OBS-T06-J838-A-20260804T063014Z|P2,Trajectory-Distance,TASK_DIVERGENT,1/2,1/2,0,0,0,0
PUBLIC_6f2946a8bdf3c52903510e3c,TOWN06_JUNCTION_838_UNIT01|CFG_LONGER_VS_SHARPER|DC-M1V3-OBS-T06-J838-A-20260804T063014Z|P2,Random-Query@matched-rate,TASK_DIVERGENT,2/3,1/3,1/3,0,1/3,0
PUBLIC_6f2946a8bdf3c52903510e3c,TOWN06_JUNCTION_838_UNIT01|CFG_LONGER_VS_SHARPER|DC-M1V3-OBS-T06-J838-A-20260804T063014Z|P2,DriveClarify,TASK_DIVERGENT,1,0,1,0,1,0
PUBLIC_3061bcdb0b9874fe0745a820,TOWN06_JUNCTION_838_UNIT01|CFG_SAME_EXPRESSION|DC-M1V3-OBS-T06-J838-A-20260804T063014Z|P1,Never Clarify,TASK_EQUIVALENT,1,0,0,0,0,1
PUBLIC_3061bcdb0b9874fe0745a820,TOWN06_JUNCTION_838_UNIT01|CFG_SAME_EXPRESSION|DC-M1V3-OBS-T06-J838-A-20260804T063014Z|P1,Always Clarify,TASK_EQUIVALENT,1,0,1,1,0,0
PUBLIC_3061bcdb0b9874fe0745a820,TOWN06_JUNCTION_838_UNIT01|CFG_SAME_EXPRESSION|DC-M1V3-OBS-T06-J838-A-20260804T063014Z|P1,Ambiguity-Only,TASK_EQUIVALENT,1,0,1,1,0,0
PUBLIC_3061bcdb0b9874fe0745a820,TOWN06_JUNCTION_838_UNIT01|CFG_SAME_EXPRESSION|DC-M1V3-OBS-T06-J838-A-20260804T063014Z|P1,Trajectory-Distance,TASK_EQUIVALENT,1,0,0,0,0,1
PUBLIC_3061bcdb0b9874fe0745a820,TOWN06_JUNCTION_838_UNIT01|CFG_SAME_EXPRESSION|DC-M1V3-OBS-T06-J838-A-20260804T063014Z|P1,Random-Query@matched-rate,TASK_EQUIVALENT,1,0,1/3,1/3,0,2/3
PUBLIC_3061bcdb0b9874fe0745a820,TOWN06_JUNCTION_838_UNIT01|CFG_SAME_EXPRESSION|DC-M1V3-OBS-T06-J838-A-20260804T063014Z|P1,DriveClarify,TASK_EQUIVALENT,1,0,0,0,0,1
PUBLIC_f6bcee4f9f98b38e7fb71f61,TOWN06_JUNCTION_838_UNIT01|CFG_SAME_EXPRESSION|DC-M1V3-OBS-T06-J838-A-20260804T063014Z|P2,Never Clarify,TASK_EQUIVALENT,1,0,0,0,0,1
PUBLIC_f6bcee4f9f98b38e7fb71f61,TOWN06_JUNCTION_838_UNIT01|CFG_SAME_EXPRESSION|DC-M1V3-OBS-T06-J838-A-20260804T063014Z|P2,Always Clarify,TASK_EQUIVALENT,1,0,1,1,0,0
PUBLIC_f6bcee4f9f98b38e7fb71f61,TOWN06_JUNCTION_838_UNIT01|CFG_SAME_EXPRESSION|DC-M1V3-OBS-T06-J838-A-20260804T063014Z|P2,Ambiguity-Only,TASK_EQUIVALENT,1,0,1,1,0,0
PUBLIC_f6bcee4f9f98b38e7fb71f61,TOWN06_JUNCTION_838_UNIT01|CFG_SAME_EXPRESSION|DC-M1V3-OBS-T06-J838-A-20260804T063014Z|P2,Trajectory-Distance,TASK_EQUIVALENT,1,0,0,0,0,1
PUBLIC_f6bcee4f9f98b38e7fb71f61,TOWN06_JUNCTION_838_UNIT01|CFG_SAME_EXPRESSION|DC-M1V3-OBS-T06-J838-A-20260804T063014Z|P2,Random-Query@matched-rate,TASK_EQUIVALENT,1,0,1/3,1/3,0,2/3
PUBLIC_f6bcee4f9f98b38e7fb71f61,TOWN06_JUNCTION_838_UNIT01|CFG_SAME_EXPRESSION|DC-M1V3-OBS-T06-J838-A-20260804T063014Z|P2,DriveClarify,TASK_EQUIVALENT,1,0,0,0,0,1
PUBLIC_6ee556f652e9fe1a0616b047,TOWN07_JUNCTION_358_UNIT01|CFG_LONGER_VS_STRAIGHTER|DC-M1V3-OBS-T07-J358-A-20260804T063018Z|P1,Never Clarify,TASK_EQUIVALENT,1,0,0,0,0,1
PUBLIC_6ee556f652e9fe1a0616b047,TOWN07_JUNCTION_358_UNIT01|CFG_LONGER_VS_STRAIGHTER|DC-M1V3-OBS-T07-J358-A-20260804T063018Z|P1,Always Clarify,TASK_EQUIVALENT,1,0,1,1,0,0
PUBLIC_6ee556f652e9fe1a0616b047,TOWN07_JUNCTION_358_UNIT01|CFG_LONGER_VS_STRAIGHTER|DC-M1V3-OBS-T07-J358-A-20260804T063018Z|P1,Ambiguity-Only,TASK_EQUIVALENT,1,0,1,1,0,0
PUBLIC_6ee556f652e9fe1a0616b047,TOWN07_JUNCTION_358_UNIT01|CFG_LONGER_VS_STRAIGHTER|DC-M1V3-OBS-T07-J358-A-20260804T063018Z|P1,Trajectory-Distance,TASK_EQUIVALENT,1,0,1,1,0,0
PUBLIC_6ee556f652e9fe1a0616b047,TOWN07_JUNCTION_358_UNIT01|CFG_LONGER_VS_STRAIGHTER|DC-M1V3-OBS-T07-J358-A-20260804T063018Z|P1,Random-Query@matched-rate,TASK_EQUIVALENT,1,0,1/3,1/3,0,2/3
PUBLIC_6ee556f652e9fe1a0616b047,TOWN07_JUNCTION_358_UNIT01|CFG_LONGER_VS_STRAIGHTER|DC-M1V3-OBS-T07-J358-A-20260804T063018Z|P1,DriveClarify,TASK_EQUIVALENT,1,0,0,0,0,1
PUBLIC_e9b6a53e10b86ef1078e8a86,TOWN07_JUNCTION_358_UNIT01|CFG_LONGER_VS_STRAIGHTER|DC-M1V3-OBS-T07-J358-A-20260804T063018Z|P2,Never Clarify,TASK_EQUIVALENT,1,0,0,0,0,1
PUBLIC_e9b6a53e10b86ef1078e8a86,TOWN07_JUNCTION_358_UNIT01|CFG_LONGER_VS_STRAIGHTER|DC-M1V3-OBS-T07-J358-A-20260804T063018Z|P2,Always Clarify,TASK_EQUIVALENT,1,0,1,1,0,0
PUBLIC_e9b6a53e10b86ef1078e8a86,TOWN07_JUNCTION_358_UNIT01|CFG_LONGER_VS_STRAIGHTER|DC-M1V3-OBS-T07-J358-A-20260804T063018Z|P2,Ambiguity-Only,TASK_EQUIVALENT,1,0,1,1,0,0
PUBLIC_e9b6a53e10b86ef1078e8a86,TOWN07_JUNCTION_358_UNIT01|CFG_LONGER_VS_STRAIGHTER|DC-M1V3-OBS-T07-J358-A-20260804T063018Z|P2,Trajectory-Distance,TASK_EQUIVALENT,1,0,1,1,0,0
PUBLIC_e9b6a53e10b86ef1078e8a86,TOWN07_JUNCTION_358_UNIT01|CFG_LONGER_VS_STRAIGHTER|DC-M1V3-OBS-T07-J358-A-20260804T063018Z|P2,Random-Query@matched-rate,TASK_EQUIVALENT,1,0,1/3,1/3,0,2/3
PUBLIC_e9b6a53e10b86ef1078e8a86,TOWN07_JUNCTION_358_UNIT01|CFG_LONGER_VS_STRAIGHTER|DC-M1V3-OBS-T07-J358-A-20260804T063018Z|P2,DriveClarify,TASK_EQUIVALENT,1,0,0,0,0,1
PUBLIC_0fabacb3532202b873334e1a,TOWN07_JUNCTION_358_UNIT01|CFG_LONGER_VS_SHARPER|DC-M1V3-OBS-T07-J358-A-20260804T063018Z|P1,Never Clarify,TASK_DIVERGENT,1/2,1/2,0,0,0,0
PUBLIC_0fabacb3532202b873334e1a,TOWN07_JUNCTION_358_UNIT01|CFG_LONGER_VS_SHARPER|DC-M1V3-OBS-T07-J358-A-20260804T063018Z|P1,Always Clarify,TASK_DIVERGENT,1,0,1,0,1,0
PUBLIC_0fabacb3532202b873334e1a,TOWN07_JUNCTION_358_UNIT01|CFG_LONGER_VS_SHARPER|DC-M1V3-OBS-T07-J358-A-20260804T063018Z|P1,Ambiguity-Only,TASK_DIVERGENT,1,0,1,0,1,0
PUBLIC_0fabacb3532202b873334e1a,TOWN07_JUNCTION_358_UNIT01|CFG_LONGER_VS_SHARPER|DC-M1V3-OBS-T07-J358-A-20260804T063018Z|P1,Trajectory-Distance,TASK_DIVERGENT,1,0,1,0,1,0
PUBLIC_0fabacb3532202b873334e1a,TOWN07_JUNCTION_358_UNIT01|CFG_LONGER_VS_SHARPER|DC-M1V3-OBS-T07-J358-A-20260804T063018Z|P1,Random-Query@matched-rate,TASK_DIVERGENT,2/3,1/3,1/3,0,1/3,0
PUBLIC_0fabacb3532202b873334e1a,TOWN07_JUNCTION_358_UNIT01|CFG_LONGER_VS_SHARPER|DC-M1V3-OBS-T07-J358-A-20260804T063018Z|P1,DriveClarify,TASK_DIVERGENT,1,0,1,0,1,0
PUBLIC_d9d8c16d1662bdc8b93f92e8,TOWN07_JUNCTION_358_UNIT01|CFG_LONGER_VS_SHARPER|DC-M1V3-OBS-T07-J358-A-20260804T063018Z|P2,Never Clarify,TASK_DIVERGENT,1/2,1/2,0,0,0,0
PUBLIC_d9d8c16d1662bdc8b93f92e8,TOWN07_JUNCTION_358_UNIT01|CFG_LONGER_VS_SHARPER|DC-M1V3-OBS-T07-J358-A-20260804T063018Z|P2,Always Clarify,TASK_DIVERGENT,1,0,1,0,1,0
PUBLIC_d9d8c16d1662bdc8b93f92e8,TOWN07_JUNCTION_358_UNIT01|CFG_LONGER_VS_SHARPER|DC-M1V3-OBS-T07-J358-A-20260804T063018Z|P2,Ambiguity-Only,TASK_DIVERGENT,1,0,1,0,1,0
PUBLIC_d9d8c16d1662bdc8b93f92e8,TOWN07_JUNCTION_358_UNIT01|CFG_LONGER_VS_SHARPER|DC-M1V3-OBS-T07-J358-A-20260804T063018Z|P2,Trajectory-Distance,TASK_DIVERGENT,1,0,1,0,1,0
PUBLIC_d9d8c16d1662bdc8b93f92e8,TOWN07_JUNCTION_358_UNIT01|CFG_LONGER_VS_SHARPER|DC-M1V3-OBS-T07-J358-A-20260804T063018Z|P2,Random-Query@matched-rate,TASK_DIVERGENT,2/3,1/3,1/3,0,1/3,0
PUBLIC_d9d8c16d1662bdc8b93f92e8,TOWN07_JUNCTION_358_UNIT01|CFG_LONGER_VS_SHARPER|DC-M1V3-OBS-T07-J358-A-20260804T063018Z|P2,DriveClarify,TASK_DIVERGENT,1,0,1,0,1,0
PUBLIC_b9b80be5f6dec4d1be1cc6b9,TOWN07_JUNCTION_358_UNIT01|CFG_SAME_EXPRESSION|DC-M1V3-OBS-T07-J358-A-20260804T063018Z|P1,Never Clarify,TASK_EQUIVALENT,1,0,0,0,0,1
PUBLIC_b9b80be5f6dec4d1be1cc6b9,TOWN07_JUNCTION_358_UNIT01|CFG_SAME_EXPRESSION|DC-M1V3-OBS-T07-J358-A-20260804T063018Z|P1,Always Clarify,TASK_EQUIVALENT,1,0,1,1,0,0
PUBLIC_b9b80be5f6dec4d1be1cc6b9,TOWN07_JUNCTION_358_UNIT01|CFG_SAME_EXPRESSION|DC-M1V3-OBS-T07-J358-A-20260804T063018Z|P1,Ambiguity-Only,TASK_EQUIVALENT,1,0,1,1,0,0
PUBLIC_b9b80be5f6dec4d1be1cc6b9,TOWN07_JUNCTION_358_UNIT01|CFG_SAME_EXPRESSION|DC-M1V3-OBS-T07-J358-A-20260804T063018Z|P1,Trajectory-Distance,TASK_EQUIVALENT,1,0,1,1,0,0
PUBLIC_b9b80be5f6dec4d1be1cc6b9,TOWN07_JUNCTION_358_UNIT01|CFG_SAME_EXPRESSION|DC-M1V3-OBS-T07-J358-A-20260804T063018Z|P1,Random-Query@matched-rate,TASK_EQUIVALENT,1,0,1/3,1/3,0,2/3
PUBLIC_b9b80be5f6dec4d1be1cc6b9,TOWN07_JUNCTION_358_UNIT01|CFG_SAME_EXPRESSION|DC-M1V3-OBS-T07-J358-A-20260804T063018Z|P1,DriveClarify,TASK_EQUIVALENT,1,0,0,0,0,1
PUBLIC_58f9a127b2d049a1b4863478,TOWN07_JUNCTION_358_UNIT01|CFG_SAME_EXPRESSION|DC-M1V3-OBS-T07-J358-A-20260804T063018Z|P2,Never Clarify,TASK_EQUIVALENT,1,0,0,0,0,1
PUBLIC_58f9a127b2d049a1b4863478,TOWN07_JUNCTION_358_UNIT01|CFG_SAME_EXPRESSION|DC-M1V3-OBS-T07-J358-A-20260804T063018Z|P2,Always Clarify,TASK_EQUIVALENT,1,0,1,1,0,0
PUBLIC_58f9a127b2d049a1b4863478,TOWN07_JUNCTION_358_UNIT01|CFG_SAME_EXPRESSION|DC-M1V3-OBS-T07-J358-A-20260804T063018Z|P2,Ambiguity-Only,TASK_EQUIVALENT,1,0,1,1,0,0
PUBLIC_58f9a127b2d049a1b4863478,TOWN07_JUNCTION_358_UNIT01|CFG_SAME_EXPRESSION|DC-M1V3-OBS-T07-J358-A-20260804T063018Z|P2,Trajectory-Distance,TASK_EQUIVALENT,1,0,1,1,0,0
PUBLIC_58f9a127b2d049a1b4863478,TOWN07_JUNCTION_358_UNIT01|CFG_SAME_EXPRESSION|DC-M1V3-OBS-T07-J358-A-20260804T063018Z|P2,Random-Query@matched-rate,TASK_EQUIVALENT,1,0,1/3,1/3,0,2/3
PUBLIC_58f9a127b2d049a1b4863478,TOWN07_JUNCTION_358_UNIT01|CFG_SAME_EXPRESSION|DC-M1V3-OBS-T07-J358-A-20260804T063018Z|P2,DriveClarify,TASK_EQUIVALENT,1,0,0,0,0,1
PUBLIC_38a413439a74f966c29aa42a,TOWN07_JUNCTION_605_UNIT01|CFG_LONGER_VS_STRAIGHTER|DC-M1V3-OBS-T07-J605-A-20260804T063019Z|P1,Never Clarify,TASK_DIVERGENT,1/2,1/2,0,0,0,0
PUBLIC_38a413439a74f966c29aa42a,TOWN07_JUNCTION_605_UNIT01|CFG_LONGER_VS_STRAIGHTER|DC-M1V3-OBS-T07-J605-A-20260804T063019Z|P1,Always Clarify,TASK_DIVERGENT,1,0,1,0,1,0
PUBLIC_38a413439a74f966c29aa42a,TOWN07_JUNCTION_605_UNIT01|CFG_LONGER_VS_STRAIGHTER|DC-M1V3-OBS-T07-J605-A-20260804T063019Z|P1,Ambiguity-Only,TASK_DIVERGENT,1,0,1,0,1,0
PUBLIC_38a413439a74f966c29aa42a,TOWN07_JUNCTION_605_UNIT01|CFG_LONGER_VS_STRAIGHTER|DC-M1V3-OBS-T07-J605-A-20260804T063019Z|P1,Trajectory-Distance,TASK_DIVERGENT,1/2,1/2,0,0,0,0
PUBLIC_38a413439a74f966c29aa42a,TOWN07_JUNCTION_605_UNIT01|CFG_LONGER_VS_STRAIGHTER|DC-M1V3-OBS-T07-J605-A-20260804T063019Z|P1,Random-Query@matched-rate,TASK_DIVERGENT,2/3,1/3,1/3,0,1/3,0
PUBLIC_38a413439a74f966c29aa42a,TOWN07_JUNCTION_605_UNIT01|CFG_LONGER_VS_STRAIGHTER|DC-M1V3-OBS-T07-J605-A-20260804T063019Z|P1,DriveClarify,TASK_DIVERGENT,1,0,1,0,1,0
PUBLIC_4d916f7198a4b9cf72ec8351,TOWN07_JUNCTION_605_UNIT01|CFG_LONGER_VS_STRAIGHTER|DC-M1V3-OBS-T07-J605-A-20260804T063019Z|P2,Never Clarify,TASK_DIVERGENT,1/2,1/2,0,0,0,0
PUBLIC_4d916f7198a4b9cf72ec8351,TOWN07_JUNCTION_605_UNIT01|CFG_LONGER_VS_STRAIGHTER|DC-M1V3-OBS-T07-J605-A-20260804T063019Z|P2,Always Clarify,TASK_DIVERGENT,1,0,1,0,1,0
PUBLIC_4d916f7198a4b9cf72ec8351,TOWN07_JUNCTION_605_UNIT01|CFG_LONGER_VS_STRAIGHTER|DC-M1V3-OBS-T07-J605-A-20260804T063019Z|P2,Ambiguity-Only,TASK_DIVERGENT,1,0,1,0,1,0
PUBLIC_4d916f7198a4b9cf72ec8351,TOWN07_JUNCTION_605_UNIT01|CFG_LONGER_VS_STRAIGHTER|DC-M1V3-OBS-T07-J605-A-20260804T063019Z|P2,Trajectory-Distance,TASK_DIVERGENT,1/2,1/2,0,0,0,0
PUBLIC_4d916f7198a4b9cf72ec8351,TOWN07_JUNCTION_605_UNIT01|CFG_LONGER_VS_STRAIGHTER|DC-M1V3-OBS-T07-J605-A-20260804T063019Z|P2,Random-Query@matched-rate,TASK_DIVERGENT,2/3,1/3,1/3,0,1/3,0
PUBLIC_4d916f7198a4b9cf72ec8351,TOWN07_JUNCTION_605_UNIT01|CFG_LONGER_VS_STRAIGHTER|DC-M1V3-OBS-T07-J605-A-20260804T063019Z|P2,DriveClarify,TASK_DIVERGENT,1,0,1,0,1,0
PUBLIC_55ff484b6bcd20aee1b8fa27,TOWN07_JUNCTION_605_UNIT01|CFG_LONGER_VS_SHARPER|DC-M1V3-OBS-T07-J605-A-20260804T063019Z|P1,Never Clarify,TASK_EQUIVALENT,1,0,0,0,0,1
PUBLIC_55ff484b6bcd20aee1b8fa27,TOWN07_JUNCTION_605_UNIT01|CFG_LONGER_VS_SHARPER|DC-M1V3-OBS-T07-J605-A-20260804T063019Z|P1,Always Clarify,TASK_EQUIVALENT,1,0,1,1,0,0
PUBLIC_55ff484b6bcd20aee1b8fa27,TOWN07_JUNCTION_605_UNIT01|CFG_LONGER_VS_SHARPER|DC-M1V3-OBS-T07-J605-A-20260804T063019Z|P1,Ambiguity-Only,TASK_EQUIVALENT,1,0,1,1,0,0
PUBLIC_55ff484b6bcd20aee1b8fa27,TOWN07_JUNCTION_605_UNIT01|CFG_LONGER_VS_SHARPER|DC-M1V3-OBS-T07-J605-A-20260804T063019Z|P1,Trajectory-Distance,TASK_EQUIVALENT,1,0,0,0,0,1
PUBLIC_55ff484b6bcd20aee1b8fa27,TOWN07_JUNCTION_605_UNIT01|CFG_LONGER_VS_SHARPER|DC-M1V3-OBS-T07-J605-A-20260804T063019Z|P1,Random-Query@matched-rate,TASK_EQUIVALENT,1,0,1/3,1/3,0,2/3
PUBLIC_55ff484b6bcd20aee1b8fa27,TOWN07_JUNCTION_605_UNIT01|CFG_LONGER_VS_SHARPER|DC-M1V3-OBS-T07-J605-A-20260804T063019Z|P1,DriveClarify,TASK_EQUIVALENT,1,0,0,0,0,1
PUBLIC_de1f560201d776a71c241413,TOWN07_JUNCTION_605_UNIT01|CFG_LONGER_VS_SHARPER|DC-M1V3-OBS-T07-J605-A-20260804T063019Z|P2,Never Clarify,TASK_EQUIVALENT,1,0,0,0,0,1
PUBLIC_de1f560201d776a71c241413,TOWN07_JUNCTION_605_UNIT01|CFG_LONGER_VS_SHARPER|DC-M1V3-OBS-T07-J605-A-20260804T063019Z|P2,Always Clarify,TASK_EQUIVALENT,1,0,1,1,0,0
PUBLIC_de1f560201d776a71c241413,TOWN07_JUNCTION_605_UNIT01|CFG_LONGER_VS_SHARPER|DC-M1V3-OBS-T07-J605-A-20260804T063019Z|P2,Ambiguity-Only,TASK_EQUIVALENT,1,0,1,1,0,0
PUBLIC_de1f560201d776a71c241413,TOWN07_JUNCTION_605_UNIT01|CFG_LONGER_VS_SHARPER|DC-M1V3-OBS-T07-J605-A-20260804T063019Z|P2,Trajectory-Distance,TASK_EQUIVALENT,1,0,0,0,0,1
PUBLIC_de1f560201d776a71c241413,TOWN07_JUNCTION_605_UNIT01|CFG_LONGER_VS_SHARPER|DC-M1V3-OBS-T07-J605-A-20260804T063019Z|P2,Random-Query@matched-rate,TASK_EQUIVALENT,1,0,1/3,1/3,0,2/3
PUBLIC_de1f560201d776a71c241413,TOWN07_JUNCTION_605_UNIT01|CFG_LONGER_VS_SHARPER|DC-M1V3-OBS-T07-J605-A-20260804T063019Z|P2,DriveClarify,TASK_EQUIVALENT,1,0,0,0,0,1
PUBLIC_6062a8b1bfa8a2f9d7209ebc,TOWN07_JUNCTION_605_UNIT01|CFG_SAME_EXPRESSION|DC-M1V3-OBS-T07-J605-A-20260804T063019Z|P1,Never Clarify,TASK_EQUIVALENT,1,0,0,0,0,1
PUBLIC_6062a8b1bfa8a2f9d7209ebc,TOWN07_JUNCTION_605_UNIT01|CFG_SAME_EXPRESSION|DC-M1V3-OBS-T07-J605-A-20260804T063019Z|P1,Always Clarify,TASK_EQUIVALENT,1,0,1,1,0,0
PUBLIC_6062a8b1bfa8a2f9d7209ebc,TOWN07_JUNCTION_605_UNIT01|CFG_SAME_EXPRESSION|DC-M1V3-OBS-T07-J605-A-20260804T063019Z|P1,Ambiguity-Only,TASK_EQUIVALENT,1,0,1,1,0,0
PUBLIC_6062a8b1bfa8a2f9d7209ebc,TOWN07_JUNCTION_605_UNIT01|CFG_SAME_EXPRESSION|DC-M1V3-OBS-T07-J605-A-20260804T063019Z|P1,Trajectory-Distance,TASK_EQUIVALENT,1,0,0,0,0,1
PUBLIC_6062a8b1bfa8a2f9d7209ebc,TOWN07_JUNCTION_605_UNIT01|CFG_SAME_EXPRESSION|DC-M1V3-OBS-T07-J605-A-20260804T063019Z|P1,Random-Query@matched-rate,TASK_EQUIVALENT,1,0,1/3,1/3,0,2/3
PUBLIC_6062a8b1bfa8a2f9d7209ebc,TOWN07_JUNCTION_605_UNIT01|CFG_SAME_EXPRESSION|DC-M1V3-OBS-T07-J605-A-20260804T063019Z|P1,DriveClarify,TASK_EQUIVALENT,1,0,0,0,0,1
PUBLIC_1890c897e1745e5f0e4d8010,TOWN07_JUNCTION_605_UNIT01|CFG_SAME_EXPRESSION|DC-M1V3-OBS-T07-J605-A-20260804T063019Z|P2,Never Clarify,TASK_EQUIVALENT,1,0,0,0,0,1
PUBLIC_1890c897e1745e5f0e4d8010,TOWN07_JUNCTION_605_UNIT01|CFG_SAME_EXPRESSION|DC-M1V3-OBS-T07-J605-A-20260804T063019Z|P2,Always Clarify,TASK_EQUIVALENT,1,0,1,1,0,0
PUBLIC_1890c897e1745e5f0e4d8010,TOWN07_JUNCTION_605_UNIT01|CFG_SAME_EXPRESSION|DC-M1V3-OBS-T07-J605-A-20260804T063019Z|P2,Ambiguity-Only,TASK_EQUIVALENT,1,0,1,1,0,0
PUBLIC_1890c897e1745e5f0e4d8010,TOWN07_JUNCTION_605_UNIT01|CFG_SAME_EXPRESSION|DC-M1V3-OBS-T07-J605-A-20260804T063019Z|P2,Trajectory-Distance,TASK_EQUIVALENT,1,0,0,0,0,1
PUBLIC_1890c897e1745e5f0e4d8010,TOWN07_JUNCTION_605_UNIT01|CFG_SAME_EXPRESSION|DC-M1V3-OBS-T07-J605-A-20260804T063019Z|P2,Random-Query@matched-rate,TASK_EQUIVALENT,1,0,1/3,1/3,0,2/3
PUBLIC_1890c897e1745e5f0e4d8010,TOWN07_JUNCTION_605_UNIT01|CFG_SAME_EXPRESSION|DC-M1V3-OBS-T07-J605-A-20260804T063019Z|P2,DriveClarify,TASK_EQUIVALENT,1,0,0,0,0,1
