public_id,record_id,layout_id,split,policy,truth_relation,truth_defined,correct,wrong,query,unnecessary,coverage,value_type
PUBLIC_aaf625b720fd9db210114b6a,TOWN01_JUNCTION_26_UNIT01|CFG_LONGER_VS_STRAIGHTER|DC-M1V3-OBS-T01-J26-A-20260804T063020Z|P1,Town01:junction:26,DEV,Never Clarify,TASK_EQUIVALENT,True,1.0,0.0,0.0,0.0,1.0,BALANCED_INTENT_WEIGHTED
PUBLIC_aaf625b720fd9db210114b6a,TOWN01_JUNCTION_26_UNIT01|CFG_LONGER_VS_STRAIGHTER|DC-M1V3-OBS-T01-J26-A-20260804T063020Z|P1,Town01:junction:26,DEV,Always Clarify,TASK_EQUIVALENT,True,1.0,0.0,1.0,1.0,1.0,BALANCED_INTENT_WEIGHTED
PUBLIC_aaf625b720fd9db210114b6a,TOWN01_JUNCTION_26_UNIT01|CFG_LONGER_VS_STRAIGHTER|DC-M1V3-OBS-T01-J26-A-20260804T063020Z|P1,Town01:junction:26,DEV,Ambiguity-Only,TASK_EQUIVALENT,True,1.0,0.0,1.0,1.0,1.0,BALANCED_INTENT_WEIGHTED
PUBLIC_aaf625b720fd9db210114b6a,TOWN01_JUNCTION_26_UNIT01|CFG_LONGER_VS_STRAIGHTER|DC-M1V3-OBS-T01-J26-A-20260804T063020Z|P1,Town01:junction:26,DEV,Trajectory-Distance,TASK_EQUIVALENT,True,1.0,0.0,0.0,0.0,1.0,BALANCED_INTENT_WEIGHTED
PUBLIC_aaf625b720fd9db210114b6a,TOWN01_JUNCTION_26_UNIT01|CFG_LONGER_VS_STRAIGHTER|DC-M1V3-OBS-T01-J26-A-20260804T063020Z|P1,Town01:junction:26,DEV,Random-Query@matched-rate,TASK_EQUIVALENT,True,1.0,0.0,0.3333333333333333,0.3333333333333333,1.0,RANDOMIZATION_EXPECTATION
PUBLIC_aaf625b720fd9db210114b6a,TOWN01_JUNCTION_26_UNIT01|CFG_LONGER_VS_STRAIGHTER|DC-M1V3-OBS-T01-J26-A-20260804T063020Z|P1,Town01:junction:26,DEV,DriveClarify,TASK_EQUIVALENT,True,1.0,0.0,0.0,0.0,1.0,BALANCED_INTENT_WEIGHTED
PUBLIC_7dd2ae92a022bba33d273c6d,TOWN01_JUNCTION_26_UNIT01|CFG_LONGER_VS_STRAIGHTER|DC-M1V3-OBS-T01-J26-A-20260804T063020Z|P2,Town01:junction:26,DEV,Never Clarify,TASK_EQUIVALENT,True,1.0,0.0,0.0,0.0,1.0,BALANCED_INTENT_WEIGHTED
PUBLIC_7dd2ae92a022bba33d273c6d,TOWN01_JUNCTION_26_UNIT01|CFG_LONGER_VS_STRAIGHTER|DC-M1V3-OBS-T01-J26-A-20260804T063020Z|P2,Town01:junction:26,DEV,Always Clarify,TASK_EQUIVALENT,True,1.0,0.0,1.0,1.0,1.0,BALANCED_INTENT_WEIGHTED
PUBLIC_7dd2ae92a022bba33d273c6d,TOWN01_JUNCTION_26_UNIT01|CFG_LONGER_VS_STRAIGHTER|DC-M1V3-OBS-T01-J26-A-20260804T063020Z|P2,Town01:junction:26,DEV,Ambiguity-Only,TASK_EQUIVALENT,True,1.0,0.0,1.0,1.0,1.0,BALANCED_INTENT_WEIGHTED
PUBLIC_7dd2ae92a022bba33d273c6d,TOWN01_JUNCTION_26_UNIT01|CFG_LONGER_VS_STRAIGHTER|DC-M1V3-OBS-T01-J26-A-20260804T063020Z|P2,Town01:junction:26,DEV,Trajectory-Distance,TASK_EQUIVALENT,True,1.0,0.0,0.0,0.0,1.0,BALANCED_INTENT_WEIGHTED
PUBLIC_7dd2ae92a022bba33d273c6d,TOWN01_JUNCTION_26_UNIT01|CFG_LONGER_VS_STRAIGHTER|DC-M1V3-OBS-T01-J26-A-20260804T063020Z|P2,Town01:junction:26,DEV,Random-Query@matched-rate,TASK_EQUIVALENT,True,1.0,0.0,0.3333333333333333,0.3333333333333333,1.0,RANDOMIZATION_EXPECTATION
PUBLIC_7dd2ae92a022bba33d273c6d,TOWN01_JUNCTION_26_UNIT01|CFG_LONGER_VS_STRAIGHTER|DC-M1V3-OBS-T01-J26-A-20260804T063020Z|P2,Town01:junction:26,DEV,DriveClarify,TASK_EQUIVALENT,True,1.0,0.0,0.0,0.0,1.0,BALANCED_INTENT_WEIGHTED
PUBLIC_a588fca2bb690ce7bbcb66a1,TOWN01_JUNCTION_26_UNIT01|CFG_LONGER_VS_SHARPER|DC-M1V3-OBS-T01-J26-A-20260804T063020Z|P1,Town01:junction:26,DEV,Never Clarify,TASK_DIVERGENT,True,0.5,0.5,0.0,,1.0,BALANCED_INTENT_WEIGHTED
PUBLIC_a588fca2bb690ce7bbcb66a1,TOWN01_JUNCTION_26_UNIT01|CFG_LONGER_VS_SHARPER|DC-M1V3-OBS-T01-J26-A-20260804T063020Z|P1,Town01:junction:26,DEV,Always Clarify,TASK_DIVERGENT,True,1.0,0.0,1.0,,1.0,BALANCED_INTENT_WEIGHTED
PUBLIC_a588fca2bb690ce7bbcb66a1,TOWN01_JUNCTION_26_UNIT01|CFG_LONGER_VS_SHARPER|DC-M1V3-OBS-T01-J26-A-20260804T063020Z|P1,Town01:junction:26,DEV,Ambiguity-Only,TASK_DIVERGENT,True,1.0,0.0,1.0,,1.0,BALANCED_INTENT_WEIGHTED
PUBLIC_a588fca2bb690ce7bbcb66a1,TOWN01_JUNCTION_26_UNIT01|CFG_LONGER_VS_SHARPER|DC-M1V3-OBS-T01-J26-A-20260804T063020Z|P1,Town01:junction:26,DEV,Trajectory-Distance,TASK_DIVERGENT,True,0.5,0.5,0.0,,1.0,BALANCED_INTENT_WEIGHTED
PUBLIC_a588fca2bb690ce7bbcb66a1,TOWN01_JUNCTION_26_UNIT01|CFG_LONGER_VS_SHARPER|DC-M1V3-OBS-T01-J26-A-20260804T063020Z|P1,Town01:junction:26,DEV,Random-Query@matched-rate,TASK_DIVERGENT,True,0.6666666666666666,0.33333333333333337,0.3333333333333333,,1.0,RANDOMIZATION_EXPECTATION
PUBLIC_a588fca2bb690ce7bbcb66a1,TOWN01_JUNCTION_26_UNIT01|CFG_LONGER_VS_SHARPER|DC-M1V3-OBS-T01-J26-A-20260804T063020Z|P1,Town01:junction:26,DEV,DriveClarify,TASK_DIVERGENT,True,1.0,0.0,1.0,,1.0,BALANCED_INTENT_WEIGHTED
PUBLIC_40272f041842092f8ebf5038,TOWN01_JUNCTION_26_UNIT01|CFG_LONGER_VS_SHARPER|DC-M1V3-OBS-T01-J26-A-20260804T063020Z|P2,Town01:junction:26,DEV,Never Clarify,TASK_DIVERGENT,True,0.5,0.5,0.0,,1.0,BALANCED_INTENT_WEIGHTED
PUBLIC_40272f041842092f8ebf5038,TOWN01_JUNCTION_26_UNIT01|CFG_LONGER_VS_SHARPER|DC-M1V3-OBS-T01-J26-A-20260804T063020Z|P2,Town01:junction:26,DEV,Always Clarify,TASK_DIVERGENT,True,1.0,0.0,1.0,,1.0,BALANCED_INTENT_WEIGHTED
PUBLIC_40272f041842092f8ebf5038,TOWN01_JUNCTION_26_UNIT01|CFG_LONGER_VS_SHARPER|DC-M1V3-OBS-T01-J26-A-20260804T063020Z|P2,Town01:junction:26,DEV,Ambiguity-Only,TASK_DIVERGENT,True,1.0,0.0,1.0,,1.0,BALANCED_INTENT_WEIGHTED
PUBLIC_40272f041842092f8ebf5038,TOWN01_JUNCTION_26_UNIT01|CFG_LONGER_VS_SHARPER|DC-M1V3-OBS-T01-J26-A-20260804T063020Z|P2,Town01:junction:26,DEV,Trajectory-Distance,TASK_DIVERGENT,True,0.5,0.5,0.0,,1.0,BALANCED_INTENT_WEIGHTED
PUBLIC_40272f041842092f8ebf5038,TOWN01_JUNCTION_26_UNIT01|CFG_LONGER_VS_SHARPER|DC-M1V3-OBS-T01-J26-A-20260804T063020Z|P2,Town01:junction:26,DEV,Random-Query@matched-rate,TASK_DIVERGENT,True,0.6666666666666666,0.33333333333333337,0.3333333333333333,,1.0,RANDOMIZATION_EXPECTATION
PUBLIC_40272f041842092f8ebf5038,TOWN01_JUNCTION_26_UNIT01|CFG_LONGER_VS_SHARPER|DC-M1V3-OBS-T01-J26-A-20260804T063020Z|P2,Town01:junction:26,DEV,DriveClarify,TASK_DIVERGENT,True,1.0,0.0,1.0,,1.0,BALANCED_INTENT_WEIGHTED
PUBLIC_50c8e70d1d42dce7454e92d3,TOWN01_JUNCTION_26_UNIT01|CFG_SAME_EXPRESSION|DC-M1V3-OBS-T01-J26-A-20260804T063020Z|P1,Town01:junction:26,DEV,Never Clarify,TASK_EQUIVALENT,True,1.0,0.0,0.0,0.0,1.0,BALANCED_INTENT_WEIGHTED
PUBLIC_50c8e70d1d42dce7454e92d3,TOWN01_JUNCTION_26_UNIT01|CFG_SAME_EXPRESSION|DC-M1V3-OBS-T01-J26-A-20260804T063020Z|P1,Town01:junction:26,DEV,Always Clarify,TASK_EQUIVALENT,True,1.0,0.0,1.0,1.0,1.0,BALANCED_INTENT_WEIGHTED
PUBLIC_50c8e70d1d42dce7454e92d3,TOWN01_JUNCTION_26_UNIT01|CFG_SAME_EXPRESSION|DC-M1V3-OBS-T01-J26-A-20260804T063020Z|P1,Town01:junction:26,DEV,Ambiguity-Only,TASK_EQUIVALENT,True,1.0,0.0,1.0,1.0,1.0,BALANCED_INTENT_WEIGHTED
PUBLIC_50c8e70d1d42dce7454e92d3,TOWN01_JUNCTION_26_UNIT01|CFG_SAME_EXPRESSION|DC-M1V3-OBS-T01-J26-A-20260804T063020Z|P1,Town01:junction:26,DEV,Trajectory-Distance,TASK_EQUIVALENT,True,1.0,0.0,0.0,0.0,1.0,BALANCED_INTENT_WEIGHTED
PUBLIC_50c8e70d1d42dce7454e92d3,TOWN01_JUNCTION_26_UNIT01|CFG_SAME_EXPRESSION|DC-M1V3-OBS-T01-J26-A-20260804T063020Z|P1,Town01:junction:26,DEV,Random-Query@matched-rate,TASK_EQUIVALENT,True,1.0,0.0,0.3333333333333333,0.3333333333333333,1.0,RANDOMIZATION_EXPECTATION
PUBLIC_50c8e70d1d42dce7454e92d3,TOWN01_JUNCTION_26_UNIT01|CFG_SAME_EXPRESSION|DC-M1V3-OBS-T01-J26-A-20260804T063020Z|P1,Town01:junction:26,DEV,DriveClarify,TASK_EQUIVALENT,True,1.0,0.0,0.0,0.0,1.0,BALANCED_INTENT_WEIGHTED
PUBLIC_2dc1ec341d410afe83b8cf4c,TOWN01_JUNCTION_26_UNIT01|CFG_SAME_EXPRESSION|DC-M1V3-OBS-T01-J26-A-20260804T063020Z|P2,Town01:junction:26,DEV,Never Clarify,TASK_EQUIVALENT,True,1.0,0.0,0.0,0.0,1.0,BALANCED_INTENT_WEIGHTED
PUBLIC_2dc1ec341d410afe83b8cf4c,TOWN01_JUNCTION_26_UNIT01|CFG_SAME_EXPRESSION|DC-M1V3-OBS-T01-J26-A-20260804T063020Z|P2,Town01:junction:26,DEV,Always Clarify,TASK_EQUIVALENT,True,1.0,0.0,1.0,1.0,1.0,BALANCED_INTENT_WEIGHTED
PUBLIC_2dc1ec341d410afe83b8cf4c,TOWN01_JUNCTION_26_UNIT01|CFG_SAME_EXPRESSION|DC-M1V3-OBS-T01-J26-A-20260804T063020Z|P2,Town01:junction:26,DEV,Ambiguity-Only,TASK_EQUIVALENT,True,1.0,0.0,1.0,1.0,1.0,BALANCED_INTENT_WEIGHTED
PUBLIC_2dc1ec341d410afe83b8cf4c,TOWN01_JUNCTION_26_UNIT01|CFG_SAME_EXPRESSION|DC-M1V3-OBS-T01-J26-A-20260804T063020Z|P2,Town01:junction:26,DEV,Trajectory-Distance,TASK_EQUIVALENT,True,1.0,0.0,0.0,0.0,1.0,BALANCED_INTENT_WEIGHTED
PUBLIC_2dc1ec341d410afe83b8cf4c,TOWN01_JUNCTION_26_UNIT01|CFG_SAME_EXPRESSION|DC-M1V3-OBS-T01-J26-A-20260804T063020Z|P2,Town01:junction:26,DEV,Random-Query@matched-rate,TASK_EQUIVALENT,True,1.0,0.0,0.3333333333333333,0.3333333333333333,1.0,RANDOMIZATION_EXPECTATION
PUBLIC_2dc1ec341d410afe83b8cf4c,TOWN01_JUNCTION_26_UNIT01|CFG_SAME_EXPRESSION|DC-M1V3-OBS-T01-J26-A-20260804T063020Z|P2,Town01:junction:26,DEV,DriveClarify,TASK_EQUIVALENT,True,1.0,0.0,0.0,0.0,1.0,BALANCED_INTENT_WEIGHTED
PUBLIC_45f0f5b2b57b6f509eb71a5b,TOWN01_JUNCTION_26_UNIT01|CFG_EVIDENCE_INSUFFICIENT|DC-M1V3-OBS-T01-J26-A-20260804T063020Z|P1,Town01:junction:26,DEV,Never Clarify,,False,,,0.0,,1.0,BALANCED_INTENT_WEIGHTED
PUBLIC_45f0f5b2b57b6f509eb71a5b,TOWN01_JUNCTION_26_UNIT01|CFG_EVIDENCE_INSUFFICIENT|DC-M1V3-OBS-T01-J26-A-20260804T063020Z|P1,Town01:junction:26,DEV,Always Clarify,,False,,,1.0,,1.0,BALANCED_INTENT_WEIGHTED
PUBLIC_45f0f5b2b57b6f509eb71a5b,TOWN01_JUNCTION_26_UNIT01|CFG_EVIDENCE_INSUFFICIENT|DC-M1V3-OBS-T01-J26-A-20260804T063020Z|P1,Town01:junction:26,DEV,Ambiguity-Only,,False,,,1.0,,1.0,BALANCED_INTENT_WEIGHTED
PUBLIC_45f0f5b2b57b6f509eb71a5b,TOWN01_JUNCTION_26_UNIT01|CFG_EVIDENCE_INSUFFICIENT|DC-M1V3-OBS-T01-J26-A-20260804T063020Z|P1,Town01:junction:26,DEV,Trajectory-Distance,,False,,,0.0,,1.0,BALANCED_INTENT_WEIGHTED
PUBLIC_45f0f5b2b57b6f509eb71a5b,TOWN01_JUNCTION_26_UNIT01|CFG_EVIDENCE_INSUFFICIENT|DC-M1V3-OBS-T01-J26-A-20260804T063020Z|P1,Town01:junction:26,DEV,Random-Query@matched-rate,,False,,,0.3333333333333333,,1.0,RANDOMIZATION_EXPECTATION
PUBLIC_45f0f5b2b57b6f509eb71a5b,TOWN01_JUNCTION_26_UNIT01|CFG_EVIDENCE_INSUFFICIENT|DC-M1V3-OBS-T01-J26-A-20260804T063020Z|P1,Town01:junction:26,DEV,DriveClarify,,False,,,0.0,,0.0,BALANCED_INTENT_WEIGHTED
PUBLIC_3194e7fb029f7625d4d1d23e,TOWN01_JUNCTION_26_UNIT01|CFG_EVIDENCE_INSUFFICIENT|DC-M1V3-OBS-T01-J26-A-20260804T063020Z|P2,Town01:junction:26,DEV,Never Clarify,,False,,,0.0,,1.0,BALANCED_INTENT_WEIGHTED
PUBLIC_3194e7fb029f7625d4d1d23e,TOWN01_JUNCTION_26_UNIT01|CFG_EVIDENCE_INSUFFICIENT|DC-M1V3-OBS-T01-J26-A-20260804T063020Z|P2,Town01:junction:26,DEV,Always Clarify,,False,,,1.0,,1.0,BALANCED_INTENT_WEIGHTED
PUBLIC_3194e7fb029f7625d4d1d23e,TOWN01_JUNCTION_26_UNIT01|CFG_EVIDENCE_INSUFFICIENT|DC-M1V3-OBS-T01-J26-A-20260804T063020Z|P2,Town01:junction:26,DEV,Ambiguity-Only,,False,,,1.0,,1.0,BALANCED_INTENT_WEIGHTED
PUBLIC_3194e7fb029f7625d4d1d23e,TOWN01_JUNCTION_26_UNIT01|CFG_EVIDENCE_INSUFFICIENT|DC-M1V3-OBS-T01-J26-A-20260804T063020Z|P2,Town01:junction:26,DEV,Trajectory-Distance,,False,,,0.0,,1.0,BALANCED_INTENT_WEIGHTED
PUBLIC_3194e7fb029f7625d4d1d23e,TOWN01_JUNCTION_26_UNIT01|CFG_EVIDENCE_INSUFFICIENT|DC-M1V3-OBS-T01-J26-A-20260804T063020Z|P2,Town01:junction:26,DEV,Random-Query@matched-rate,,False,,,0.3333333333333333,,1.0,RANDOMIZATION_EXPECTATION
PUBLIC_3194e7fb029f7625d4d1d23e,TOWN01_JUNCTION_26_UNIT01|CFG_EVIDENCE_INSUFFICIENT|DC-M1V3-OBS-T01-J26-A-20260804T063020Z|P2,Town01:junction:26,DEV,DriveClarify,,False,,,0.0,,0.0,BALANCED_INTENT_WEIGHTED
PUBLIC_36ae0e3c492f6a0febdad197,TOWN02_JUNCTION_20_UNIT01|CFG_LONGER_VS_STRAIGHTER|DC-M1V3-OBS-T02-J20-A-20260804T063015Z|P1,Town02:junction:20,DEV,Never Clarify,TASK_EQUIVALENT,True,1.0,0.0,0.0,0.0,1.0,BALANCED_INTENT_WEIGHTED
PUBLIC_36ae0e3c492f6a0febdad197,TOWN02_JUNCTION_20_UNIT01|CFG_LONGER_VS_STRAIGHTER|DC-M1V3-OBS-T02-J20-A-20260804T063015Z|P1,Town02:junction:20,DEV,Always Clarify,TASK_EQUIVALENT,True,1.0,0.0,1.0,1.0,1.0,BALANCED_INTENT_WEIGHTED
PUBLIC_36ae0e3c492f6a0febdad197,TOWN02_JUNCTION_20_UNIT01|CFG_LONGER_VS_STRAIGHTER|DC-M1V3-OBS-T02-J20-A-20260804T063015Z|P1,Town02:junction:20,DEV,Ambiguity-Only,TASK_EQUIVALENT,True,1.0,0.0,1.0,1.0,1.0,BALANCED_INTENT_WEIGHTED
PUBLIC_36ae0e3c492f6a0febdad197,TOWN02_JUNCTION_20_UNIT01|CFG_LONGER_VS_STRAIGHTER|DC-M1V3-OBS-T02-J20-A-20260804T063015Z|P1,Town02:junction:20,DEV,Trajectory-Distance,TASK_EQUIVALENT,True,1.0,0.0,0.0,0.0,1.0,BALANCED_INTENT_WEIGHTED
PUBLIC_36ae0e3c492f6a0febdad197,TOWN02_JUNCTION_20_UNIT01|CFG_LONGER_VS_STRAIGHTER|DC-M1V3-OBS-T02-J20-A-20260804T063015Z|P1,Town02:junction:20,DEV,Random-Query@matched-rate,TASK_EQUIVALENT,True,1.0,0.0,0.3333333333333333,0.3333333333333333,1.0,RANDOMIZATION_EXPECTATION
PUBLIC_36ae0e3c492f6a0febdad197,TOWN02_JUNCTION_20_UNIT01|CFG_LONGER_VS_STRAIGHTER|DC-M1V3-OBS-T02-J20-A-20260804T063015Z|P1,Town02:junction:20,DEV,DriveClarify,TASK_EQUIVALENT,True,1.0,0.0,0.0,0.0,1.0,BALANCED_INTENT_WEIGHTED
PUBLIC_e29aee613e4aecd2eab04a64,TOWN02_JUNCTION_20_UNIT01|CFG_LONGER_VS_STRAIGHTER|DC-M1V3-OBS-T02-J20-A-20260804T063015Z|P2,Town02:junction:20,DEV,Never Clarify,TASK_EQUIVALENT,True,1.0,0.0,0.0,0.0,1.0,BALANCED_INTENT_WEIGHTED
PUBLIC_e29aee613e4aecd2eab04a64,TOWN02_JUNCTION_20_UNIT01|CFG_LONGER_VS_STRAIGHTER|DC-M1V3-OBS-T02-J20-A-20260804T063015Z|P2,Town02:junction:20,DEV,Always Clarify,TASK_EQUIVALENT,True,1.0,0.0,1.0,1.0,1.0,BALANCED_INTENT_WEIGHTED
PUBLIC_e29aee613e4aecd2eab04a64,TOWN02_JUNCTION_20_UNIT01|CFG_LONGER_VS_STRAIGHTER|DC-M1V3-OBS-T02-J20-A-20260804T063015Z|P2,Town02:junction:20,DEV,Ambiguity-Only,TASK_EQUIVALENT,True,1.0,0.0,1.0,1.0,1.0,BALANCED_INTENT_WEIGHTED
PUBLIC_e29aee613e4aecd2eab04a64,TOWN02_JUNCTION_20_UNIT01|CFG_LONGER_VS_STRAIGHTER|DC-M1V3-OBS-T02-J20-A-20260804T063015Z|P2,Town02:junction:20,DEV,Trajectory-Distance,TASK_EQUIVALENT,True,1.0,0.0,1.0,1.0,1.0,BALANCED_INTENT_WEIGHTED
PUBLIC_e29aee613e4aecd2eab04a64,TOWN02_JUNCTION_20_UNIT01|CFG_LONGER_VS_STRAIGHTER|DC-M1V3-OBS-T02-J20-A-20260804T063015Z|P2,Town02:junction:20,DEV,Random-Query@matched-rate,TASK_EQUIVALENT,True,1.0,0.0,0.3333333333333333,0.3333333333333333,1.0,RANDOMIZATION_EXPECTATION
PUBLIC_e29aee613e4aecd2eab04a64,TOWN02_JUNCTION_20_UNIT01|CFG_LONGER_VS_STRAIGHTER|DC-M1V3-OBS-T02-J20-A-20260804T063015Z|P2,Town02:junction:20,DEV,DriveClarify,TASK_EQUIVALENT,True,1.0,0.0,0.0,0.0,1.0,BALANCED_INTENT_WEIGHTED
PUBLIC_79ef7e48c04ed060594260ae,TOWN02_JUNCTION_20_UNIT01|CFG_LONGER_VS_SHARPER|DC-M1V3-OBS-T02-J20-A-20260804T063015Z|P1,Town02:junction:20,DEV,Never Clarify,TASK_DIVERGENT,True,0.5,0.5,0.0,,1.0,BALANCED_INTENT_WEIGHTED
PUBLIC_79ef7e48c04ed060594260ae,TOWN02_JUNCTION_20_UNIT01|CFG_LONGER_VS_SHARPER|DC-M1V3-OBS-T02-J20-A-20260804T063015Z|P1,Town02:junction:20,DEV,Always Clarify,TASK_DIVERGENT,True,1.0,0.0,1.0,,1.0,BALANCED_INTENT_WEIGHTED
PUBLIC_79ef7e48c04ed060594260ae,TOWN02_JUNCTION_20_UNIT01|CFG_LONGER_VS_SHARPER|DC-M1V3-OBS-T02-J20-A-20260804T063015Z|P1,Town02:junction:20,DEV,Ambiguity-Only,TASK_DIVERGENT,True,1.0,0.0,1.0,,1.0,BALANCED_INTENT_WEIGHTED
PUBLIC_79ef7e48c04ed060594260ae,TOWN02_JUNCTION_20_UNIT01|CFG_LONGER_VS_SHARPER|DC-M1V3-OBS-T02-J20-A-20260804T063015Z|P1,Town02:junction:20,DEV,Trajectory-Distance,TASK_DIVERGENT,True,0.5,0.5,0.0,,1.0,BALANCED_INTENT_WEIGHTED
PUBLIC_79ef7e48c04ed060594260ae,TOWN02_JUNCTION_20_UNIT01|CFG_LONGER_VS_SHARPER|DC-M1V3-OBS-T02-J20-A-20260804T063015Z|P1,Town02:junction:20,DEV,Random-Query@matched-rate,TASK_DIVERGENT,True,0.6666666666666666,0.33333333333333337,0.3333333333333333,,1.0,RANDOMIZATION_EXPECTATION
PUBLIC_79ef7e48c04ed060594260ae,TOWN02_JUNCTION_20_UNIT01|CFG_LONGER_VS_SHARPER|DC-M1V3-OBS-T02-J20-A-20260804T063015Z|P1,Town02:junction:20,DEV,DriveClarify,TASK_DIVERGENT,True,1.0,0.0,1.0,,1.0,BALANCED_INTENT_WEIGHTED
PUBLIC_76add269cd5b72c422c834c6,TOWN02_JUNCTION_20_UNIT01|CFG_LONGER_VS_SHARPER|DC-M1V3-OBS-T02-J20-A-20260804T063015Z|P2,Town02:junction:20,DEV,Never Clarify,TASK_DIVERGENT,True,0.5,0.5,0.0,,1.0,BALANCED_INTENT_WEIGHTED
PUBLIC_76add269cd5b72c422c834c6,TOWN02_JUNCTION_20_UNIT01|CFG_LONGER_VS_SHARPER|DC-M1V3-OBS-T02-J20-A-20260804T063015Z|P2,Town02:junction:20,DEV,Always Clarify,TASK_DIVERGENT,True,1.0,0.0,1.0,,1.0,BALANCED_INTENT_WEIGHTED
PUBLIC_76add269cd5b72c422c834c6,TOWN02_JUNCTION_20_UNIT01|CFG_LONGER_VS_SHARPER|DC-M1V3-OBS-T02-J20-A-20260804T063015Z|P2,Town02:junction:20,DEV,Ambiguity-Only,TASK_DIVERGENT,True,1.0,0.0,1.0,,1.0,BALANCED_INTENT_WEIGHTED
PUBLIC_76add269cd5b72c422c834c6,TOWN02_JUNCTION_20_UNIT01|CFG_LONGER_VS_SHARPER|DC-M1V3-OBS-T02-J20-A-20260804T063015Z|P2,Town02:junction:20,DEV,Trajectory-Distance,TASK_DIVERGENT,True,1.0,0.0,1.0,,1.0,BALANCED_INTENT_WEIGHTED
PUBLIC_76add269cd5b72c422c834c6,TOWN02_JUNCTION_20_UNIT01|CFG_LONGER_VS_SHARPER|DC-M1V3-OBS-T02-J20-A-20260804T063015Z|P2,Town02:junction:20,DEV,Random-Query@matched-rate,TASK_DIVERGENT,True,0.6666666666666666,0.33333333333333337,0.3333333333333333,,1.0,RANDOMIZATION_EXPECTATION
PUBLIC_76add269cd5b72c422c834c6,TOWN02_JUNCTION_20_UNIT01|CFG_LONGER_VS_SHARPER|DC-M1V3-OBS-T02-J20-A-20260804T063015Z|P2,Town02:junction:20,DEV,DriveClarify,TASK_DIVERGENT,True,1.0,0.0,1.0,,1.0,BALANCED_INTENT_WEIGHTED
PUBLIC_5b55eb4387ca7e1108fd0058,TOWN02_JUNCTION_20_UNIT01|CFG_SAME_EXPRESSION|DC-M1V3-OBS-T02-J20-A-20260804T063015Z|P1,Town02:junction:20,DEV,Never Clarify,TASK_EQUIVALENT,True,1.0,0.0,0.0,0.0,1.0,BALANCED_INTENT_WEIGHTED
PUBLIC_5b55eb4387ca7e1108fd0058,TOWN02_JUNCTION_20_UNIT01|CFG_SAME_EXPRESSION|DC-M1V3-OBS-T02-J20-A-20260804T063015Z|P1,Town02:junction:20,DEV,Always Clarify,TASK_EQUIVALENT,True,1.0,0.0,1.0,1.0,1.0,BALANCED_INTENT_WEIGHTED
PUBLIC_5b55eb4387ca7e1108fd0058,TOWN02_JUNCTION_20_UNIT01|CFG_SAME_EXPRESSION|DC-M1V3-OBS-T02-J20-A-20260804T063015Z|P1,Town02:junction:20,DEV,Ambiguity-Only,TASK_EQUIVALENT,True,1.0,0.0,1.0,1.0,1.0,BALANCED_INTENT_WEIGHTED
PUBLIC_5b55eb4387ca7e1108fd0058,TOWN02_JUNCTION_20_UNIT01|CFG_SAME_EXPRESSION|DC-M1V3-OBS-T02-J20-A-20260804T063015Z|P1,Town02:junction:20,DEV,Trajectory-Distance,TASK_EQUIVALENT,True,1.0,0.0,0.0,0.0,1.0,BALANCED_INTENT_WEIGHTED
PUBLIC_5b55eb4387ca7e1108fd0058,TOWN02_JUNCTION_20_UNIT01|CFG_SAME_EXPRESSION|DC-M1V3-OBS-T02-J20-A-20260804T063015Z|P1,Town02:junction:20,DEV,Random-Query@matched-rate,TASK_EQUIVALENT,True,1.0,0.0,0.3333333333333333,0.3333333333333333,1.0,RANDOMIZATION_EXPECTATION
PUBLIC_5b55eb4387ca7e1108fd0058,TOWN02_JUNCTION_20_UNIT01|CFG_SAME_EXPRESSION|DC-M1V3-OBS-T02-J20-A-20260804T063015Z|P1,Town02:junction:20,DEV,DriveClarify,TASK_EQUIVALENT,True,1.0,0.0,0.0,0.0,1.0,BALANCED_INTENT_WEIGHTED
PUBLIC_1b48350b2db5807d83d922f4,TOWN02_JUNCTION_20_UNIT01|CFG_SAME_EXPRESSION|DC-M1V3-OBS-T02-J20-A-20260804T063015Z|P2,Town02:junction:20,DEV,Never Clarify,TASK_EQUIVALENT,True,1.0,0.0,0.0,0.0,1.0,BALANCED_INTENT_WEIGHTED
PUBLIC_1b48350b2db5807d83d922f4,TOWN02_JUNCTION_20_UNIT01|CFG_SAME_EXPRESSION|DC-M1V3-OBS-T02-J20-A-20260804T063015Z|P2,Town02:junction:20,DEV,Always Clarify,TASK_EQUIVALENT,True,1.0,0.0,1.0,1.0,1.0,BALANCED_INTENT_WEIGHTED
PUBLIC_1b48350b2db5807d83d922f4,TOWN02_JUNCTION_20_UNIT01|CFG_SAME_EXPRESSION|DC-M1V3-OBS-T02-J20-A-20260804T063015Z|P2,Town02:junction:20,DEV,Ambiguity-Only,TASK_EQUIVALENT,True,1.0,0.0,1.0,1.0,1.0,BALANCED_INTENT_WEIGHTED
PUBLIC_1b48350b2db5807d83d922f4,TOWN02_JUNCTION_20_UNIT01|CFG_SAME_EXPRESSION|DC-M1V3-OBS-T02-J20-A-20260804T063015Z|P2,Town02:junction:20,DEV,Trajectory-Distance,TASK_EQUIVALENT,True,1.0,0.0,0.0,0.0,1.0,BALANCED_INTENT_WEIGHTED
PUBLIC_1b48350b2db5807d83d922f4,TOWN02_JUNCTION_20_UNIT01|CFG_SAME_EXPRESSION|DC-M1V3-OBS-T02-J20-A-20260804T063015Z|P2,Town02:junction:20,DEV,Random-Query@matched-rate,TASK_EQUIVALENT,True,1.0,0.0,0.3333333333333333,0.3333333333333333,1.0,RANDOMIZATION_EXPECTATION
PUBLIC_1b48350b2db5807d83d922f4,TOWN02_JUNCTION_20_UNIT01|CFG_SAME_EXPRESSION|DC-M1V3-OBS-T02-J20-A-20260804T063015Z|P2,Town02:junction:20,DEV,DriveClarify,TASK_EQUIVALENT,True,1.0,0.0,0.0,0.0,1.0,BALANCED_INTENT_WEIGHTED
PUBLIC_2bf4daa05b1b10081327e326,TOWN02_JUNCTION_20_UNIT01|CFG_EVIDENCE_INSUFFICIENT|DC-M1V3-OBS-T02-J20-A-20260804T063015Z|P1,Town02:junction:20,DEV,Never Clarify,,False,,,0.0,,1.0,BALANCED_INTENT_WEIGHTED
PUBLIC_2bf4daa05b1b10081327e326,TOWN02_JUNCTION_20_UNIT01|CFG_EVIDENCE_INSUFFICIENT|DC-M1V3-OBS-T02-J20-A-20260804T063015Z|P1,Town02:junction:20,DEV,Always Clarify,,False,,,1.0,,1.0,BALANCED_INTENT_WEIGHTED
PUBLIC_2bf4daa05b1b10081327e326,TOWN02_JUNCTION_20_UNIT01|CFG_EVIDENCE_INSUFFICIENT|DC-M1V3-OBS-T02-J20-A-20260804T063015Z|P1,Town02:junction:20,DEV,Ambiguity-Only,,False,,,1.0,,1.0,BALANCED_INTENT_WEIGHTED
PUBLIC_2bf4daa05b1b10081327e326,TOWN02_JUNCTION_20_UNIT01|CFG_EVIDENCE_INSUFFICIENT|DC-M1V3-OBS-T02-J20-A-20260804T063015Z|P1,Town02:junction:20,DEV,Trajectory-Distance,,False,,,1.0,,1.0,BALANCED_INTENT_WEIGHTED
PUBLIC_2bf4daa05b1b10081327e326,TOWN02_JUNCTION_20_UNIT01|CFG_EVIDENCE_INSUFFICIENT|DC-M1V3-OBS-T02-J20-A-20260804T063015Z|P1,Town02:junction:20,DEV,Random-Query@matched-rate,,False,,,0.3333333333333333,,1.0,RANDOMIZATION_EXPECTATION
PUBLIC_2bf4daa05b1b10081327e326,TOWN02_JUNCTION_20_UNIT01|CFG_EVIDENCE_INSUFFICIENT|DC-M1V3-OBS-T02-J20-A-20260804T063015Z|P1,Town02:junction:20,DEV,DriveClarify,,False,,,0.0,,0.0,BALANCED_INTENT_WEIGHTED
PUBLIC_b12a0507e16b47ad1ed2c50a,TOWN02_JUNCTION_20_UNIT01|CFG_EVIDENCE_INSUFFICIENT|DC-M1V3-OBS-T02-J20-A-20260804T063015Z|P2,Town02:junction:20,DEV,Never Clarify,,False,,,0.0,,1.0,BALANCED_INTENT_WEIGHTED
PUBLIC_b12a0507e16b47ad1ed2c50a,TOWN02_JUNCTION_20_UNIT01|CFG_EVIDENCE_INSUFFICIENT|DC-M1V3-OBS-T02-J20-A-20260804T063015Z|P2,Town02:junction:20,DEV,Always Clarify,,False,,,1.0,,1.0,BALANCED_INTENT_WEIGHTED
PUBLIC_b12a0507e16b47ad1ed2c50a,TOWN02_JUNCTION_20_UNIT01|CFG_EVIDENCE_INSUFFICIENT|DC-M1V3-OBS-T02-J20-A-20260804T063015Z|P2,Town02:junction:20,DEV,Ambiguity-Only,,False,,,1.0,,1.0,BALANCED_INTENT_WEIGHTED
PUBLIC_b12a0507e16b47ad1ed2c50a,TOWN02_JUNCTION_20_UNIT01|CFG_EVIDENCE_INSUFFICIENT|DC-M1V3-OBS-T02-J20-A-20260804T063015Z|P2,Town02:junction:20,DEV,Trajectory-Distance,,False,,,0.0,,1.0,BALANCED_INTENT_WEIGHTED
PUBLIC_b12a0507e16b47ad1ed2c50a,TOWN02_JUNCTION_20_UNIT01|CFG_EVIDENCE_INSUFFICIENT|DC-M1V3-OBS-T02-J20-A-20260804T063015Z|P2,Town02:junction:20,DEV,Random-Query@matched-rate,,False,,,0.3333333333333333,,1.0,RANDOMIZATION_EXPECTATION
PUBLIC_b12a0507e16b47ad1ed2c50a,TOWN02_JUNCTION_20_UNIT01|CFG_EVIDENCE_INSUFFICIENT|DC-M1V3-OBS-T02-J20-A-20260804T063015Z|P2,Town02:junction:20,DEV,DriveClarify,,False,,,0.0,,0.0,BALANCED_INTENT_WEIGHTED
PUBLIC_b43c93ed8887cc8395f28381,TOWN03_JUNCTION_498_UNIT01|CFG_LONGER_VS_STRAIGHTER|DC-M1V3-OBS-T03-J498-A-20260804T063001Z|P1,Town03:junction:498,DEV,Never Clarify,TASK_EQUIVALENT,True,1.0,0.0,0.0,0.0,1.0,BALANCED_INTENT_WEIGHTED
PUBLIC_b43c93ed8887cc8395f28381,TOWN03_JUNCTION_498_UNIT01|CFG_LONGER_VS_STRAIGHTER|DC-M1V3-OBS-T03-J498-A-20260804T063001Z|P1,Town03:junction:498,DEV,Always Clarify,TASK_EQUIVALENT,True,1.0,0.0,1.0,1.0,1.0,BALANCED_INTENT_WEIGHTED
PUBLIC_b43c93ed8887cc8395f28381,TOWN03_JUNCTION_498_UNIT01|CFG_LONGER_VS_STRAIGHTER|DC-M1V3-OBS-T03-J498-A-20260804T063001Z|P1,Town03:junction:498,DEV,Ambiguity-Only,TASK_EQUIVALENT,True,1.0,0.0,1.0,1.0,1.0,BALANCED_INTENT_WEIGHTED
PUBLIC_b43c93ed8887cc8395f28381,TOWN03_JUNCTION_498_UNIT01|CFG_LONGER_VS_STRAIGHTER|DC-M1V3-OBS-T03-J498-A-20260804T063001Z|P1,Town03:junction:498,DEV,Trajectory-Distance,TASK_EQUIVALENT,True,1.0,0.0,0.0,0.0,1.0,BALANCED_INTENT_WEIGHTED
PUBLIC_b43c93ed8887cc8395f28381,TOWN03_JUNCTION_498_UNIT01|CFG_LONGER_VS_STRAIGHTER|DC-M1V3-OBS-T03-J498-A-20260804T063001Z|P1,Town03:junction:498,DEV,Random-Query@matched-rate,TASK_EQUIVALENT,True,1.0,0.0,0.3333333333333333,0.3333333333333333,1.0,RANDOMIZATION_EXPECTATION
PUBLIC_b43c93ed8887cc8395f28381,TOWN03_JUNCTION_498_UNIT01|CFG_LONGER_VS_STRAIGHTER|DC-M1V3-OBS-T03-J498-A-20260804T063001Z|P1,Town03:junction:498,DEV,DriveClarify,TASK_EQUIVALENT,True,1.0,0.0,0.0,0.0,1.0,BALANCED_INTENT_WEIGHTED
PUBLIC_5cd4f18ff71ac9d3936c3e35,TOWN03_JUNCTION_498_UNIT01|CFG_LONGER_VS_STRAIGHTER|DC-M1V3-OBS-T03-J498-A-20260804T063001Z|P2,Town03:junction:498,DEV,Never Clarify,TASK_EQUIVALENT,True,1.0,0.0,0.0,0.0,1.0,BALANCED_INTENT_WEIGHTED
PUBLIC_5cd4f18ff71ac9d3936c3e35,TOWN03_JUNCTION_498_UNIT01|CFG_LONGER_VS_STRAIGHTER|DC-M1V3-OBS-T03-J498-A-20260804T063001Z|P2,Town03:junction:498,DEV,Always Clarify,TASK_EQUIVALENT,True,1.0,0.0,1.0,1.0,1.0,BALANCED_INTENT_WEIGHTED
PUBLIC_5cd4f18ff71ac9d3936c3e35,TOWN03_JUNCTION_498_UNIT01|CFG_LONGER_VS_STRAIGHTER|DC-M1V3-OBS-T03-J498-A-20260804T063001Z|P2,Town03:junction:498,DEV,Ambiguity-Only,TASK_EQUIVALENT,True,1.0,0.0,1.0,1.0,1.0,BALANCED_INTENT_WEIGHTED
PUBLIC_5cd4f18ff71ac9d3936c3e35,TOWN03_JUNCTION_498_UNIT01|CFG_LONGER_VS_STRAIGHTER|DC-M1V3-OBS-T03-J498-A-20260804T063001Z|P2,Town03:junction:498,DEV,Trajectory-Distance,TASK_EQUIVALENT,True,1.0,0.0,0.0,0.0,1.0,BALANCED_INTENT_WEIGHTED
PUBLIC_5cd4f18ff71ac9d3936c3e35,TOWN03_JUNCTION_498_UNIT01|CFG_LONGER_VS_STRAIGHTER|DC-M1V3-OBS-T03-J498-A-20260804T063001Z|P2,Town03:junction:498,DEV,Random-Query@matched-rate,TASK_EQUIVALENT,True,1.0,0.0,0.3333333333333333,0.3333333333333333,1.0,RANDOMIZATION_EXPECTATION
PUBLIC_5cd4f18ff71ac9d3936c3e35,TOWN03_JUNCTION_498_UNIT01|CFG_LONGER_VS_STRAIGHTER|DC-M1V3-OBS-T03-J498-A-20260804T063001Z|P2,Town03:junction:498,DEV,DriveClarify,TASK_EQUIVALENT,True,1.0,0.0,0.0,0.0,1.0,BALANCED_INTENT_WEIGHTED
PUBLIC_142bda4855d9a4951f880600,TOWN03_JUNCTION_498_UNIT01|CFG_LONGER_VS_SHARPER|DC-M1V3-OBS-T03-J498-A-20260804T063001Z|P1,Town03:junction:498,DEV,Never Clarify,TASK_DIVERGENT,True,0.5,0.5,0.0,,1.0,BALANCED_INTENT_WEIGHTED
PUBLIC_142bda4855d9a4951f880600,TOWN03_JUNCTION_498_UNIT01|CFG_LONGER_VS_SHARPER|DC-M1V3-OBS-T03-J498-A-20260804T063001Z|P1,Town03:junction:498,DEV,Always Clarify,TASK_DIVERGENT,True,1.0,0.0,1.0,,1.0,BALANCED_INTENT_WEIGHTED
PUBLIC_142bda4855d9a4951f880600,TOWN03_JUNCTION_498_UNIT01|CFG_LONGER_VS_SHARPER|DC-M1V3-OBS-T03-J498-A-20260804T063001Z|P1,Town03:junction:498,DEV,Ambiguity-Only,TASK_DIVERGENT,True,1.0,0.0,1.0,,1.0,BALANCED_INTENT_WEIGHTED
PUBLIC_142bda4855d9a4951f880600,TOWN03_JUNCTION_498_UNIT01|CFG_LONGER_VS_SHARPER|DC-M1V3-OBS-T03-J498-A-20260804T063001Z|P1,Town03:junction:498,DEV,Trajectory-Distance,TASK_DIVERGENT,True,0.5,0.5,0.0,,1.0,BALANCED_INTENT_WEIGHTED
PUBLIC_142bda4855d9a4951f880600,TOWN03_JUNCTION_498_UNIT01|CFG_LONGER_VS_SHARPER|DC-M1V3-OBS-T03-J498-A-20260804T063001Z|P1,Town03:junction:498,DEV,Random-Query@matched-rate,TASK_DIVERGENT,True,0.6666666666666666,0.33333333333333337,0.3333333333333333,,1.0,RANDOMIZATION_EXPECTATION
PUBLIC_142bda4855d9a4951f880600,TOWN03_JUNCTION_498_UNIT01|CFG_LONGER_VS_SHARPER|DC-M1V3-OBS-T03-J498-A-20260804T063001Z|P1,Town03:junction:498,DEV,DriveClarify,TASK_DIVERGENT,True,1.0,0.0,1.0,,1.0,BALANCED_INTENT_WEIGHTED
PUBLIC_17e825b1804244fb2f56d397,TOWN03_JUNCTION_498_UNIT01|CFG_LONGER_VS_SHARPER|DC-M1V3-OBS-T03-J498-A-20260804T063001Z|P2,Town03:junction:498,DEV,Never Clarify,TASK_DIVERGENT,True,0.5,0.5,0.0,,1.0,BALANCED_INTENT_WEIGHTED
PUBLIC_17e825b1804244fb2f56d397,TOWN03_JUNCTION_498_UNIT01|CFG_LONGER_VS_SHARPER|DC-M1V3-OBS-T03-J498-A-20260804T063001Z|P2,Town03:junction:498,DEV,Always Clarify,TASK_DIVERGENT,True,1.0,0.0,1.0,,1.0,BALANCED_INTENT_WEIGHTED
PUBLIC_17e825b1804244fb2f56d397,TOWN03_JUNCTION_498_UNIT01|CFG_LONGER_VS_SHARPER|DC-M1V3-OBS-T03-J498-A-20260804T063001Z|P2,Town03:junction:498,DEV,Ambiguity-Only,TASK_DIVERGENT,True,1.0,0.0,1.0,,1.0,BALANCED_INTENT_WEIGHTED
PUBLIC_17e825b1804244fb2f56d397,TOWN03_JUNCTION_498_UNIT01|CFG_LONGER_VS_SHARPER|DC-M1V3-OBS-T03-J498-A-20260804T063001Z|P2,Town03:junction:498,DEV,Trajectory-Distance,TASK_DIVERGENT,True,0.5,0.5,0.0,,1.0,BALANCED_INTENT_WEIGHTED
PUBLIC_17e825b1804244fb2f56d397,TOWN03_JUNCTION_498_UNIT01|CFG_LONGER_VS_SHARPER|DC-M1V3-OBS-T03-J498-A-20260804T063001Z|P2,Town03:junction:498,DEV,Random-Query@matched-rate,TASK_DIVERGENT,True,0.6666666666666666,0.33333333333333337,0.3333333333333333,,1.0,RANDOMIZATION_EXPECTATION
PUBLIC_17e825b1804244fb2f56d397,TOWN03_JUNCTION_498_UNIT01|CFG_LONGER_VS_SHARPER|DC-M1V3-OBS-T03-J498-A-20260804T063001Z|P2,Town03:junction:498,DEV,DriveClarify,TASK_DIVERGENT,True,1.0,0.0,1.0,,1.0,BALANCED_INTENT_WEIGHTED
PUBLIC_e6019fda44d81660434434fa,TOWN03_JUNCTION_498_UNIT01|CFG_SAME_EXPRESSION|DC-M1V3-OBS-T03-J498-A-20260804T063001Z|P1,Town03:junction:498,DEV,Never Clarify,TASK_EQUIVALENT,True,1.0,0.0,0.0,0.0,1.0,BALANCED_INTENT_WEIGHTED
PUBLIC_e6019fda44d81660434434fa,TOWN03_JUNCTION_498_UNIT01|CFG_SAME_EXPRESSION|DC-M1V3-OBS-T03-J498-A-20260804T063001Z|P1,Town03:junction:498,DEV,Always Clarify,TASK_EQUIVALENT,True,1.0,0.0,1.0,1.0,1.0,BALANCED_INTENT_WEIGHTED
PUBLIC_e6019fda44d81660434434fa,TOWN03_JUNCTION_498_UNIT01|CFG_SAME_EXPRESSION|DC-M1V3-OBS-T03-J498-A-20260804T063001Z|P1,Town03:junction:498,DEV,Ambiguity-Only,TASK_EQUIVALENT,True,1.0,0.0,1.0,1.0,1.0,BALANCED_INTENT_WEIGHTED
PUBLIC_e6019fda44d81660434434fa,TOWN03_JUNCTION_498_UNIT01|CFG_SAME_EXPRESSION|DC-M1V3-OBS-T03-J498-A-20260804T063001Z|P1,Town03:junction:498,DEV,Trajectory-Distance,TASK_EQUIVALENT,True,1.0,0.0,0.0,0.0,1.0,BALANCED_INTENT_WEIGHTED
PUBLIC_e6019fda44d81660434434fa,TOWN03_JUNCTION_498_UNIT01|CFG_SAME_EXPRESSION|DC-M1V3-OBS-T03-J498-A-20260804T063001Z|P1,Town03:junction:498,DEV,Random-Query@matched-rate,TASK_EQUIVALENT,True,1.0,0.0,0.3333333333333333,0.3333333333333333,1.0,RANDOMIZATION_EXPECTATION
PUBLIC_e6019fda44d81660434434fa,TOWN03_JUNCTION_498_UNIT01|CFG_SAME_EXPRESSION|DC-M1V3-OBS-T03-J498-A-20260804T063001Z|P1,Town03:junction:498,DEV,DriveClarify,TASK_EQUIVALENT,True,1.0,0.0,0.0,0.0,1.0,BALANCED_INTENT_WEIGHTED
PUBLIC_f5f717aa4d4ad6f2dd783ce4,TOWN03_JUNCTION_498_UNIT01|CFG_SAME_EXPRESSION|DC-M1V3-OBS-T03-J498-A-20260804T063001Z|P2,Town03:junction:498,DEV,Never Clarify,TASK_EQUIVALENT,True,1.0,0.0,0.0,0.0,1.0,BALANCED_INTENT_WEIGHTED
PUBLIC_f5f717aa4d4ad6f2dd783ce4,TOWN03_JUNCTION_498_UNIT01|CFG_SAME_EXPRESSION|DC-M1V3-OBS-T03-J498-A-20260804T063001Z|P2,Town03:junction:498,DEV,Always Clarify,TASK_EQUIVALENT,True,1.0,0.0,1.0,1.0,1.0,BALANCED_INTENT_WEIGHTED
PUBLIC_f5f717aa4d4ad6f2dd783ce4,TOWN03_JUNCTION_498_UNIT01|CFG_SAME_EXPRESSION|DC-M1V3-OBS-T03-J498-A-20260804T063001Z|P2,Town03:junction:498,DEV,Ambiguity-Only,TASK_EQUIVALENT,True,1.0,0.0,1.0,1.0,1.0,BALANCED_INTENT_WEIGHTED
PUBLIC_f5f717aa4d4ad6f2dd783ce4,TOWN03_JUNCTION_498_UNIT01|CFG_SAME_EXPRESSION|DC-M1V3-OBS-T03-J498-A-20260804T063001Z|P2,Town03:junction:498,DEV,Trajectory-Distance,TASK_EQUIVALENT,True,1.0,0.0,0.0,0.0,1.0,BALANCED_INTENT_WEIGHTED
PUBLIC_f5f717aa4d4ad6f2dd783ce4,TOWN03_JUNCTION_498_UNIT01|CFG_SAME_EXPRESSION|DC-M1V3-OBS-T03-J498-A-20260804T063001Z|P2,Town03:junction:498,DEV,Random-Query@matched-rate,TASK_EQUIVALENT,True,1.0,0.0,0.3333333333333333,0.3333333333333333,1.0,RANDOMIZATION_EXPECTATION
PUBLIC_f5f717aa4d4ad6f2dd783ce4,TOWN03_JUNCTION_498_UNIT01|CFG_SAME_EXPRESSION|DC-M1V3-OBS-T03-J498-A-20260804T063001Z|P2,Town03:junction:498,DEV,DriveClarify,TASK_EQUIVALENT,True,1.0,0.0,0.0,0.0,1.0,BALANCED_INTENT_WEIGHTED
PUBLIC_e76e281fbb53861f6a1764d5,TOWN03_JUNCTION_498_UNIT01|CFG_EVIDENCE_INSUFFICIENT|DC-M1V3-OBS-T03-J498-A-20260804T063001Z|P1,Town03:junction:498,DEV,Never Clarify,,False,,,0.0,,1.0,BALANCED_INTENT_WEIGHTED
PUBLIC_e76e281fbb53861f6a1764d5,TOWN03_JUNCTION_498_UNIT01|CFG_EVIDENCE_INSUFFICIENT|DC-M1V3-OBS-T03-J498-A-20260804T063001Z|P1,Town03:junction:498,DEV,Always Clarify,,False,,,1.0,,1.0,BALANCED_INTENT_WEIGHTED
PUBLIC_e76e281fbb53861f6a1764d5,TOWN03_JUNCTION_498_UNIT01|CFG_EVIDENCE_INSUFFICIENT|DC-M1V3-OBS-T03-J498-A-20260804T063001Z|P1,Town03:junction:498,DEV,Ambiguity-Only,,False,,,1.0,,1.0,BALANCED_INTENT_WEIGHTED
PUBLIC_e76e281fbb53861f6a1764d5,TOWN03_JUNCTION_498_UNIT01|CFG_EVIDENCE_INSUFFICIENT|DC-M1V3-OBS-T03-J498-A-20260804T063001Z|P1,Town03:junction:498,DEV,Trajectory-Distance,,False,,,0.0,,1.0,BALANCED_INTENT_WEIGHTED
PUBLIC_e76e281fbb53861f6a1764d5,TOWN03_JUNCTION_498_UNIT01|CFG_EVIDENCE_INSUFFICIENT|DC-M1V3-OBS-T03-J498-A-20260804T063001Z|P1,Town03:junction:498,DEV,Random-Query@matched-rate,,False,,,0.3333333333333333,,1.0,RANDOMIZATION_EXPECTATION
PUBLIC_e76e281fbb53861f6a1764d5,TOWN03_JUNCTION_498_UNIT01|CFG_EVIDENCE_INSUFFICIENT|DC-M1V3-OBS-T03-J498-A-20260804T063001Z|P1,Town03:junction:498,DEV,DriveClarify,,False,,,0.0,,0.0,BALANCED_INTENT_WEIGHTED
PUBLIC_aced4cd335ece1ab849c7d6f,TOWN03_JUNCTION_498_UNIT01|CFG_EVIDENCE_INSUFFICIENT|DC-M1V3-OBS-T03-J498-A-20260804T063001Z|P2,Town03:junction:498,DEV,Never Clarify,,False,,,0.0,,1.0,BALANCED_INTENT_WEIGHTED
PUBLIC_aced4cd335ece1ab849c7d6f,TOWN03_JUNCTION_498_UNIT01|CFG_EVIDENCE_INSUFFICIENT|DC-M1V3-OBS-T03-J498-A-20260804T063001Z|P2,Town03:junction:498,DEV,Always Clarify,,False,,,1.0,,1.0,BALANCED_INTENT_WEIGHTED
PUBLIC_aced4cd335ece1ab849c7d6f,TOWN03_JUNCTION_498_UNIT01|CFG_EVIDENCE_INSUFFICIENT|DC-M1V3-OBS-T03-J498-A-20260804T063001Z|P2,Town03:junction:498,DEV,Ambiguity-Only,,False,,,1.0,,1.0,BALANCED_INTENT_WEIGHTED
PUBLIC_aced4cd335ece1ab849c7d6f,TOWN03_JUNCTION_498_UNIT01|CFG_EVIDENCE_INSUFFICIENT|DC-M1V3-OBS-T03-J498-A-20260804T063001Z|P2,Town03:junction:498,DEV,Trajectory-Distance,,False,,,0.0,,1.0,BALANCED_INTENT_WEIGHTED
PUBLIC_aced4cd335ece1ab849c7d6f,TOWN03_JUNCTION_498_UNIT01|CFG_EVIDENCE_INSUFFICIENT|DC-M1V3-OBS-T03-J498-A-20260804T063001Z|P2,Town03:junction:498,DEV,Random-Query@matched-rate,,False,,,0.3333333333333333,,1.0,RANDOMIZATION_EXPECTATION
PUBLIC_aced4cd335ece1ab849c7d6f,TOWN03_JUNCTION_498_UNIT01|CFG_EVIDENCE_INSUFFICIENT|DC-M1V3-OBS-T03-J498-A-20260804T063001Z|P2,Town03:junction:498,DEV,DriveClarify,,False,,,0.0,,0.0,BALANCED_INTENT_WEIGHTED
PUBLIC_d5979511dd294ed37e204246,TOWN04_JUNCTION_483_UNIT01|CFG_LONGER_VS_STRAIGHTER|DC-M1V3-OBS-T04-J483-A-20260804T063004Z|P1,Town04:junction:483,DEV,Never Clarify,TASK_EQUIVALENT,True,1.0,0.0,0.0,0.0,1.0,BALANCED_INTENT_WEIGHTED
PUBLIC_d5979511dd294ed37e204246,TOWN04_JUNCTION_483_UNIT01|CFG_LONGER_VS_STRAIGHTER|DC-M1V3-OBS-T04-J483-A-20260804T063004Z|P1,Town04:junction:483,DEV,Always Clarify,TASK_EQUIVALENT,True,1.0,0.0,1.0,1.0,1.0,BALANCED_INTENT_WEIGHTED
PUBLIC_d5979511dd294ed37e204246,TOWN04_JUNCTION_483_UNIT01|CFG_LONGER_VS_STRAIGHTER|DC-M1V3-OBS-T04-J483-A-20260804T063004Z|P1,Town04:junction:483,DEV,Ambiguity-Only,TASK_EQUIVALENT,True,1.0,0.0,1.0,1.0,1.0,BALANCED_INTENT_WEIGHTED
PUBLIC_d5979511dd294ed37e204246,TOWN04_JUNCTION_483_UNIT01|CFG_LONGER_VS_STRAIGHTER|DC-M1V3-OBS-T04-J483-A-20260804T063004Z|P1,Town04:junction:483,DEV,Trajectory-Distance,TASK_EQUIVALENT,True,1.0,0.0,0.0,0.0,1.0,BALANCED_INTENT_WEIGHTED
PUBLIC_d5979511dd294ed37e204246,TOWN04_JUNCTION_483_UNIT01|CFG_LONGER_VS_STRAIGHTER|DC-M1V3-OBS-T04-J483-A-20260804T063004Z|P1,Town04:junction:483,DEV,Random-Query@matched-rate,TASK_EQUIVALENT,True,1.0,0.0,0.3333333333333333,0.3333333333333333,1.0,RANDOMIZATION_EXPECTATION
PUBLIC_d5979511dd294ed37e204246,TOWN04_JUNCTION_483_UNIT01|CFG_LONGER_VS_STRAIGHTER|DC-M1V3-OBS-T04-J483-A-20260804T063004Z|P1,Town04:junction:483,DEV,DriveClarify,TASK_EQUIVALENT,True,1.0,0.0,0.0,0.0,1.0,BALANCED_INTENT_WEIGHTED
PUBLIC_2023ae2771401b2375518ae4,TOWN04_JUNCTION_483_UNIT01|CFG_LONGER_VS_STRAIGHTER|DC-M1V3-OBS-T04-J483-A-20260804T063004Z|P2,Town04:junction:483,DEV,Never Clarify,TASK_EQUIVALENT,True,1.0,0.0,0.0,0.0,1.0,BALANCED_INTENT_WEIGHTED
PUBLIC_2023ae2771401b2375518ae4,TOWN04_JUNCTION_483_UNIT01|CFG_LONGER_VS_STRAIGHTER|DC-M1V3-OBS-T04-J483-A-20260804T063004Z|P2,Town04:junction:483,DEV,Always Clarify,TASK_EQUIVALENT,True,1.0,0.0,1.0,1.0,1.0,BALANCED_INTENT_WEIGHTED
PUBLIC_2023ae2771401b2375518ae4,TOWN04_JUNCTION_483_UNIT01|CFG_LONGER_VS_STRAIGHTER|DC-M1V3-OBS-T04-J483-A-20260804T063004Z|P2,Town04:junction:483,DEV,Ambiguity-Only,TASK_EQUIVALENT,True,1.0,0.0,1.0,1.0,1.0,BALANCED_INTENT_WEIGHTED
PUBLIC_2023ae2771401b2375518ae4,TOWN04_JUNCTION_483_UNIT01|CFG_LONGER_VS_STRAIGHTER|DC-M1V3-OBS-T04-J483-A-20260804T063004Z|P2,Town04:junction:483,DEV,Trajectory-Distance,TASK_EQUIVALENT,True,1.0,0.0,0.0,0.0,1.0,BALANCED_INTENT_WEIGHTED
PUBLIC_2023ae2771401b2375518ae4,TOWN04_JUNCTION_483_UNIT01|CFG_LONGER_VS_STRAIGHTER|DC-M1V3-OBS-T04-J483-A-20260804T063004Z|P2,Town04:junction:483,DEV,Random-Query@matched-rate,TASK_EQUIVALENT,True,1.0,0.0,0.3333333333333333,0.3333333333333333,1.0,RANDOMIZATION_EXPECTATION
PUBLIC_2023ae2771401b2375518ae4,TOWN04_JUNCTION_483_UNIT01|CFG_LONGER_VS_STRAIGHTER|DC-M1V3-OBS-T04-J483-A-20260804T063004Z|P2,Town04:junction:483,DEV,DriveClarify,TASK_EQUIVALENT,True,1.0,0.0,0.0,0.0,1.0,BALANCED_INTENT_WEIGHTED
PUBLIC_6fce51e48ba340e22b7d822e,TOWN04_JUNCTION_483_UNIT01|CFG_LONGER_VS_SHARPER|DC-M1V3-OBS-T04-J483-A-20260804T063004Z|P1,Town04:junction:483,DEV,Never Clarify,TASK_DIVERGENT,True,0.5,0.5,0.0,,1.0,BALANCED_INTENT_WEIGHTED
PUBLIC_6fce51e48ba340e22b7d822e,TOWN04_JUNCTION_483_UNIT01|CFG_LONGER_VS_SHARPER|DC-M1V3-OBS-T04-J483-A-20260804T063004Z|P1,Town04:junction:483,DEV,Always Clarify,TASK_DIVERGENT,True,1.0,0.0,1.0,,1.0,BALANCED_INTENT_WEIGHTED
PUBLIC_6fce51e48ba340e22b7d822e,TOWN04_JUNCTION_483_UNIT01|CFG_LONGER_VS_SHARPER|DC-M1V3-OBS-T04-J483-A-20260804T063004Z|P1,Town04:junction:483,DEV,Ambiguity-Only,TASK_DIVERGENT,True,1.0,0.0,1.0,,1.0,BALANCED_INTENT_WEIGHTED
PUBLIC_6fce51e48ba340e22b7d822e,TOWN04_JUNCTION_483_UNIT01|CFG_LONGER_VS_SHARPER|DC-M1V3-OBS-T04-J483-A-20260804T063004Z|P1,Town04:junction:483,DEV,Trajectory-Distance,TASK_DIVERGENT,True,0.5,0.5,0.0,,1.0,BALANCED_INTENT_WEIGHTED
PUBLIC_6fce51e48ba340e22b7d822e,TOWN04_JUNCTION_483_UNIT01|CFG_LONGER_VS_SHARPER|DC-M1V3-OBS-T04-J483-A-20260804T063004Z|P1,Town04:junction:483,DEV,Random-Query@matched-rate,TASK_DIVERGENT,True,0.6666666666666666,0.33333333333333337,0.3333333333333333,,1.0,RANDOMIZATION_EXPECTATION
PUBLIC_6fce51e48ba340e22b7d822e,TOWN04_JUNCTION_483_UNIT01|CFG_LONGER_VS_SHARPER|DC-M1V3-OBS-T04-J483-A-20260804T063004Z|P1,Town04:junction:483,DEV,DriveClarify,TASK_DIVERGENT,True,1.0,0.0,1.0,,1.0,BALANCED_INTENT_WEIGHTED
PUBLIC_7f222ba13391a892bd6e94f7,TOWN04_JUNCTION_483_UNIT01|CFG_LONGER_VS_SHARPER|DC-M1V3-OBS-T04-J483-A-20260804T063004Z|P2,Town04:junction:483,DEV,Never Clarify,TASK_DIVERGENT,True,0.5,0.5,0.0,,1.0,BALANCED_INTENT_WEIGHTED
PUBLIC_7f222ba13391a892bd6e94f7,TOWN04_JUNCTION_483_UNIT01|CFG_LONGER_VS_SHARPER|DC-M1V3-OBS-T04-J483-A-20260804T063004Z|P2,Town04:junction:483,DEV,Always Clarify,TASK_DIVERGENT,True,1.0,0.0,1.0,,1.0,BALANCED_INTENT_WEIGHTED
PUBLIC_7f222ba13391a892bd6e94f7,TOWN04_JUNCTION_483_UNIT01|CFG_LONGER_VS_SHARPER|DC-M1V3-OBS-T04-J483-A-20260804T063004Z|P2,Town04:junction:483,DEV,Ambiguity-Only,TASK_DIVERGENT,True,1.0,0.0,1.0,,1.0,BALANCED_INTENT_WEIGHTED
PUBLIC_7f222ba13391a892bd6e94f7,TOWN04_JUNCTION_483_UNIT01|CFG_LONGER_VS_SHARPER|DC-M1V3-OBS-T04-J483-A-20260804T063004Z|P2,Town04:junction:483,DEV,Trajectory-Distance,TASK_DIVERGENT,True,0.5,0.5,0.0,,1.0,BALANCED_INTENT_WEIGHTED
PUBLIC_7f222ba13391a892bd6e94f7,TOWN04_JUNCTION_483_UNIT01|CFG_LONGER_VS_SHARPER|DC-M1V3-OBS-T04-J483-A-20260804T063004Z|P2,Town04:junction:483,DEV,Random-Query@matched-rate,TASK_DIVERGENT,True,0.6666666666666666,0.33333333333333337,0.3333333333333333,,1.0,RANDOMIZATION_EXPECTATION
PUBLIC_7f222ba13391a892bd6e94f7,TOWN04_JUNCTION_483_UNIT01|CFG_LONGER_VS_SHARPER|DC-M1V3-OBS-T04-J483-A-20260804T063004Z|P2,Town04:junction:483,DEV,DriveClarify,TASK_DIVERGENT,True,1.0,0.0,1.0,,1.0,BALANCED_INTENT_WEIGHTED
PUBLIC_215bf58f44f256b7e9f9bba1,TOWN04_JUNCTION_483_UNIT01|CFG_SAME_EXPRESSION|DC-M1V3-OBS-T04-J483-A-20260804T063004Z|P1,Town04:junction:483,DEV,Never Clarify,TASK_EQUIVALENT,True,1.0,0.0,0.0,0.0,1.0,BALANCED_INTENT_WEIGHTED
PUBLIC_215bf58f44f256b7e9f9bba1,TOWN04_JUNCTION_483_UNIT01|CFG_SAME_EXPRESSION|DC-M1V3-OBS-T04-J483-A-20260804T063004Z|P1,Town04:junction:483,DEV,Always Clarify,TASK_EQUIVALENT,True,1.0,0.0,1.0,1.0,1.0,BALANCED_INTENT_WEIGHTED
PUBLIC_215bf58f44f256b7e9f9bba1,TOWN04_JUNCTION_483_UNIT01|CFG_SAME_EXPRESSION|DC-M1V3-OBS-T04-J483-A-20260804T063004Z|P1,Town04:junction:483,DEV,Ambiguity-Only,TASK_EQUIVALENT,True,1.0,0.0,1.0,1.0,1.0,BALANCED_INTENT_WEIGHTED
PUBLIC_215bf58f44f256b7e9f9bba1,TOWN04_JUNCTION_483_UNIT01|CFG_SAME_EXPRESSION|DC-M1V3-OBS-T04-J483-A-20260804T063004Z|P1,Town04:junction:483,DEV,Trajectory-Distance,TASK_EQUIVALENT,True,1.0,0.0,0.0,0.0,1.0,BALANCED_INTENT_WEIGHTED
PUBLIC_215bf58f44f256b7e9f9bba1,TOWN04_JUNCTION_483_UNIT01|CFG_SAME_EXPRESSION|DC-M1V3-OBS-T04-J483-A-20260804T063004Z|P1,Town04:junction:483,DEV,Random-Query@matched-rate,TASK_EQUIVALENT,True,1.0,0.0,0.3333333333333333,0.3333333333333333,1.0,RANDOMIZATION_EXPECTATION
PUBLIC_215bf58f44f256b7e9f9bba1,TOWN04_JUNCTION_483_UNIT01|CFG_SAME_EXPRESSION|DC-M1V3-OBS-T04-J483-A-20260804T063004Z|P1,Town04:junction:483,DEV,DriveClarify,TASK_EQUIVALENT,True,1.0,0.0,0.0,0.0,1.0,BALANCED_INTENT_WEIGHTED
PUBLIC_91acd2e6615397ea9b789070,TOWN04_JUNCTION_483_UNIT01|CFG_SAME_EXPRESSION|DC-M1V3-OBS-T04-J483-A-20260804T063004Z|P2,Town04:junction:483,DEV,Never Clarify,TASK_EQUIVALENT,True,1.0,0.0,0.0,0.0,1.0,BALANCED_INTENT_WEIGHTED
PUBLIC_91acd2e6615397ea9b789070,TOWN04_JUNCTION_483_UNIT01|CFG_SAME_EXPRESSION|DC-M1V3-OBS-T04-J483-A-20260804T063004Z|P2,Town04:junction:483,DEV,Always Clarify,TASK_EQUIVALENT,True,1.0,0.0,1.0,1.0,1.0,BALANCED_INTENT_WEIGHTED
PUBLIC_91acd2e6615397ea9b789070,TOWN04_JUNCTION_483_UNIT01|CFG_SAME_EXPRESSION|DC-M1V3-OBS-T04-J483-A-20260804T063004Z|P2,Town04:junction:483,DEV,Ambiguity-Only,TASK_EQUIVALENT,True,1.0,0.0,1.0,1.0,1.0,BALANCED_INTENT_WEIGHTED
PUBLIC_91acd2e6615397ea9b789070,TOWN04_JUNCTION_483_UNIT01|CFG_SAME_EXPRESSION|DC-M1V3-OBS-T04-J483-A-20260804T063004Z|P2,Town04:junction:483,DEV,Trajectory-Distance,TASK_EQUIVALENT,True,1.0,0.0,0.0,0.0,1.0,BALANCED_INTENT_WEIGHTED
PUBLIC_91acd2e6615397ea9b789070,TOWN04_JUNCTION_483_UNIT01|CFG_SAME_EXPRESSION|DC-M1V3-OBS-T04-J483-A-20260804T063004Z|P2,Town04:junction:483,DEV,Random-Query@matched-rate,TASK_EQUIVALENT,True,1.0,0.0,0.3333333333333333,0.3333333333333333,1.0,RANDOMIZATION_EXPECTATION
PUBLIC_91acd2e6615397ea9b789070,TOWN04_JUNCTION_483_UNIT01|CFG_SAME_EXPRESSION|DC-M1V3-OBS-T04-J483-A-20260804T063004Z|P2,Town04:junction:483,DEV,DriveClarify,TASK_EQUIVALENT,True,1.0,0.0,0.0,0.0,1.0,BALANCED_INTENT_WEIGHTED
PUBLIC_09c919611fb6c5848d9d440e,TOWN04_JUNCTION_483_UNIT01|CFG_EVIDENCE_INSUFFICIENT|DC-M1V3-OBS-T04-J483-A-20260804T063004Z|P1,Town04:junction:483,DEV,Never Clarify,,False,,,0.0,,1.0,BALANCED_INTENT_WEIGHTED
PUBLIC_09c919611fb6c5848d9d440e,TOWN04_JUNCTION_483_UNIT01|CFG_EVIDENCE_INSUFFICIENT|DC-M1V3-OBS-T04-J483-A-20260804T063004Z|P1,Town04:junction:483,DEV,Always Clarify,,False,,,1.0,,1.0,BALANCED_INTENT_WEIGHTED
PUBLIC_09c919611fb6c5848d9d440e,TOWN04_JUNCTION_483_UNIT01|CFG_EVIDENCE_INSUFFICIENT|DC-M1V3-OBS-T04-J483-A-20260804T063004Z|P1,Town04:junction:483,DEV,Ambiguity-Only,,False,,,1.0,,1.0,BALANCED_INTENT_WEIGHTED
PUBLIC_09c919611fb6c5848d9d440e,TOWN04_JUNCTION_483_UNIT01|CFG_EVIDENCE_INSUFFICIENT|DC-M1V3-OBS-T04-J483-A-20260804T063004Z|P1,Town04:junction:483,DEV,Trajectory-Distance,,False,,,0.0,,1.0,BALANCED_INTENT_WEIGHTED
PUBLIC_09c919611fb6c5848d9d440e,TOWN04_JUNCTION_483_UNIT01|CFG_EVIDENCE_INSUFFICIENT|DC-M1V3-OBS-T04-J483-A-20260804T063004Z|P1,Town04:junction:483,DEV,Random-Query@matched-rate,,False,,,0.3333333333333333,,1.0,RANDOMIZATION_EXPECTATION
PUBLIC_09c919611fb6c5848d9d440e,TOWN04_JUNCTION_483_UNIT01|CFG_EVIDENCE_INSUFFICIENT|DC-M1V3-OBS-T04-J483-A-20260804T063004Z|P1,Town04:junction:483,DEV,DriveClarify,,False,,,0.0,,0.0,BALANCED_INTENT_WEIGHTED
PUBLIC_ef5d458e667c1956a7d0e1be,TOWN04_JUNCTION_483_UNIT01|CFG_EVIDENCE_INSUFFICIENT|DC-M1V3-OBS-T04-J483-A-20260804T063004Z|P2,Town04:junction:483,DEV,Never Clarify,,False,,,0.0,,1.0,BALANCED_INTENT_WEIGHTED
PUBLIC_ef5d458e667c1956a7d0e1be,TOWN04_JUNCTION_483_UNIT01|CFG_EVIDENCE_INSUFFICIENT|DC-M1V3-OBS-T04-J483-A-20260804T063004Z|P2,Town04:junction:483,DEV,Always Clarify,,False,,,1.0,,1.0,BALANCED_INTENT_WEIGHTED
PUBLIC_ef5d458e667c1956a7d0e1be,TOWN04_JUNCTION_483_UNIT01|CFG_EVIDENCE_INSUFFICIENT|DC-M1V3-OBS-T04-J483-A-20260804T063004Z|P2,Town04:junction:483,DEV,Ambiguity-Only,,False,,,1.0,,1.0,BALANCED_INTENT_WEIGHTED
PUBLIC_ef5d458e667c1956a7d0e1be,TOWN04_JUNCTION_483_UNIT01|CFG_EVIDENCE_INSUFFICIENT|DC-M1V3-OBS-T04-J483-A-20260804T063004Z|P2,Town04:junction:483,DEV,Trajectory-Distance,,False,,,0.0,,1.0,BALANCED_INTENT_WEIGHTED
PUBLIC_ef5d458e667c1956a7d0e1be,TOWN04_JUNCTION_483_UNIT01|CFG_EVIDENCE_INSUFFICIENT|DC-M1V3-OBS-T04-J483-A-20260804T063004Z|P2,Town04:junction:483,DEV,Random-Query@matched-rate,,False,,,0.3333333333333333,,1.0,RANDOMIZATION_EXPECTATION
PUBLIC_ef5d458e667c1956a7d0e1be,TOWN04_JUNCTION_483_UNIT01|CFG_EVIDENCE_INSUFFICIENT|DC-M1V3-OBS-T04-J483-A-20260804T063004Z|P2,Town04:junction:483,DEV,DriveClarify,,False,,,0.0,,0.0,BALANCED_INTENT_WEIGHTED
PUBLIC_b8533e5ce8d64abc2b66a22b,TOWN05_JUNCTION_720_UNIT01|CFG_LONGER_VS_STRAIGHTER|DC-M1V3-OBS-T05-J720-A-20260804T063007Z|P1,Town05:junction:720,DEV,Never Clarify,TASK_EQUIVALENT,True,1.0,0.0,0.0,0.0,1.0,BALANCED_INTENT_WEIGHTED
PUBLIC_b8533e5ce8d64abc2b66a22b,TOWN05_JUNCTION_720_UNIT01|CFG_LONGER_VS_STRAIGHTER|DC-M1V3-OBS-T05-J720-A-20260804T063007Z|P1,Town05:junction:720,DEV,Always Clarify,TASK_EQUIVALENT,True,1.0,0.0,1.0,1.0,1.0,BALANCED_INTENT_WEIGHTED
PUBLIC_b8533e5ce8d64abc2b66a22b,TOWN05_JUNCTION_720_UNIT01|CFG_LONGER_VS_STRAIGHTER|DC-M1V3-OBS-T05-J720-A-20260804T063007Z|P1,Town05:junction:720,DEV,Ambiguity-Only,TASK_EQUIVALENT,True,1.0,0.0,1.0,1.0,1.0,BALANCED_INTENT_WEIGHTED
PUBLIC_b8533e5ce8d64abc2b66a22b,TOWN05_JUNCTION_720_UNIT01|CFG_LONGER_VS_STRAIGHTER|DC-M1V3-OBS-T05-J720-A-20260804T063007Z|P1,Town05:junction:720,DEV,Trajectory-Distance,TASK_EQUIVALENT,True,1.0,0.0,0.0,0.0,1.0,BALANCED_INTENT_WEIGHTED
PUBLIC_b8533e5ce8d64abc2b66a22b,TOWN05_JUNCTION_720_UNIT01|CFG_LONGER_VS_STRAIGHTER|DC-M1V3-OBS-T05-J720-A-20260804T063007Z|P1,Town05:junction:720,DEV,Random-Query@matched-rate,TASK_EQUIVALENT,True,1.0,0.0,0.3333333333333333,0.3333333333333333,1.0,RANDOMIZATION_EXPECTATION
PUBLIC_b8533e5ce8d64abc2b66a22b,TOWN05_JUNCTION_720_UNIT01|CFG_LONGER_VS_STRAIGHTER|DC-M1V3-OBS-T05-J720-A-20260804T063007Z|P1,Town05:junction:720,DEV,DriveClarify,TASK_EQUIVALENT,True,1.0,0.0,0.0,0.0,1.0,BALANCED_INTENT_WEIGHTED
PUBLIC_c9f489938925241b6f314044,TOWN05_JUNCTION_720_UNIT01|CFG_LONGER_VS_STRAIGHTER|DC-M1V3-OBS-T05-J720-A-20260804T063007Z|P2,Town05:junction:720,DEV,Never Clarify,TASK_EQUIVALENT,True,1.0,0.0,0.0,0.0,1.0,BALANCED_INTENT_WEIGHTED
PUBLIC_c9f489938925241b6f314044,TOWN05_JUNCTION_720_UNIT01|CFG_LONGER_VS_STRAIGHTER|DC-M1V3-OBS-T05-J720-A-20260804T063007Z|P2,Town05:junction:720,DEV,Always Clarify,TASK_EQUIVALENT,True,1.0,0.0,1.0,1.0,1.0,BALANCED_INTENT_WEIGHTED
PUBLIC_c9f489938925241b6f314044,TOWN05_JUNCTION_720_UNIT01|CFG_LONGER_VS_STRAIGHTER|DC-M1V3-OBS-T05-J720-A-20260804T063007Z|P2,Town05:junction:720,DEV,Ambiguity-Only,TASK_EQUIVALENT,True,1.0,0.0,1.0,1.0,1.0,BALANCED_INTENT_WEIGHTED
PUBLIC_c9f489938925241b6f314044,TOWN05_JUNCTION_720_UNIT01|CFG_LONGER_VS_STRAIGHTER|DC-M1V3-OBS-T05-J720-A-20260804T063007Z|P2,Town05:junction:720,DEV,Trajectory-Distance,TASK_EQUIVALENT,True,1.0,0.0,0.0,0.0,1.0,BALANCED_INTENT_WEIGHTED
PUBLIC_c9f489938925241b6f314044,TOWN05_JUNCTION_720_UNIT01|CFG_LONGER_VS_STRAIGHTER|DC-M1V3-OBS-T05-J720-A-20260804T063007Z|P2,Town05:junction:720,DEV,Random-Query@matched-rate,TASK_EQUIVALENT,True,1.0,0.0,0.3333333333333333,0.3333333333333333,1.0,RANDOMIZATION_EXPECTATION
PUBLIC_c9f489938925241b6f314044,TOWN05_JUNCTION_720_UNIT01|CFG_LONGER_VS_STRAIGHTER|DC-M1V3-OBS-T05-J720-A-20260804T063007Z|P2,Town05:junction:720,DEV,DriveClarify,TASK_EQUIVALENT,True,1.0,0.0,0.0,0.0,1.0,BALANCED_INTENT_WEIGHTED
PUBLIC_b9174f15b006c44e9e36030a,TOWN05_JUNCTION_720_UNIT01|CFG_LONGER_VS_SHARPER|DC-M1V3-OBS-T05-J720-A-20260804T063007Z|P1,Town05:junction:720,DEV,Never Clarify,TASK_DIVERGENT,True,0.5,0.5,0.0,,1.0,BALANCED_INTENT_WEIGHTED
PUBLIC_b9174f15b006c44e9e36030a,TOWN05_JUNCTION_720_UNIT01|CFG_LONGER_VS_SHARPER|DC-M1V3-OBS-T05-J720-A-20260804T063007Z|P1,Town05:junction:720,DEV,Always Clarify,TASK_DIVERGENT,True,1.0,0.0,1.0,,1.0,BALANCED_INTENT_WEIGHTED
PUBLIC_b9174f15b006c44e9e36030a,TOWN05_JUNCTION_720_UNIT01|CFG_LONGER_VS_SHARPER|DC-M1V3-OBS-T05-J720-A-20260804T063007Z|P1,Town05:junction:720,DEV,Ambiguity-Only,TASK_DIVERGENT,True,1.0,0.0,1.0,,1.0,BALANCED_INTENT_WEIGHTED
PUBLIC_b9174f15b006c44e9e36030a,TOWN05_JUNCTION_720_UNIT01|CFG_LONGER_VS_SHARPER|DC-M1V3-OBS-T05-J720-A-20260804T063007Z|P1,Town05:junction:720,DEV,Trajectory-Distance,TASK_DIVERGENT,True,0.5,0.5,0.0,,1.0,BALANCED_INTENT_WEIGHTED
PUBLIC_b9174f15b006c44e9e36030a,TOWN05_JUNCTION_720_UNIT01|CFG_LONGER_VS_SHARPER|DC-M1V3-OBS-T05-J720-A-20260804T063007Z|P1,Town05:junction:720,DEV,Random-Query@matched-rate,TASK_DIVERGENT,True,0.6666666666666666,0.33333333333333337,0.3333333333333333,,1.0,RANDOMIZATION_EXPECTATION
PUBLIC_b9174f15b006c44e9e36030a,TOWN05_JUNCTION_720_UNIT01|CFG_LONGER_VS_SHARPER|DC-M1V3-OBS-T05-J720-A-20260804T063007Z|P1,Town05:junction:720,DEV,DriveClarify,TASK_DIVERGENT,True,1.0,0.0,1.0,,1.0,BALANCED_INTENT_WEIGHTED
PUBLIC_64b047945de476ea3d5c3f0c,TOWN05_JUNCTION_720_UNIT01|CFG_LONGER_VS_SHARPER|DC-M1V3-OBS-T05-J720-A-20260804T063007Z|P2,Town05:junction:720,DEV,Never Clarify,TASK_DIVERGENT,True,0.5,0.5,0.0,,1.0,BALANCED_INTENT_WEIGHTED
PUBLIC_64b047945de476ea3d5c3f0c,TOWN05_JUNCTION_720_UNIT01|CFG_LONGER_VS_SHARPER|DC-M1V3-OBS-T05-J720-A-20260804T063007Z|P2,Town05:junction:720,DEV,Always Clarify,TASK_DIVERGENT,True,1.0,0.0,1.0,,1.0,BALANCED_INTENT_WEIGHTED
PUBLIC_64b047945de476ea3d5c3f0c,TOWN05_JUNCTION_720_UNIT01|CFG_LONGER_VS_SHARPER|DC-M1V3-OBS-T05-J720-A-20260804T063007Z|P2,Town05:junction:720,DEV,Ambiguity-Only,TASK_DIVERGENT,True,1.0,0.0,1.0,,1.0,BALANCED_INTENT_WEIGHTED
PUBLIC_64b047945de476ea3d5c3f0c,TOWN05_JUNCTION_720_UNIT01|CFG_LONGER_VS_SHARPER|DC-M1V3-OBS-T05-J720-A-20260804T063007Z|P2,Town05:junction:720,DEV,Trajectory-Distance,TASK_DIVERGENT,True,0.5,0.5,0.0,,1.0,BALANCED_INTENT_WEIGHTED
PUBLIC_64b047945de476ea3d5c3f0c,TOWN05_JUNCTION_720_UNIT01|CFG_LONGER_VS_SHARPER|DC-M1V3-OBS-T05-J720-A-20260804T063007Z|P2,Town05:junction:720,DEV,Random-Query@matched-rate,TASK_DIVERGENT,True,0.6666666666666666,0.33333333333333337,0.3333333333333333,,1.0,RANDOMIZATION_EXPECTATION
PUBLIC_64b047945de476ea3d5c3f0c,TOWN05_JUNCTION_720_UNIT01|CFG_LONGER_VS_SHARPER|DC-M1V3-OBS-T05-J720-A-20260804T063007Z|P2,Town05:junction:720,DEV,DriveClarify,TASK_DIVERGENT,True,1.0,0.0,1.0,,1.0,BALANCED_INTENT_WEIGHTED
PUBLIC_465bd3f3830722e9a686680e,TOWN05_JUNCTION_720_UNIT01|CFG_SAME_EXPRESSION|DC-M1V3-OBS-T05-J720-A-20260804T063007Z|P1,Town05:junction:720,DEV,Never Clarify,TASK_EQUIVALENT,True,1.0,0.0,0.0,0.0,1.0,BALANCED_INTENT_WEIGHTED
PUBLIC_465bd3f3830722e9a686680e,TOWN05_JUNCTION_720_UNIT01|CFG_SAME_EXPRESSION|DC-M1V3-OBS-T05-J720-A-20260804T063007Z|P1,Town05:junction:720,DEV,Always Clarify,TASK_EQUIVALENT,True,1.0,0.0,1.0,1.0,1.0,BALANCED_INTENT_WEIGHTED
PUBLIC_465bd3f3830722e9a686680e,TOWN05_JUNCTION_720_UNIT01|CFG_SAME_EXPRESSION|DC-M1V3-OBS-T05-J720-A-20260804T063007Z|P1,Town05:junction:720,DEV,Ambiguity-Only,TASK_EQUIVALENT,True,1.0,0.0,1.0,1.0,1.0,BALANCED_INTENT_WEIGHTED
PUBLIC_465bd3f3830722e9a686680e,TOWN05_JUNCTION_720_UNIT01|CFG_SAME_EXPRESSION|DC-M1V3-OBS-T05-J720-A-20260804T063007Z|P1,Town05:junction:720,DEV,Trajectory-Distance,TASK_EQUIVALENT,True,1.0,0.0,0.0,0.0,1.0,BALANCED_INTENT_WEIGHTED
PUBLIC_465bd3f3830722e9a686680e,TOWN05_JUNCTION_720_UNIT01|CFG_SAME_EXPRESSION|DC-M1V3-OBS-T05-J720-A-20260804T063007Z|P1,Town05:junction:720,DEV,Random-Query@matched-rate,TASK_EQUIVALENT,True,1.0,0.0,0.3333333333333333,0.3333333333333333,1.0,RANDOMIZATION_EXPECTATION
PUBLIC_465bd3f3830722e9a686680e,TOWN05_JUNCTION_720_UNIT01|CFG_SAME_EXPRESSION|DC-M1V3-OBS-T05-J720-A-20260804T063007Z|P1,Town05:junction:720,DEV,DriveClarify,TASK_EQUIVALENT,True,1.0,0.0,0.0,0.0,1.0,BALANCED_INTENT_WEIGHTED
PUBLIC_dd083273385ad79b8a699e3d,TOWN05_JUNCTION_720_UNIT01|CFG_SAME_EXPRESSION|DC-M1V3-OBS-T05-J720-A-20260804T063007Z|P2,Town05:junction:720,DEV,Never Clarify,TASK_EQUIVALENT,True,1.0,0.0,0.0,0.0,1.0,BALANCED_INTENT_WEIGHTED
PUBLIC_dd083273385ad79b8a699e3d,TOWN05_JUNCTION_720_UNIT01|CFG_SAME_EXPRESSION|DC-M1V3-OBS-T05-J720-A-20260804T063007Z|P2,Town05:junction:720,DEV,Always Clarify,TASK_EQUIVALENT,True,1.0,0.0,1.0,1.0,1.0,BALANCED_INTENT_WEIGHTED
PUBLIC_dd083273385ad79b8a699e3d,TOWN05_JUNCTION_720_UNIT01|CFG_SAME_EXPRESSION|DC-M1V3-OBS-T05-J720-A-20260804T063007Z|P2,Town05:junction:720,DEV,Ambiguity-Only,TASK_EQUIVALENT,True,1.0,0.0,1.0,1.0,1.0,BALANCED_INTENT_WEIGHTED
PUBLIC_dd083273385ad79b8a699e3d,TOWN05_JUNCTION_720_UNIT01|CFG_SAME_EXPRESSION|DC-M1V3-OBS-T05-J720-A-20260804T063007Z|P2,Town05:junction:720,DEV,Trajectory-Distance,TASK_EQUIVALENT,True,1.0,0.0,0.0,0.0,1.0,BALANCED_INTENT_WEIGHTED
PUBLIC_dd083273385ad79b8a699e3d,TOWN05_JUNCTION_720_UNIT01|CFG_SAME_EXPRESSION|DC-M1V3-OBS-T05-J720-A-20260804T063007Z|P2,Town05:junction:720,DEV,Random-Query@matched-rate,TASK_EQUIVALENT,True,1.0,0.0,0.3333333333333333,0.3333333333333333,1.0,RANDOMIZATION_EXPECTATION
PUBLIC_dd083273385ad79b8a699e3d,TOWN05_JUNCTION_720_UNIT01|CFG_SAME_EXPRESSION|DC-M1V3-OBS-T05-J720-A-20260804T063007Z|P2,Town05:junction:720,DEV,DriveClarify,TASK_EQUIVALENT,True,1.0,0.0,0.0,0.0,1.0,BALANCED_INTENT_WEIGHTED
PUBLIC_3af07e56e7c2fb3386bd247c,TOWN05_JUNCTION_720_UNIT01|CFG_EVIDENCE_INSUFFICIENT|DC-M1V3-OBS-T05-J720-A-20260804T063007Z|P1,Town05:junction:720,DEV,Never Clarify,,False,,,0.0,,1.0,BALANCED_INTENT_WEIGHTED
PUBLIC_3af07e56e7c2fb3386bd247c,TOWN05_JUNCTION_720_UNIT01|CFG_EVIDENCE_INSUFFICIENT|DC-M1V3-OBS-T05-J720-A-20260804T063007Z|P1,Town05:junction:720,DEV,Always Clarify,,False,,,1.0,,1.0,BALANCED_INTENT_WEIGHTED
PUBLIC_3af07e56e7c2fb3386bd247c,TOWN05_JUNCTION_720_UNIT01|CFG_EVIDENCE_INSUFFICIENT|DC-M1V3-OBS-T05-J720-A-20260804T063007Z|P1,Town05:junction:720,DEV,Ambiguity-Only,,False,,,1.0,,1.0,BALANCED_INTENT_WEIGHTED
PUBLIC_3af07e56e7c2fb3386bd247c,TOWN05_JUNCTION_720_UNIT01|CFG_EVIDENCE_INSUFFICIENT|DC-M1V3-OBS-T05-J720-A-20260804T063007Z|P1,Town05:junction:720,DEV,Trajectory-Distance,,False,,,1.0,,1.0,BALANCED_INTENT_WEIGHTED
PUBLIC_3af07e56e7c2fb3386bd247c,TOWN05_JUNCTION_720_UNIT01|CFG_EVIDENCE_INSUFFICIENT|DC-M1V3-OBS-T05-J720-A-20260804T063007Z|P1,Town05:junction:720,DEV,Random-Query@matched-rate,,False,,,0.3333333333333333,,1.0,RANDOMIZATION_EXPECTATION
PUBLIC_3af07e56e7c2fb3386bd247c,TOWN05_JUNCTION_720_UNIT01|CFG_EVIDENCE_INSUFFICIENT|DC-M1V3-OBS-T05-J720-A-20260804T063007Z|P1,Town05:junction:720,DEV,DriveClarify,,False,,,0.0,,0.0,BALANCED_INTENT_WEIGHTED
PUBLIC_814a002ac9f620aa98c8df49,TOWN05_JUNCTION_720_UNIT01|CFG_EVIDENCE_INSUFFICIENT|DC-M1V3-OBS-T05-J720-A-20260804T063007Z|P2,Town05:junction:720,DEV,Never Clarify,,False,,,0.0,,1.0,BALANCED_INTENT_WEIGHTED
PUBLIC_814a002ac9f620aa98c8df49,TOWN05_JUNCTION_720_UNIT01|CFG_EVIDENCE_INSUFFICIENT|DC-M1V3-OBS-T05-J720-A-20260804T063007Z|P2,Town05:junction:720,DEV,Always Clarify,,False,,,1.0,,1.0,BALANCED_INTENT_WEIGHTED
PUBLIC_814a002ac9f620aa98c8df49,TOWN05_JUNCTION_720_UNIT01|CFG_EVIDENCE_INSUFFICIENT|DC-M1V3-OBS-T05-J720-A-20260804T063007Z|P2,Town05:junction:720,DEV,Ambiguity-Only,,False,,,1.0,,1.0,BALANCED_INTENT_WEIGHTED
PUBLIC_814a002ac9f620aa98c8df49,TOWN05_JUNCTION_720_UNIT01|CFG_EVIDENCE_INSUFFICIENT|DC-M1V3-OBS-T05-J720-A-20260804T063007Z|P2,Town05:junction:720,DEV,Trajectory-Distance,,False,,,0.0,,1.0,BALANCED_INTENT_WEIGHTED
PUBLIC_814a002ac9f620aa98c8df49,TOWN05_JUNCTION_720_UNIT01|CFG_EVIDENCE_INSUFFICIENT|DC-M1V3-OBS-T05-J720-A-20260804T063007Z|P2,Town05:junction:720,DEV,Random-Query@matched-rate,,False,,,0.3333333333333333,,1.0,RANDOMIZATION_EXPECTATION
PUBLIC_814a002ac9f620aa98c8df49,TOWN05_JUNCTION_720_UNIT01|CFG_EVIDENCE_INSUFFICIENT|DC-M1V3-OBS-T05-J720-A-20260804T063007Z|P2,Town05:junction:720,DEV,DriveClarify,,False,,,0.0,,0.0,BALANCED_INTENT_WEIGHTED
PUBLIC_376021bb141fea7bb6beb89a,TOWN06_JUNCTION_72_UNIT01|CFG_LONGER_VS_STRAIGHTER|DC-M1V3-OBS-T06-J72-A-20260804T063013Z|P1,Town06:junction:72,DEV,Never Clarify,TASK_DIVERGENT,True,0.5,0.5,0.0,,1.0,BALANCED_INTENT_WEIGHTED
PUBLIC_376021bb141fea7bb6beb89a,TOWN06_JUNCTION_72_UNIT01|CFG_LONGER_VS_STRAIGHTER|DC-M1V3-OBS-T06-J72-A-20260804T063013Z|P1,Town06:junction:72,DEV,Always Clarify,TASK_DIVERGENT,True,1.0,0.0,1.0,,1.0,BALANCED_INTENT_WEIGHTED
PUBLIC_376021bb141fea7bb6beb89a,TOWN06_JUNCTION_72_UNIT01|CFG_LONGER_VS_STRAIGHTER|DC-M1V3-OBS-T06-J72-A-20260804T063013Z|P1,Town06:junction:72,DEV,Ambiguity-Only,TASK_DIVERGENT,True,1.0,0.0,1.0,,1.0,BALANCED_INTENT_WEIGHTED
PUBLIC_376021bb141fea7bb6beb89a,TOWN06_JUNCTION_72_UNIT01|CFG_LONGER_VS_STRAIGHTER|DC-M1V3-OBS-T06-J72-A-20260804T063013Z|P1,Town06:junction:72,DEV,Trajectory-Distance,TASK_DIVERGENT,True,0.5,0.5,0.0,,1.0,BALANCED_INTENT_WEIGHTED
PUBLIC_376021bb141fea7bb6beb89a,TOWN06_JUNCTION_72_UNIT01|CFG_LONGER_VS_STRAIGHTER|DC-M1V3-OBS-T06-J72-A-20260804T063013Z|P1,Town06:junction:72,DEV,Random-Query@matched-rate,TASK_DIVERGENT,True,0.6666666666666666,0.33333333333333337,0.3333333333333333,,1.0,RANDOMIZATION_EXPECTATION
PUBLIC_376021bb141fea7bb6beb89a,TOWN06_JUNCTION_72_UNIT01|CFG_LONGER_VS_STRAIGHTER|DC-M1V3-OBS-T06-J72-A-20260804T063013Z|P1,Town06:junction:72,DEV,DriveClarify,TASK_DIVERGENT,True,1.0,0.0,1.0,,1.0,BALANCED_INTENT_WEIGHTED
PUBLIC_9e3875085058aa55f04fa836,TOWN06_JUNCTION_72_UNIT01|CFG_LONGER_VS_STRAIGHTER|DC-M1V3-OBS-T06-J72-A-20260804T063013Z|P2,Town06:junction:72,DEV,Never Clarify,TASK_DIVERGENT,True,0.5,0.5,0.0,,1.0,BALANCED_INTENT_WEIGHTED
PUBLIC_9e3875085058aa55f04fa836,TOWN06_JUNCTION_72_UNIT01|CFG_LONGER_VS_STRAIGHTER|DC-M1V3-OBS-T06-J72-A-20260804T063013Z|P2,Town06:junction:72,DEV,Always Clarify,TASK_DIVERGENT,True,1.0,0.0,1.0,,1.0,BALANCED_INTENT_WEIGHTED
PUBLIC_9e3875085058aa55f04fa836,TOWN06_JUNCTION_72_UNIT01|CFG_LONGER_VS_STRAIGHTER|DC-M1V3-OBS-T06-J72-A-20260804T063013Z|P2,Town06:junction:72,DEV,Ambiguity-Only,TASK_DIVERGENT,True,1.0,0.0,1.0,,1.0,BALANCED_INTENT_WEIGHTED
PUBLIC_9e3875085058aa55f04fa836,TOWN06_JUNCTION_72_UNIT01|CFG_LONGER_VS_STRAIGHTER|DC-M1V3-OBS-T06-J72-A-20260804T063013Z|P2,Town06:junction:72,DEV,Trajectory-Distance,TASK_DIVERGENT,True,1.0,0.0,1.0,,1.0,BALANCED_INTENT_WEIGHTED
PUBLIC_9e3875085058aa55f04fa836,TOWN06_JUNCTION_72_UNIT01|CFG_LONGER_VS_STRAIGHTER|DC-M1V3-OBS-T06-J72-A-20260804T063013Z|P2,Town06:junction:72,DEV,Random-Query@matched-rate,TASK_DIVERGENT,True,0.6666666666666666,0.33333333333333337,0.3333333333333333,,1.0,RANDOMIZATION_EXPECTATION
PUBLIC_9e3875085058aa55f04fa836,TOWN06_JUNCTION_72_UNIT01|CFG_LONGER_VS_STRAIGHTER|DC-M1V3-OBS-T06-J72-A-20260804T063013Z|P2,Town06:junction:72,DEV,DriveClarify,TASK_DIVERGENT,True,1.0,0.0,1.0,,1.0,BALANCED_INTENT_WEIGHTED
PUBLIC_18e4e7ae276946ed41e46dab,TOWN06_JUNCTION_72_UNIT01|CFG_LONGER_VS_SHARPER|DC-M1V3-OBS-T06-J72-A-20260804T063013Z|P1,Town06:junction:72,DEV,Never Clarify,TASK_EQUIVALENT,True,1.0,0.0,0.0,0.0,1.0,BALANCED_INTENT_WEIGHTED
PUBLIC_18e4e7ae276946ed41e46dab,TOWN06_JUNCTION_72_UNIT01|CFG_LONGER_VS_SHARPER|DC-M1V3-OBS-T06-J72-A-20260804T063013Z|P1,Town06:junction:72,DEV,Always Clarify,TASK_EQUIVALENT,True,1.0,0.0,1.0,1.0,1.0,BALANCED_INTENT_WEIGHTED
PUBLIC_18e4e7ae276946ed41e46dab,TOWN06_JUNCTION_72_UNIT01|CFG_LONGER_VS_SHARPER|DC-M1V3-OBS-T06-J72-A-20260804T063013Z|P1,Town06:junction:72,DEV,Ambiguity-Only,TASK_EQUIVALENT,True,1.0,0.0,1.0,1.0,1.0,BALANCED_INTENT_WEIGHTED
PUBLIC_18e4e7ae276946ed41e46dab,TOWN06_JUNCTION_72_UNIT01|CFG_LONGER_VS_SHARPER|DC-M1V3-OBS-T06-J72-A-20260804T063013Z|P1,Town06:junction:72,DEV,Trajectory-Distance,TASK_EQUIVALENT,True,1.0,0.0,0.0,0.0,1.0,BALANCED_INTENT_WEIGHTED
PUBLIC_18e4e7ae276946ed41e46dab,TOWN06_JUNCTION_72_UNIT01|CFG_LONGER_VS_SHARPER|DC-M1V3-OBS-T06-J72-A-20260804T063013Z|P1,Town06:junction:72,DEV,Random-Query@matched-rate,TASK_EQUIVALENT,True,1.0,0.0,0.3333333333333333,0.3333333333333333,1.0,RANDOMIZATION_EXPECTATION
PUBLIC_18e4e7ae276946ed41e46dab,TOWN06_JUNCTION_72_UNIT01|CFG_LONGER_VS_SHARPER|DC-M1V3-OBS-T06-J72-A-20260804T063013Z|P1,Town06:junction:72,DEV,DriveClarify,TASK_EQUIVALENT,True,1.0,0.0,0.0,0.0,1.0,BALANCED_INTENT_WEIGHTED
PUBLIC_df334413d1f526c1c71eab46,TOWN06_JUNCTION_72_UNIT01|CFG_LONGER_VS_SHARPER|DC-M1V3-OBS-T06-J72-A-20260804T063013Z|P2,Town06:junction:72,DEV,Never Clarify,TASK_EQUIVALENT,True,1.0,0.0,0.0,0.0,1.0,BALANCED_INTENT_WEIGHTED
PUBLIC_df334413d1f526c1c71eab46,TOWN06_JUNCTION_72_UNIT01|CFG_LONGER_VS_SHARPER|DC-M1V3-OBS-T06-J72-A-20260804T063013Z|P2,Town06:junction:72,DEV,Always Clarify,TASK_EQUIVALENT,True,1.0,0.0,1.0,1.0,1.0,BALANCED_INTENT_WEIGHTED
PUBLIC_df334413d1f526c1c71eab46,TOWN06_JUNCTION_72_UNIT01|CFG_LONGER_VS_SHARPER|DC-M1V3-OBS-T06-J72-A-20260804T063013Z|P2,Town06:junction:72,DEV,Ambiguity-Only,TASK_EQUIVALENT,True,1.0,0.0,1.0,1.0,1.0,BALANCED_INTENT_WEIGHTED
PUBLIC_df334413d1f526c1c71eab46,TOWN06_JUNCTION_72_UNIT01|CFG_LONGER_VS_SHARPER|DC-M1V3-OBS-T06-J72-A-20260804T063013Z|P2,Town06:junction:72,DEV,Trajectory-Distance,TASK_EQUIVALENT,True,1.0,0.0,0.0,0.0,1.0,BALANCED_INTENT_WEIGHTED
PUBLIC_df334413d1f526c1c71eab46,TOWN06_JUNCTION_72_UNIT01|CFG_LONGER_VS_SHARPER|DC-M1V3-OBS-T06-J72-A-20260804T063013Z|P2,Town06:junction:72,DEV,Random-Query@matched-rate,TASK_EQUIVALENT,True,1.0,0.0,0.3333333333333333,0.3333333333333333,1.0,RANDOMIZATION_EXPECTATION
PUBLIC_df334413d1f526c1c71eab46,TOWN06_JUNCTION_72_UNIT01|CFG_LONGER_VS_SHARPER|DC-M1V3-OBS-T06-J72-A-20260804T063013Z|P2,Town06:junction:72,DEV,DriveClarify,TASK_EQUIVALENT,True,1.0,0.0,0.0,0.0,1.0,BALANCED_INTENT_WEIGHTED
PUBLIC_a19637f6e3e58960ec837db0,TOWN06_JUNCTION_72_UNIT01|CFG_SAME_EXPRESSION|DC-M1V3-OBS-T06-J72-A-20260804T063013Z|P1,Town06:junction:72,DEV,Never Clarify,TASK_EQUIVALENT,True,1.0,0.0,0.0,0.0,1.0,BALANCED_INTENT_WEIGHTED
PUBLIC_a19637f6e3e58960ec837db0,TOWN06_JUNCTION_72_UNIT01|CFG_SAME_EXPRESSION|DC-M1V3-OBS-T06-J72-A-20260804T063013Z|P1,Town06:junction:72,DEV,Always Clarify,TASK_EQUIVALENT,True,1.0,0.0,1.0,1.0,1.0,BALANCED_INTENT_WEIGHTED
PUBLIC_a19637f6e3e58960ec837db0,TOWN06_JUNCTION_72_UNIT01|CFG_SAME_EXPRESSION|DC-M1V3-OBS-T06-J72-A-20260804T063013Z|P1,Town06:junction:72,DEV,Ambiguity-Only,TASK_EQUIVALENT,True,1.0,0.0,1.0,1.0,1.0,BALANCED_INTENT_WEIGHTED
PUBLIC_a19637f6e3e58960ec837db0,TOWN06_JUNCTION_72_UNIT01|CFG_SAME_EXPRESSION|DC-M1V3-OBS-T06-J72-A-20260804T063013Z|P1,Town06:junction:72,DEV,Trajectory-Distance,TASK_EQUIVALENT,True,1.0,0.0,0.0,0.0,1.0,BALANCED_INTENT_WEIGHTED
PUBLIC_a19637f6e3e58960ec837db0,TOWN06_JUNCTION_72_UNIT01|CFG_SAME_EXPRESSION|DC-M1V3-OBS-T06-J72-A-20260804T063013Z|P1,Town06:junction:72,DEV,Random-Query@matched-rate,TASK_EQUIVALENT,True,1.0,0.0,0.3333333333333333,0.3333333333333333,1.0,RANDOMIZATION_EXPECTATION
PUBLIC_a19637f6e3e58960ec837db0,TOWN06_JUNCTION_72_UNIT01|CFG_SAME_EXPRESSION|DC-M1V3-OBS-T06-J72-A-20260804T063013Z|P1,Town06:junction:72,DEV,DriveClarify,TASK_EQUIVALENT,True,1.0,0.0,0.0,0.0,1.0,BALANCED_INTENT_WEIGHTED
PUBLIC_f06cdf8bf7d475fd189de39d,TOWN06_JUNCTION_72_UNIT01|CFG_SAME_EXPRESSION|DC-M1V3-OBS-T06-J72-A-20260804T063013Z|P2,Town06:junction:72,DEV,Never Clarify,TASK_EQUIVALENT,True,1.0,0.0,0.0,0.0,1.0,BALANCED_INTENT_WEIGHTED
PUBLIC_f06cdf8bf7d475fd189de39d,TOWN06_JUNCTION_72_UNIT01|CFG_SAME_EXPRESSION|DC-M1V3-OBS-T06-J72-A-20260804T063013Z|P2,Town06:junction:72,DEV,Always Clarify,TASK_EQUIVALENT,True,1.0,0.0,1.0,1.0,1.0,BALANCED_INTENT_WEIGHTED
PUBLIC_f06cdf8bf7d475fd189de39d,TOWN06_JUNCTION_72_UNIT01|CFG_SAME_EXPRESSION|DC-M1V3-OBS-T06-J72-A-20260804T063013Z|P2,Town06:junction:72,DEV,Ambiguity-Only,TASK_EQUIVALENT,True,1.0,0.0,1.0,1.0,1.0,BALANCED_INTENT_WEIGHTED
PUBLIC_f06cdf8bf7d475fd189de39d,TOWN06_JUNCTION_72_UNIT01|CFG_SAME_EXPRESSION|DC-M1V3-OBS-T06-J72-A-20260804T063013Z|P2,Town06:junction:72,DEV,Trajectory-Distance,TASK_EQUIVALENT,True,1.0,0.0,0.0,0.0,1.0,BALANCED_INTENT_WEIGHTED
PUBLIC_f06cdf8bf7d475fd189de39d,TOWN06_JUNCTION_72_UNIT01|CFG_SAME_EXPRESSION|DC-M1V3-OBS-T06-J72-A-20260804T063013Z|P2,Town06:junction:72,DEV,Random-Query@matched-rate,TASK_EQUIVALENT,True,1.0,0.0,0.3333333333333333,0.3333333333333333,1.0,RANDOMIZATION_EXPECTATION
PUBLIC_f06cdf8bf7d475fd189de39d,TOWN06_JUNCTION_72_UNIT01|CFG_SAME_EXPRESSION|DC-M1V3-OBS-T06-J72-A-20260804T063013Z|P2,Town06:junction:72,DEV,DriveClarify,TASK_EQUIVALENT,True,1.0,0.0,0.0,0.0,1.0,BALANCED_INTENT_WEIGHTED
PUBLIC_a5277a31327b36f07f6cec56,TOWN06_JUNCTION_72_UNIT01|CFG_EVIDENCE_INSUFFICIENT|DC-M1V3-OBS-T06-J72-A-20260804T063013Z|P1,Town06:junction:72,DEV,Never Clarify,,False,,,0.0,,1.0,BALANCED_INTENT_WEIGHTED
PUBLIC_a5277a31327b36f07f6cec56,TOWN06_JUNCTION_72_UNIT01|CFG_EVIDENCE_INSUFFICIENT|DC-M1V3-OBS-T06-J72-A-20260804T063013Z|P1,Town06:junction:72,DEV,Always Clarify,,False,,,1.0,,1.0,BALANCED_INTENT_WEIGHTED
PUBLIC_a5277a31327b36f07f6cec56,TOWN06_JUNCTION_72_UNIT01|CFG_EVIDENCE_INSUFFICIENT|DC-M1V3-OBS-T06-J72-A-20260804T063013Z|P1,Town06:junction:72,DEV,Ambiguity-Only,,False,,,1.0,,1.0,BALANCED_INTENT_WEIGHTED
PUBLIC_a5277a31327b36f07f6cec56,TOWN06_JUNCTION_72_UNIT01|CFG_EVIDENCE_INSUFFICIENT|DC-M1V3-OBS-T06-J72-A-20260804T063013Z|P1,Town06:junction:72,DEV,Trajectory-Distance,,False,,,0.0,,1.0,BALANCED_INTENT_WEIGHTED
PUBLIC_a5277a31327b36f07f6cec56,TOWN06_JUNCTION_72_UNIT01|CFG_EVIDENCE_INSUFFICIENT|DC-M1V3-OBS-T06-J72-A-20260804T063013Z|P1,Town06:junction:72,DEV,Random-Query@matched-rate,,False,,,0.3333333333333333,,1.0,RANDOMIZATION_EXPECTATION
PUBLIC_a5277a31327b36f07f6cec56,TOWN06_JUNCTION_72_UNIT01|CFG_EVIDENCE_INSUFFICIENT|DC-M1V3-OBS-T06-J72-A-20260804T063013Z|P1,Town06:junction:72,DEV,DriveClarify,,False,,,0.0,,0.0,BALANCED_INTENT_WEIGHTED
PUBLIC_a50cec1e19a7fa93cf4a46a6,TOWN06_JUNCTION_72_UNIT01|CFG_EVIDENCE_INSUFFICIENT|DC-M1V3-OBS-T06-J72-A-20260804T063013Z|P2,Town06:junction:72,DEV,Never Clarify,,False,,,0.0,,1.0,BALANCED_INTENT_WEIGHTED
PUBLIC_a50cec1e19a7fa93cf4a46a6,TOWN06_JUNCTION_72_UNIT01|CFG_EVIDENCE_INSUFFICIENT|DC-M1V3-OBS-T06-J72-A-20260804T063013Z|P2,Town06:junction:72,DEV,Always Clarify,,False,,,1.0,,1.0,BALANCED_INTENT_WEIGHTED
PUBLIC_a50cec1e19a7fa93cf4a46a6,TOWN06_JUNCTION_72_UNIT01|CFG_EVIDENCE_INSUFFICIENT|DC-M1V3-OBS-T06-J72-A-20260804T063013Z|P2,Town06:junction:72,DEV,Ambiguity-Only,,False,,,1.0,,1.0,BALANCED_INTENT_WEIGHTED
PUBLIC_a50cec1e19a7fa93cf4a46a6,TOWN06_JUNCTION_72_UNIT01|CFG_EVIDENCE_INSUFFICIENT|DC-M1V3-OBS-T06-J72-A-20260804T063013Z|P2,Town06:junction:72,DEV,Trajectory-Distance,,False,,,1.0,,1.0,BALANCED_INTENT_WEIGHTED
PUBLIC_a50cec1e19a7fa93cf4a46a6,TOWN06_JUNCTION_72_UNIT01|CFG_EVIDENCE_INSUFFICIENT|DC-M1V3-OBS-T06-J72-A-20260804T063013Z|P2,Town06:junction:72,DEV,Random-Query@matched-rate,,False,,,0.3333333333333333,,1.0,RANDOMIZATION_EXPECTATION
PUBLIC_a50cec1e19a7fa93cf4a46a6,TOWN06_JUNCTION_72_UNIT01|CFG_EVIDENCE_INSUFFICIENT|DC-M1V3-OBS-T06-J72-A-20260804T063013Z|P2,Town06:junction:72,DEV,DriveClarify,,False,,,0.0,,0.0,BALANCED_INTENT_WEIGHTED
PUBLIC_9e8c9ad165ee4c7882009ed7,TOWN07_JUNCTION_260_UNIT01|CFG_LONGER_VS_STRAIGHTER|DC-M1V3-OBS-T07-J260-A-20260804T063017Z|P1,Town07:junction:260,DEV,Never Clarify,TASK_EQUIVALENT,True,1.0,0.0,0.0,0.0,1.0,BALANCED_INTENT_WEIGHTED
PUBLIC_9e8c9ad165ee4c7882009ed7,TOWN07_JUNCTION_260_UNIT01|CFG_LONGER_VS_STRAIGHTER|DC-M1V3-OBS-T07-J260-A-20260804T063017Z|P1,Town07:junction:260,DEV,Always Clarify,TASK_EQUIVALENT,True,1.0,0.0,1.0,1.0,1.0,BALANCED_INTENT_WEIGHTED
PUBLIC_9e8c9ad165ee4c7882009ed7,TOWN07_JUNCTION_260_UNIT01|CFG_LONGER_VS_STRAIGHTER|DC-M1V3-OBS-T07-J260-A-20260804T063017Z|P1,Town07:junction:260,DEV,Ambiguity-Only,TASK_EQUIVALENT,True,1.0,0.0,1.0,1.0,1.0,BALANCED_INTENT_WEIGHTED
PUBLIC_9e8c9ad165ee4c7882009ed7,TOWN07_JUNCTION_260_UNIT01|CFG_LONGER_VS_STRAIGHTER|DC-M1V3-OBS-T07-J260-A-20260804T063017Z|P1,Town07:junction:260,DEV,Trajectory-Distance,TASK_EQUIVALENT,True,1.0,0.0,0.0,0.0,1.0,BALANCED_INTENT_WEIGHTED
PUBLIC_9e8c9ad165ee4c7882009ed7,TOWN07_JUNCTION_260_UNIT01|CFG_LONGER_VS_STRAIGHTER|DC-M1V3-OBS-T07-J260-A-20260804T063017Z|P1,Town07:junction:260,DEV,Random-Query@matched-rate,TASK_EQUIVALENT,True,1.0,0.0,0.3333333333333333,0.3333333333333333,1.0,RANDOMIZATION_EXPECTATION
PUBLIC_9e8c9ad165ee4c7882009ed7,TOWN07_JUNCTION_260_UNIT01|CFG_LONGER_VS_STRAIGHTER|DC-M1V3-OBS-T07-J260-A-20260804T063017Z|P1,Town07:junction:260,DEV,DriveClarify,TASK_EQUIVALENT,True,1.0,0.0,0.0,0.0,1.0,BALANCED_INTENT_WEIGHTED
PUBLIC_7cd9fab7f9a978936c932c13,TOWN07_JUNCTION_260_UNIT01|CFG_LONGER_VS_STRAIGHTER|DC-M1V3-OBS-T07-J260-A-20260804T063017Z|P2,Town07:junction:260,DEV,Never Clarify,TASK_EQUIVALENT,True,1.0,0.0,0.0,0.0,1.0,BALANCED_INTENT_WEIGHTED
PUBLIC_7cd9fab7f9a978936c932c13,TOWN07_JUNCTION_260_UNIT01|CFG_LONGER_VS_STRAIGHTER|DC-M1V3-OBS-T07-J260-A-20260804T063017Z|P2,Town07:junction:260,DEV,Always Clarify,TASK_EQUIVALENT,True,1.0,0.0,1.0,1.0,1.0,BALANCED_INTENT_WEIGHTED
PUBLIC_7cd9fab7f9a978936c932c13,TOWN07_JUNCTION_260_UNIT01|CFG_LONGER_VS_STRAIGHTER|DC-M1V3-OBS-T07-J260-A-20260804T063017Z|P2,Town07:junction:260,DEV,Ambiguity-Only,TASK_EQUIVALENT,True,1.0,0.0,1.0,1.0,1.0,BALANCED_INTENT_WEIGHTED
PUBLIC_7cd9fab7f9a978936c932c13,TOWN07_JUNCTION_260_UNIT01|CFG_LONGER_VS_STRAIGHTER|DC-M1V3-OBS-T07-J260-A-20260804T063017Z|P2,Town07:junction:260,DEV,Trajectory-Distance,TASK_EQUIVALENT,True,1.0,0.0,0.0,0.0,1.0,BALANCED_INTENT_WEIGHTED
PUBLIC_7cd9fab7f9a978936c932c13,TOWN07_JUNCTION_260_UNIT01|CFG_LONGER_VS_STRAIGHTER|DC-M1V3-OBS-T07-J260-A-20260804T063017Z|P2,Town07:junction:260,DEV,Random-Query@matched-rate,TASK_EQUIVALENT,True,1.0,0.0,0.3333333333333333,0.3333333333333333,1.0,RANDOMIZATION_EXPECTATION
PUBLIC_7cd9fab7f9a978936c932c13,TOWN07_JUNCTION_260_UNIT01|CFG_LONGER_VS_STRAIGHTER|DC-M1V3-OBS-T07-J260-A-20260804T063017Z|P2,Town07:junction:260,DEV,DriveClarify,TASK_EQUIVALENT,True,1.0,0.0,0.0,0.0,1.0,BALANCED_INTENT_WEIGHTED
PUBLIC_05777765fd6a8c58e6c5217e,TOWN07_JUNCTION_260_UNIT01|CFG_LONGER_VS_SHARPER|DC-M1V3-OBS-T07-J260-A-20260804T063017Z|P1,Town07:junction:260,DEV,Never Clarify,TASK_DIVERGENT,True,0.5,0.5,0.0,,1.0,BALANCED_INTENT_WEIGHTED
PUBLIC_05777765fd6a8c58e6c5217e,TOWN07_JUNCTION_260_UNIT01|CFG_LONGER_VS_SHARPER|DC-M1V3-OBS-T07-J260-A-20260804T063017Z|P1,Town07:junction:260,DEV,Always Clarify,TASK_DIVERGENT,True,1.0,0.0,1.0,,1.0,BALANCED_INTENT_WEIGHTED
PUBLIC_05777765fd6a8c58e6c5217e,TOWN07_JUNCTION_260_UNIT01|CFG_LONGER_VS_SHARPER|DC-M1V3-OBS-T07-J260-A-20260804T063017Z|P1,Town07:junction:260,DEV,Ambiguity-Only,TASK_DIVERGENT,True,1.0,0.0,1.0,,1.0,BALANCED_INTENT_WEIGHTED
PUBLIC_05777765fd6a8c58e6c5217e,TOWN07_JUNCTION_260_UNIT01|CFG_LONGER_VS_SHARPER|DC-M1V3-OBS-T07-J260-A-20260804T063017Z|P1,Town07:junction:260,DEV,Trajectory-Distance,TASK_DIVERGENT,True,0.5,0.5,0.0,,1.0,BALANCED_INTENT_WEIGHTED
PUBLIC_05777765fd6a8c58e6c5217e,TOWN07_JUNCTION_260_UNIT01|CFG_LONGER_VS_SHARPER|DC-M1V3-OBS-T07-J260-A-20260804T063017Z|P1,Town07:junction:260,DEV,Random-Query@matched-rate,TASK_DIVERGENT,True,0.6666666666666666,0.33333333333333337,0.3333333333333333,,1.0,RANDOMIZATION_EXPECTATION
PUBLIC_05777765fd6a8c58e6c5217e,TOWN07_JUNCTION_260_UNIT01|CFG_LONGER_VS_SHARPER|DC-M1V3-OBS-T07-J260-A-20260804T063017Z|P1,Town07:junction:260,DEV,DriveClarify,TASK_DIVERGENT,True,1.0,0.0,1.0,,1.0,BALANCED_INTENT_WEIGHTED
PUBLIC_9232d0eb4c81ac4e0c3c7a66,TOWN07_JUNCTION_260_UNIT01|CFG_LONGER_VS_SHARPER|DC-M1V3-OBS-T07-J260-A-20260804T063017Z|P2,Town07:junction:260,DEV,Never Clarify,TASK_DIVERGENT,True,0.5,0.5,0.0,,1.0,BALANCED_INTENT_WEIGHTED
PUBLIC_9232d0eb4c81ac4e0c3c7a66,TOWN07_JUNCTION_260_UNIT01|CFG_LONGER_VS_SHARPER|DC-M1V3-OBS-T07-J260-A-20260804T063017Z|P2,Town07:junction:260,DEV,Always Clarify,TASK_DIVERGENT,True,1.0,0.0,1.0,,1.0,BALANCED_INTENT_WEIGHTED
PUBLIC_9232d0eb4c81ac4e0c3c7a66,TOWN07_JUNCTION_260_UNIT01|CFG_LONGER_VS_SHARPER|DC-M1V3-OBS-T07-J260-A-20260804T063017Z|P2,Town07:junction:260,DEV,Ambiguity-Only,TASK_DIVERGENT,True,1.0,0.0,1.0,,1.0,BALANCED_INTENT_WEIGHTED
PUBLIC_9232d0eb4c81ac4e0c3c7a66,TOWN07_JUNCTION_260_UNIT01|CFG_LONGER_VS_SHARPER|DC-M1V3-OBS-T07-J260-A-20260804T063017Z|P2,Town07:junction:260,DEV,Trajectory-Distance,TASK_DIVERGENT,True,0.5,0.5,0.0,,1.0,BALANCED_INTENT_WEIGHTED
PUBLIC_9232d0eb4c81ac4e0c3c7a66,TOWN07_JUNCTION_260_UNIT01|CFG_LONGER_VS_SHARPER|DC-M1V3-OBS-T07-J260-A-20260804T063017Z|P2,Town07:junction:260,DEV,Random-Query@matched-rate,TASK_DIVERGENT,True,0.6666666666666666,0.33333333333333337,0.3333333333333333,,1.0,RANDOMIZATION_EXPECTATION
PUBLIC_9232d0eb4c81ac4e0c3c7a66,TOWN07_JUNCTION_260_UNIT01|CFG_LONGER_VS_SHARPER|DC-M1V3-OBS-T07-J260-A-20260804T063017Z|P2,Town07:junction:260,DEV,DriveClarify,TASK_DIVERGENT,True,1.0,0.0,1.0,,1.0,BALANCED_INTENT_WEIGHTED
PUBLIC_8328a1fb7085fd76ee9b94f5,TOWN07_JUNCTION_260_UNIT01|CFG_SAME_EXPRESSION|DC-M1V3-OBS-T07-J260-A-20260804T063017Z|P1,Town07:junction:260,DEV,Never Clarify,TASK_EQUIVALENT,True,1.0,0.0,0.0,0.0,1.0,BALANCED_INTENT_WEIGHTED
PUBLIC_8328a1fb7085fd76ee9b94f5,TOWN07_JUNCTION_260_UNIT01|CFG_SAME_EXPRESSION|DC-M1V3-OBS-T07-J260-A-20260804T063017Z|P1,Town07:junction:260,DEV,Always Clarify,TASK_EQUIVALENT,True,1.0,0.0,1.0,1.0,1.0,BALANCED_INTENT_WEIGHTED
PUBLIC_8328a1fb7085fd76ee9b94f5,TOWN07_JUNCTION_260_UNIT01|CFG_SAME_EXPRESSION|DC-M1V3-OBS-T07-J260-A-20260804T063017Z|P1,Town07:junction:260,DEV,Ambiguity-Only,TASK_EQUIVALENT,True,1.0,0.0,1.0,1.0,1.0,BALANCED_INTENT_WEIGHTED
PUBLIC_8328a1fb7085fd76ee9b94f5,TOWN07_JUNCTION_260_UNIT01|CFG_SAME_EXPRESSION|DC-M1V3-OBS-T07-J260-A-20260804T063017Z|P1,Town07:junction:260,DEV,Trajectory-Distance,TASK_EQUIVALENT,True,1.0,0.0,0.0,0.0,1.0,BALANCED_INTENT_WEIGHTED
PUBLIC_8328a1fb7085fd76ee9b94f5,TOWN07_JUNCTION_260_UNIT01|CFG_SAME_EXPRESSION|DC-M1V3-OBS-T07-J260-A-20260804T063017Z|P1,Town07:junction:260,DEV,Random-Query@matched-rate,TASK_EQUIVALENT,True,1.0,0.0,0.3333333333333333,0.3333333333333333,1.0,RANDOMIZATION_EXPECTATION
PUBLIC_8328a1fb7085fd76ee9b94f5,TOWN07_JUNCTION_260_UNIT01|CFG_SAME_EXPRESSION|DC-M1V3-OBS-T07-J260-A-20260804T063017Z|P1,Town07:junction:260,DEV,DriveClarify,TASK_EQUIVALENT,True,1.0,0.0,0.0,0.0,1.0,BALANCED_INTENT_WEIGHTED
PUBLIC_93ef08cb7df36e6727e992e9,TOWN07_JUNCTION_260_UNIT01|CFG_SAME_EXPRESSION|DC-M1V3-OBS-T07-J260-A-20260804T063017Z|P2,Town07:junction:260,DEV,Never Clarify,TASK_EQUIVALENT,True,1.0,0.0,0.0,0.0,1.0,BALANCED_INTENT_WEIGHTED
PUBLIC_93ef08cb7df36e6727e992e9,TOWN07_JUNCTION_260_UNIT01|CFG_SAME_EXPRESSION|DC-M1V3-OBS-T07-J260-A-20260804T063017Z|P2,Town07:junction:260,DEV,Always Clarify,TASK_EQUIVALENT,True,1.0,0.0,1.0,1.0,1.0,BALANCED_INTENT_WEIGHTED
PUBLIC_93ef08cb7df36e6727e992e9,TOWN07_JUNCTION_260_UNIT01|CFG_SAME_EXPRESSION|DC-M1V3-OBS-T07-J260-A-20260804T063017Z|P2,Town07:junction:260,DEV,Ambiguity-Only,TASK_EQUIVALENT,True,1.0,0.0,1.0,1.0,1.0,BALANCED_INTENT_WEIGHTED
PUBLIC_93ef08cb7df36e6727e992e9,TOWN07_JUNCTION_260_UNIT01|CFG_SAME_EXPRESSION|DC-M1V3-OBS-T07-J260-A-20260804T063017Z|P2,Town07:junction:260,DEV,Trajectory-Distance,TASK_EQUIVALENT,True,1.0,0.0,0.0,0.0,1.0,BALANCED_INTENT_WEIGHTED
PUBLIC_93ef08cb7df36e6727e992e9,TOWN07_JUNCTION_260_UNIT01|CFG_SAME_EXPRESSION|DC-M1V3-OBS-T07-J260-A-20260804T063017Z|P2,Town07:junction:260,DEV,Random-Query@matched-rate,TASK_EQUIVALENT,True,1.0,0.0,0.3333333333333333,0.3333333333333333,1.0,RANDOMIZATION_EXPECTATION
PUBLIC_93ef08cb7df36e6727e992e9,TOWN07_JUNCTION_260_UNIT01|CFG_SAME_EXPRESSION|DC-M1V3-OBS-T07-J260-A-20260804T063017Z|P2,Town07:junction:260,DEV,DriveClarify,TASK_EQUIVALENT,True,1.0,0.0,0.0,0.0,1.0,BALANCED_INTENT_WEIGHTED
PUBLIC_23823f80bba88eb3c900c184,TOWN07_JUNCTION_260_UNIT01|CFG_EVIDENCE_INSUFFICIENT|DC-M1V3-OBS-T07-J260-A-20260804T063017Z|P1,Town07:junction:260,DEV,Never Clarify,,False,,,0.0,,1.0,BALANCED_INTENT_WEIGHTED
PUBLIC_23823f80bba88eb3c900c184,TOWN07_JUNCTION_260_UNIT01|CFG_EVIDENCE_INSUFFICIENT|DC-M1V3-OBS-T07-J260-A-20260804T063017Z|P1,Town07:junction:260,DEV,Always Clarify,,False,,,1.0,,1.0,BALANCED_INTENT_WEIGHTED
PUBLIC_23823f80bba88eb3c900c184,TOWN07_JUNCTION_260_UNIT01|CFG_EVIDENCE_INSUFFICIENT|DC-M1V3-OBS-T07-J260-A-20260804T063017Z|P1,Town07:junction:260,DEV,Ambiguity-Only,,False,,,1.0,,1.0,BALANCED_INTENT_WEIGHTED
PUBLIC_23823f80bba88eb3c900c184,TOWN07_JUNCTION_260_UNIT01|CFG_EVIDENCE_INSUFFICIENT|DC-M1V3-OBS-T07-J260-A-20260804T063017Z|P1,Town07:junction:260,DEV,Trajectory-Distance,,False,,,0.0,,1.0,BALANCED_INTENT_WEIGHTED
PUBLIC_23823f80bba88eb3c900c184,TOWN07_JUNCTION_260_UNIT01|CFG_EVIDENCE_INSUFFICIENT|DC-M1V3-OBS-T07-J260-A-20260804T063017Z|P1,Town07:junction:260,DEV,Random-Query@matched-rate,,False,,,0.3333333333333333,,1.0,RANDOMIZATION_EXPECTATION
PUBLIC_23823f80bba88eb3c900c184,TOWN07_JUNCTION_260_UNIT01|CFG_EVIDENCE_INSUFFICIENT|DC-M1V3-OBS-T07-J260-A-20260804T063017Z|P1,Town07:junction:260,DEV,DriveClarify,,False,,,0.0,,0.0,BALANCED_INTENT_WEIGHTED
PUBLIC_9c674f00b3d3356153c07068,TOWN07_JUNCTION_260_UNIT01|CFG_EVIDENCE_INSUFFICIENT|DC-M1V3-OBS-T07-J260-A-20260804T063017Z|P2,Town07:junction:260,DEV,Never Clarify,,False,,,0.0,,1.0,BALANCED_INTENT_WEIGHTED
PUBLIC_9c674f00b3d3356153c07068,TOWN07_JUNCTION_260_UNIT01|CFG_EVIDENCE_INSUFFICIENT|DC-M1V3-OBS-T07-J260-A-20260804T063017Z|P2,Town07:junction:260,DEV,Always Clarify,,False,,,1.0,,1.0,BALANCED_INTENT_WEIGHTED
PUBLIC_9c674f00b3d3356153c07068,TOWN07_JUNCTION_260_UNIT01|CFG_EVIDENCE_INSUFFICIENT|DC-M1V3-OBS-T07-J260-A-20260804T063017Z|P2,Town07:junction:260,DEV,Ambiguity-Only,,False,,,1.0,,1.0,BALANCED_INTENT_WEIGHTED
PUBLIC_9c674f00b3d3356153c07068,TOWN07_JUNCTION_260_UNIT01|CFG_EVIDENCE_INSUFFICIENT|DC-M1V3-OBS-T07-J260-A-20260804T063017Z|P2,Town07:junction:260,DEV,Trajectory-Distance,,False,,,1.0,,1.0,BALANCED_INTENT_WEIGHTED
PUBLIC_9c674f00b3d3356153c07068,TOWN07_JUNCTION_260_UNIT01|CFG_EVIDENCE_INSUFFICIENT|DC-M1V3-OBS-T07-J260-A-20260804T063017Z|P2,Town07:junction:260,DEV,Random-Query@matched-rate,,False,,,0.3333333333333333,,1.0,RANDOMIZATION_EXPECTATION
PUBLIC_9c674f00b3d3356153c07068,TOWN07_JUNCTION_260_UNIT01|CFG_EVIDENCE_INSUFFICIENT|DC-M1V3-OBS-T07-J260-A-20260804T063017Z|P2,Town07:junction:260,DEV,DriveClarify,,False,,,0.0,,0.0,BALANCED_INTENT_WEIGHTED
PUBLIC_28ec589efb54319183fa691b,TOWN10HD_JUNCTION_664_UNIT01|CFG_LONGER_VS_STRAIGHTER|DC-M1V3-OBS-T10HD-J664-A-20260804T063024Z|P1,Town10HD:junction:664,DEV,Never Clarify,TASK_EQUIVALENT,True,1.0,0.0,0.0,0.0,1.0,BALANCED_INTENT_WEIGHTED
PUBLIC_28ec589efb54319183fa691b,TOWN10HD_JUNCTION_664_UNIT01|CFG_LONGER_VS_STRAIGHTER|DC-M1V3-OBS-T10HD-J664-A-20260804T063024Z|P1,Town10HD:junction:664,DEV,Always Clarify,TASK_EQUIVALENT,True,1.0,0.0,1.0,1.0,1.0,BALANCED_INTENT_WEIGHTED
PUBLIC_28ec589efb54319183fa691b,TOWN10HD_JUNCTION_664_UNIT01|CFG_LONGER_VS_STRAIGHTER|DC-M1V3-OBS-T10HD-J664-A-20260804T063024Z|P1,Town10HD:junction:664,DEV,Ambiguity-Only,TASK_EQUIVALENT,True,1.0,0.0,1.0,1.0,1.0,BALANCED_INTENT_WEIGHTED
PUBLIC_28ec589efb54319183fa691b,TOWN10HD_JUNCTION_664_UNIT01|CFG_LONGER_VS_STRAIGHTER|DC-M1V3-OBS-T10HD-J664-A-20260804T063024Z|P1,Town10HD:junction:664,DEV,Trajectory-Distance,TASK_EQUIVALENT,True,1.0,0.0,0.0,0.0,1.0,BALANCED_INTENT_WEIGHTED
PUBLIC_28ec589efb54319183fa691b,TOWN10HD_JUNCTION_664_UNIT01|CFG_LONGER_VS_STRAIGHTER|DC-M1V3-OBS-T10HD-J664-A-20260804T063024Z|P1,Town10HD:junction:664,DEV,Random-Query@matched-rate,TASK_EQUIVALENT,True,1.0,0.0,0.3333333333333333,0.3333333333333333,1.0,RANDOMIZATION_EXPECTATION
PUBLIC_28ec589efb54319183fa691b,TOWN10HD_JUNCTION_664_UNIT01|CFG_LONGER_VS_STRAIGHTER|DC-M1V3-OBS-T10HD-J664-A-20260804T063024Z|P1,Town10HD:junction:664,DEV,DriveClarify,TASK_EQUIVALENT,True,1.0,0.0,0.0,0.0,1.0,BALANCED_INTENT_WEIGHTED
PUBLIC_ad2f50018a5416a31cb2283b,TOWN10HD_JUNCTION_664_UNIT01|CFG_LONGER_VS_STRAIGHTER|DC-M1V3-OBS-T10HD-J664-A-20260804T063024Z|P2,Town10HD:junction:664,DEV,Never Clarify,TASK_EQUIVALENT,True,1.0,0.0,0.0,0.0,1.0,BALANCED_INTENT_WEIGHTED
PUBLIC_ad2f50018a5416a31cb2283b,TOWN10HD_JUNCTION_664_UNIT01|CFG_LONGER_VS_STRAIGHTER|DC-M1V3-OBS-T10HD-J664-A-20260804T063024Z|P2,Town10HD:junction:664,DEV,Always Clarify,TASK_EQUIVALENT,True,1.0,0.0,1.0,1.0,1.0,BALANCED_INTENT_WEIGHTED
PUBLIC_ad2f50018a5416a31cb2283b,TOWN10HD_JUNCTION_664_UNIT01|CFG_LONGER_VS_STRAIGHTER|DC-M1V3-OBS-T10HD-J664-A-20260804T063024Z|P2,Town10HD:junction:664,DEV,Ambiguity-Only,TASK_EQUIVALENT,True,1.0,0.0,1.0,1.0,1.0,BALANCED_INTENT_WEIGHTED
PUBLIC_ad2f50018a5416a31cb2283b,TOWN10HD_JUNCTION_664_UNIT01|CFG_LONGER_VS_STRAIGHTER|DC-M1V3-OBS-T10HD-J664-A-20260804T063024Z|P2,Town10HD:junction:664,DEV,Trajectory-Distance,TASK_EQUIVALENT,True,1.0,0.0,0.0,0.0,1.0,BALANCED_INTENT_WEIGHTED
PUBLIC_ad2f50018a5416a31cb2283b,TOWN10HD_JUNCTION_664_UNIT01|CFG_LONGER_VS_STRAIGHTER|DC-M1V3-OBS-T10HD-J664-A-20260804T063024Z|P2,Town10HD:junction:664,DEV,Random-Query@matched-rate,TASK_EQUIVALENT,True,1.0,0.0,0.3333333333333333,0.3333333333333333,1.0,RANDOMIZATION_EXPECTATION
PUBLIC_ad2f50018a5416a31cb2283b,TOWN10HD_JUNCTION_664_UNIT01|CFG_LONGER_VS_STRAIGHTER|DC-M1V3-OBS-T10HD-J664-A-20260804T063024Z|P2,Town10HD:junction:664,DEV,DriveClarify,TASK_EQUIVALENT,True,1.0,0.0,0.0,0.0,1.0,BALANCED_INTENT_WEIGHTED
PUBLIC_a636ba2e26c96a79f5388029,TOWN10HD_JUNCTION_664_UNIT01|CFG_LONGER_VS_SHARPER|DC-M1V3-OBS-T10HD-J664-A-20260804T063024Z|P1,Town10HD:junction:664,DEV,Never Clarify,TASK_DIVERGENT,True,0.5,0.5,0.0,,1.0,BALANCED_INTENT_WEIGHTED
PUBLIC_a636ba2e26c96a79f5388029,TOWN10HD_JUNCTION_664_UNIT01|CFG_LONGER_VS_SHARPER|DC-M1V3-OBS-T10HD-J664-A-20260804T063024Z|P1,Town10HD:junction:664,DEV,Always Clarify,TASK_DIVERGENT,True,1.0,0.0,1.0,,1.0,BALANCED_INTENT_WEIGHTED
PUBLIC_a636ba2e26c96a79f5388029,TOWN10HD_JUNCTION_664_UNIT01|CFG_LONGER_VS_SHARPER|DC-M1V3-OBS-T10HD-J664-A-20260804T063024Z|P1,Town10HD:junction:664,DEV,Ambiguity-Only,TASK_DIVERGENT,True,1.0,0.0,1.0,,1.0,BALANCED_INTENT_WEIGHTED
PUBLIC_a636ba2e26c96a79f5388029,TOWN10HD_JUNCTION_664_UNIT01|CFG_LONGER_VS_SHARPER|DC-M1V3-OBS-T10HD-J664-A-20260804T063024Z|P1,Town10HD:junction:664,DEV,Trajectory-Distance,TASK_DIVERGENT,True,0.5,0.5,0.0,,1.0,BALANCED_INTENT_WEIGHTED
PUBLIC_a636ba2e26c96a79f5388029,TOWN10HD_JUNCTION_664_UNIT01|CFG_LONGER_VS_SHARPER|DC-M1V3-OBS-T10HD-J664-A-20260804T063024Z|P1,Town10HD:junction:664,DEV,Random-Query@matched-rate,TASK_DIVERGENT,True,0.6666666666666666,0.33333333333333337,0.3333333333333333,,1.0,RANDOMIZATION_EXPECTATION
PUBLIC_a636ba2e26c96a79f5388029,TOWN10HD_JUNCTION_664_UNIT01|CFG_LONGER_VS_SHARPER|DC-M1V3-OBS-T10HD-J664-A-20260804T063024Z|P1,Town10HD:junction:664,DEV,DriveClarify,TASK_DIVERGENT,True,1.0,0.0,1.0,,1.0,BALANCED_INTENT_WEIGHTED
PUBLIC_886c4906d41bf0db0c7f977a,TOWN10HD_JUNCTION_664_UNIT01|CFG_LONGER_VS_SHARPER|DC-M1V3-OBS-T10HD-J664-A-20260804T063024Z|P2,Town10HD:junction:664,DEV,Never Clarify,TASK_DIVERGENT,True,0.5,0.5,0.0,,1.0,BALANCED_INTENT_WEIGHTED
PUBLIC_886c4906d41bf0db0c7f977a,TOWN10HD_JUNCTION_664_UNIT01|CFG_LONGER_VS_SHARPER|DC-M1V3-OBS-T10HD-J664-A-20260804T063024Z|P2,Town10HD:junction:664,DEV,Always Clarify,TASK_DIVERGENT,True,1.0,0.0,1.0,,1.0,BALANCED_INTENT_WEIGHTED
PUBLIC_886c4906d41bf0db0c7f977a,TOWN10HD_JUNCTION_664_UNIT01|CFG_LONGER_VS_SHARPER|DC-M1V3-OBS-T10HD-J664-A-20260804T063024Z|P2,Town10HD:junction:664,DEV,Ambiguity-Only,TASK_DIVERGENT,True,1.0,0.0,1.0,,1.0,BALANCED_INTENT_WEIGHTED
PUBLIC_886c4906d41bf0db0c7f977a,TOWN10HD_JUNCTION_664_UNIT01|CFG_LONGER_VS_SHARPER|DC-M1V3-OBS-T10HD-J664-A-20260804T063024Z|P2,Town10HD:junction:664,DEV,Trajectory-Distance,TASK_DIVERGENT,True,0.5,0.5,0.0,,1.0,BALANCED_INTENT_WEIGHTED
PUBLIC_886c4906d41bf0db0c7f977a,TOWN10HD_JUNCTION_664_UNIT01|CFG_LONGER_VS_SHARPER|DC-M1V3-OBS-T10HD-J664-A-20260804T063024Z|P2,Town10HD:junction:664,DEV,Random-Query@matched-rate,TASK_DIVERGENT,True,0.6666666666666666,0.33333333333333337,0.3333333333333333,,1.0,RANDOMIZATION_EXPECTATION
PUBLIC_886c4906d41bf0db0c7f977a,TOWN10HD_JUNCTION_664_UNIT01|CFG_LONGER_VS_SHARPER|DC-M1V3-OBS-T10HD-J664-A-20260804T063024Z|P2,Town10HD:junction:664,DEV,DriveClarify,TASK_DIVERGENT,True,1.0,0.0,1.0,,1.0,BALANCED_INTENT_WEIGHTED
PUBLIC_9d043a042d01ba220c8f7976,TOWN10HD_JUNCTION_664_UNIT01|CFG_SAME_EXPRESSION|DC-M1V3-OBS-T10HD-J664-A-20260804T063024Z|P1,Town10HD:junction:664,DEV,Never Clarify,TASK_EQUIVALENT,True,1.0,0.0,0.0,0.0,1.0,BALANCED_INTENT_WEIGHTED
PUBLIC_9d043a042d01ba220c8f7976,TOWN10HD_JUNCTION_664_UNIT01|CFG_SAME_EXPRESSION|DC-M1V3-OBS-T10HD-J664-A-20260804T063024Z|P1,Town10HD:junction:664,DEV,Always Clarify,TASK_EQUIVALENT,True,1.0,0.0,1.0,1.0,1.0,BALANCED_INTENT_WEIGHTED
PUBLIC_9d043a042d01ba220c8f7976,TOWN10HD_JUNCTION_664_UNIT01|CFG_SAME_EXPRESSION|DC-M1V3-OBS-T10HD-J664-A-20260804T063024Z|P1,Town10HD:junction:664,DEV,Ambiguity-Only,TASK_EQUIVALENT,True,1.0,0.0,1.0,1.0,1.0,BALANCED_INTENT_WEIGHTED
PUBLIC_9d043a042d01ba220c8f7976,TOWN10HD_JUNCTION_664_UNIT01|CFG_SAME_EXPRESSION|DC-M1V3-OBS-T10HD-J664-A-20260804T063024Z|P1,Town10HD:junction:664,DEV,Trajectory-Distance,TASK_EQUIVALENT,True,1.0,0.0,0.0,0.0,1.0,BALANCED_INTENT_WEIGHTED
PUBLIC_9d043a042d01ba220c8f7976,TOWN10HD_JUNCTION_664_UNIT01|CFG_SAME_EXPRESSION|DC-M1V3-OBS-T10HD-J664-A-20260804T063024Z|P1,Town10HD:junction:664,DEV,Random-Query@matched-rate,TASK_EQUIVALENT,True,1.0,0.0,0.3333333333333333,0.3333333333333333,1.0,RANDOMIZATION_EXPECTATION
PUBLIC_9d043a042d01ba220c8f7976,TOWN10HD_JUNCTION_664_UNIT01|CFG_SAME_EXPRESSION|DC-M1V3-OBS-T10HD-J664-A-20260804T063024Z|P1,Town10HD:junction:664,DEV,DriveClarify,TASK_EQUIVALENT,True,1.0,0.0,0.0,0.0,1.0,BALANCED_INTENT_WEIGHTED
PUBLIC_6b49ae6736c6d3a1b2f648ea,TOWN10HD_JUNCTION_664_UNIT01|CFG_SAME_EXPRESSION|DC-M1V3-OBS-T10HD-J664-A-20260804T063024Z|P2,Town10HD:junction:664,DEV,Never Clarify,TASK_EQUIVALENT,True,1.0,0.0,0.0,0.0,1.0,BALANCED_INTENT_WEIGHTED
PUBLIC_6b49ae6736c6d3a1b2f648ea,TOWN10HD_JUNCTION_664_UNIT01|CFG_SAME_EXPRESSION|DC-M1V3-OBS-T10HD-J664-A-20260804T063024Z|P2,Town10HD:junction:664,DEV,Always Clarify,TASK_EQUIVALENT,True,1.0,0.0,1.0,1.0,1.0,BALANCED_INTENT_WEIGHTED
PUBLIC_6b49ae6736c6d3a1b2f648ea,TOWN10HD_JUNCTION_664_UNIT01|CFG_SAME_EXPRESSION|DC-M1V3-OBS-T10HD-J664-A-20260804T063024Z|P2,Town10HD:junction:664,DEV,Ambiguity-Only,TASK_EQUIVALENT,True,1.0,0.0,1.0,1.0,1.0,BALANCED_INTENT_WEIGHTED
PUBLIC_6b49ae6736c6d3a1b2f648ea,TOWN10HD_JUNCTION_664_UNIT01|CFG_SAME_EXPRESSION|DC-M1V3-OBS-T10HD-J664-A-20260804T063024Z|P2,Town10HD:junction:664,DEV,Trajectory-Distance,TASK_EQUIVALENT,True,1.0,0.0,0.0,0.0,1.0,BALANCED_INTENT_WEIGHTED
PUBLIC_6b49ae6736c6d3a1b2f648ea,TOWN10HD_JUNCTION_664_UNIT01|CFG_SAME_EXPRESSION|DC-M1V3-OBS-T10HD-J664-A-20260804T063024Z|P2,Town10HD:junction:664,DEV,Random-Query@matched-rate,TASK_EQUIVALENT,True,1.0,0.0,0.3333333333333333,0.3333333333333333,1.0,RANDOMIZATION_EXPECTATION
PUBLIC_6b49ae6736c6d3a1b2f648ea,TOWN10HD_JUNCTION_664_UNIT01|CFG_SAME_EXPRESSION|DC-M1V3-OBS-T10HD-J664-A-20260804T063024Z|P2,Town10HD:junction:664,DEV,DriveClarify,TASK_EQUIVALENT,True,1.0,0.0,0.0,0.0,1.0,BALANCED_INTENT_WEIGHTED
PUBLIC_5996f5c75536cd4bac2cff97,TOWN10HD_JUNCTION_664_UNIT01|CFG_EVIDENCE_INSUFFICIENT|DC-M1V3-OBS-T10HD-J664-A-20260804T063024Z|P1,Town10HD:junction:664,DEV,Never Clarify,,False,,,0.0,,1.0,BALANCED_INTENT_WEIGHTED
PUBLIC_5996f5c75536cd4bac2cff97,TOWN10HD_JUNCTION_664_UNIT01|CFG_EVIDENCE_INSUFFICIENT|DC-M1V3-OBS-T10HD-J664-A-20260804T063024Z|P1,Town10HD:junction:664,DEV,Always Clarify,,False,,,1.0,,1.0,BALANCED_INTENT_WEIGHTED
PUBLIC_5996f5c75536cd4bac2cff97,TOWN10HD_JUNCTION_664_UNIT01|CFG_EVIDENCE_INSUFFICIENT|DC-M1V3-OBS-T10HD-J664-A-20260804T063024Z|P1,Town10HD:junction:664,DEV,Ambiguity-Only,,False,,,1.0,,1.0,BALANCED_INTENT_WEIGHTED
PUBLIC_5996f5c75536cd4bac2cff97,TOWN10HD_JUNCTION_664_UNIT01|CFG_EVIDENCE_INSUFFICIENT|DC-M1V3-OBS-T10HD-J664-A-20260804T063024Z|P1,Town10HD:junction:664,DEV,Trajectory-Distance,,False,,,0.0,,1.0,BALANCED_INTENT_WEIGHTED
PUBLIC_5996f5c75536cd4bac2cff97,TOWN10HD_JUNCTION_664_UNIT01|CFG_EVIDENCE_INSUFFICIENT|DC-M1V3-OBS-T10HD-J664-A-20260804T063024Z|P1,Town10HD:junction:664,DEV,Random-Query@matched-rate,,False,,,0.3333333333333333,,1.0,RANDOMIZATION_EXPECTATION
PUBLIC_5996f5c75536cd4bac2cff97,TOWN10HD_JUNCTION_664_UNIT01|CFG_EVIDENCE_INSUFFICIENT|DC-M1V3-OBS-T10HD-J664-A-20260804T063024Z|P1,Town10HD:junction:664,DEV,DriveClarify,,False,,,0.0,,0.0,BALANCED_INTENT_WEIGHTED
PUBLIC_a237772513ba2e4a4cb4c2f9,TOWN10HD_JUNCTION_664_UNIT01|CFG_EVIDENCE_INSUFFICIENT|DC-M1V3-OBS-T10HD-J664-A-20260804T063024Z|P2,Town10HD:junction:664,DEV,Never Clarify,,False,,,0.0,,1.0,BALANCED_INTENT_WEIGHTED
PUBLIC_a237772513ba2e4a4cb4c2f9,TOWN10HD_JUNCTION_664_UNIT01|CFG_EVIDENCE_INSUFFICIENT|DC-M1V3-OBS-T10HD-J664-A-20260804T063024Z|P2,Town10HD:junction:664,DEV,Always Clarify,,False,,,1.0,,1.0,BALANCED_INTENT_WEIGHTED
PUBLIC_a237772513ba2e4a4cb4c2f9,TOWN10HD_JUNCTION_664_UNIT01|CFG_EVIDENCE_INSUFFICIENT|DC-M1V3-OBS-T10HD-J664-A-20260804T063024Z|P2,Town10HD:junction:664,DEV,Ambiguity-Only,,False,,,1.0,,1.0,BALANCED_INTENT_WEIGHTED
PUBLIC_a237772513ba2e4a4cb4c2f9,TOWN10HD_JUNCTION_664_UNIT01|CFG_EVIDENCE_INSUFFICIENT|DC-M1V3-OBS-T10HD-J664-A-20260804T063024Z|P2,Town10HD:junction:664,DEV,Trajectory-Distance,,False,,,0.0,,1.0,BALANCED_INTENT_WEIGHTED
PUBLIC_a237772513ba2e4a4cb4c2f9,TOWN10HD_JUNCTION_664_UNIT01|CFG_EVIDENCE_INSUFFICIENT|DC-M1V3-OBS-T10HD-J664-A-20260804T063024Z|P2,Town10HD:junction:664,DEV,Random-Query@matched-rate,,False,,,0.3333333333333333,,1.0,RANDOMIZATION_EXPECTATION
PUBLIC_a237772513ba2e4a4cb4c2f9,TOWN10HD_JUNCTION_664_UNIT01|CFG_EVIDENCE_INSUFFICIENT|DC-M1V3-OBS-T10HD-J664-A-20260804T063024Z|P2,Town10HD:junction:664,DEV,DriveClarify,,False,,,0.0,,0.0,BALANCED_INTENT_WEIGHTED
PUBLIC_ab08e68aaab38e78f46c6afb,TOWN01_JUNCTION_110_UNIT01|CFG_LONGER_VS_STRAIGHTER|DC-M1V3-OBS-T01-J110-A-20260804T063023Z|P1,Town01:junction:110,HIST,Never Clarify,TASK_EQUIVALENT,True,1.0,0.0,0.0,0.0,1.0,BALANCED_INTENT_WEIGHTED
PUBLIC_ab08e68aaab38e78f46c6afb,TOWN01_JUNCTION_110_UNIT01|CFG_LONGER_VS_STRAIGHTER|DC-M1V3-OBS-T01-J110-A-20260804T063023Z|P1,Town01:junction:110,HIST,Always Clarify,TASK_EQUIVALENT,True,1.0,0.0,1.0,1.0,1.0,BALANCED_INTENT_WEIGHTED
PUBLIC_ab08e68aaab38e78f46c6afb,TOWN01_JUNCTION_110_UNIT01|CFG_LONGER_VS_STRAIGHTER|DC-M1V3-OBS-T01-J110-A-20260804T063023Z|P1,Town01:junction:110,HIST,Ambiguity-Only,TASK_EQUIVALENT,True,1.0,0.0,1.0,1.0,1.0,BALANCED_INTENT_WEIGHTED
PUBLIC_ab08e68aaab38e78f46c6afb,TOWN01_JUNCTION_110_UNIT01|CFG_LONGER_VS_STRAIGHTER|DC-M1V3-OBS-T01-J110-A-20260804T063023Z|P1,Town01:junction:110,HIST,Trajectory-Distance,TASK_EQUIVALENT,True,1.0,0.0,1.0,1.0,1.0,BALANCED_INTENT_WEIGHTED
PUBLIC_ab08e68aaab38e78f46c6afb,TOWN01_JUNCTION_110_UNIT01|CFG_LONGER_VS_STRAIGHTER|DC-M1V3-OBS-T01-J110-A-20260804T063023Z|P1,Town01:junction:110,HIST,Random-Query@matched-rate,TASK_EQUIVALENT,True,1.0,0.0,0.3333333333333333,0.3333333333333333,1.0,RANDOMIZATION_EXPECTATION
PUBLIC_ab08e68aaab38e78f46c6afb,TOWN01_JUNCTION_110_UNIT01|CFG_LONGER_VS_STRAIGHTER|DC-M1V3-OBS-T01-J110-A-20260804T063023Z|P1,Town01:junction:110,HIST,DriveClarify,TASK_EQUIVALENT,True,1.0,0.0,0.0,0.0,1.0,BALANCED_INTENT_WEIGHTED
PUBLIC_82064338998074cf9e0f99fa,TOWN01_JUNCTION_110_UNIT01|CFG_LONGER_VS_STRAIGHTER|DC-M1V3-OBS-T01-J110-A-20260804T063023Z|P2,Town01:junction:110,HIST,Never Clarify,TASK_EQUIVALENT,True,1.0,0.0,0.0,0.0,1.0,BALANCED_INTENT_WEIGHTED
PUBLIC_82064338998074cf9e0f99fa,TOWN01_JUNCTION_110_UNIT01|CFG_LONGER_VS_STRAIGHTER|DC-M1V3-OBS-T01-J110-A-20260804T063023Z|P2,Town01:junction:110,HIST,Always Clarify,TASK_EQUIVALENT,True,1.0,0.0,1.0,1.0,1.0,BALANCED_INTENT_WEIGHTED
PUBLIC_82064338998074cf9e0f99fa,TOWN01_JUNCTION_110_UNIT01|CFG_LONGER_VS_STRAIGHTER|DC-M1V3-OBS-T01-J110-A-20260804T063023Z|P2,Town01:junction:110,HIST,Ambiguity-Only,TASK_EQUIVALENT,True,1.0,0.0,1.0,1.0,1.0,BALANCED_INTENT_WEIGHTED
PUBLIC_82064338998074cf9e0f99fa,TOWN01_JUNCTION_110_UNIT01|CFG_LONGER_VS_STRAIGHTER|DC-M1V3-OBS-T01-J110-A-20260804T063023Z|P2,Town01:junction:110,HIST,Trajectory-Distance,TASK_EQUIVALENT,True,1.0,0.0,0.0,0.0,1.0,BALANCED_INTENT_WEIGHTED
PUBLIC_82064338998074cf9e0f99fa,TOWN01_JUNCTION_110_UNIT01|CFG_LONGER_VS_STRAIGHTER|DC-M1V3-OBS-T01-J110-A-20260804T063023Z|P2,Town01:junction:110,HIST,Random-Query@matched-rate,TASK_EQUIVALENT,True,1.0,0.0,0.3333333333333333,0.3333333333333333,1.0,RANDOMIZATION_EXPECTATION
PUBLIC_82064338998074cf9e0f99fa,TOWN01_JUNCTION_110_UNIT01|CFG_LONGER_VS_STRAIGHTER|DC-M1V3-OBS-T01-J110-A-20260804T063023Z|P2,Town01:junction:110,HIST,DriveClarify,TASK_EQUIVALENT,True,1.0,0.0,0.0,0.0,1.0,BALANCED_INTENT_WEIGHTED
PUBLIC_fce8ef66f7c44b7e8db617a5,TOWN01_JUNCTION_110_UNIT01|CFG_LONGER_VS_SHARPER|DC-M1V3-OBS-T01-J110-A-20260804T063023Z|P1,Town01:junction:110,HIST,Never Clarify,TASK_DIVERGENT,True,0.5,0.5,0.0,,1.0,BALANCED_INTENT_WEIGHTED
PUBLIC_fce8ef66f7c44b7e8db617a5,TOWN01_JUNCTION_110_UNIT01|CFG_LONGER_VS_SHARPER|DC-M1V3-OBS-T01-J110-A-20260804T063023Z|P1,Town01:junction:110,HIST,Always Clarify,TASK_DIVERGENT,True,1.0,0.0,1.0,,1.0,BALANCED_INTENT_WEIGHTED
PUBLIC_fce8ef66f7c44b7e8db617a5,TOWN01_JUNCTION_110_UNIT01|CFG_LONGER_VS_SHARPER|DC-M1V3-OBS-T01-J110-A-20260804T063023Z|P1,Town01:junction:110,HIST,Ambiguity-Only,TASK_DIVERGENT,True,1.0,0.0,1.0,,1.0,BALANCED_INTENT_WEIGHTED
PUBLIC_fce8ef66f7c44b7e8db617a5,TOWN01_JUNCTION_110_UNIT01|CFG_LONGER_VS_SHARPER|DC-M1V3-OBS-T01-J110-A-20260804T063023Z|P1,Town01:junction:110,HIST,Trajectory-Distance,TASK_DIVERGENT,True,0.5,0.5,0.0,,1.0,BALANCED_INTENT_WEIGHTED
PUBLIC_fce8ef66f7c44b7e8db617a5,TOWN01_JUNCTION_110_UNIT01|CFG_LONGER_VS_SHARPER|DC-M1V3-OBS-T01-J110-A-20260804T063023Z|P1,Town01:junction:110,HIST,Random-Query@matched-rate,TASK_DIVERGENT,True,0.6666666666666666,0.33333333333333337,0.3333333333333333,,1.0,RANDOMIZATION_EXPECTATION
PUBLIC_fce8ef66f7c44b7e8db617a5,TOWN01_JUNCTION_110_UNIT01|CFG_LONGER_VS_SHARPER|DC-M1V3-OBS-T01-J110-A-20260804T063023Z|P1,Town01:junction:110,HIST,DriveClarify,TASK_DIVERGENT,True,1.0,0.0,1.0,,1.0,BALANCED_INTENT_WEIGHTED
PUBLIC_91523eecf024f7c5326dd133,TOWN01_JUNCTION_110_UNIT01|CFG_LONGER_VS_SHARPER|DC-M1V3-OBS-T01-J110-A-20260804T063023Z|P2,Town01:junction:110,HIST,Never Clarify,TASK_DIVERGENT,True,0.5,0.5,0.0,,1.0,BALANCED_INTENT_WEIGHTED
PUBLIC_91523eecf024f7c5326dd133,TOWN01_JUNCTION_110_UNIT01|CFG_LONGER_VS_SHARPER|DC-M1V3-OBS-T01-J110-A-20260804T063023Z|P2,Town01:junction:110,HIST,Always Clarify,TASK_DIVERGENT,True,1.0,0.0,1.0,,1.0,BALANCED_INTENT_WEIGHTED
PUBLIC_91523eecf024f7c5326dd133,TOWN01_JUNCTION_110_UNIT01|CFG_LONGER_VS_SHARPER|DC-M1V3-OBS-T01-J110-A-20260804T063023Z|P2,Town01:junction:110,HIST,Ambiguity-Only,TASK_DIVERGENT,True,1.0,0.0,1.0,,1.0,BALANCED_INTENT_WEIGHTED
PUBLIC_91523eecf024f7c5326dd133,TOWN01_JUNCTION_110_UNIT01|CFG_LONGER_VS_SHARPER|DC-M1V3-OBS-T01-J110-A-20260804T063023Z|P2,Town01:junction:110,HIST,Trajectory-Distance,TASK_DIVERGENT,True,0.5,0.5,0.0,,1.0,BALANCED_INTENT_WEIGHTED
PUBLIC_91523eecf024f7c5326dd133,TOWN01_JUNCTION_110_UNIT01|CFG_LONGER_VS_SHARPER|DC-M1V3-OBS-T01-J110-A-20260804T063023Z|P2,Town01:junction:110,HIST,Random-Query@matched-rate,TASK_DIVERGENT,True,0.6666666666666666,0.33333333333333337,0.3333333333333333,,1.0,RANDOMIZATION_EXPECTATION
PUBLIC_91523eecf024f7c5326dd133,TOWN01_JUNCTION_110_UNIT01|CFG_LONGER_VS_SHARPER|DC-M1V3-OBS-T01-J110-A-20260804T063023Z|P2,Town01:junction:110,HIST,DriveClarify,TASK_DIVERGENT,True,1.0,0.0,1.0,,1.0,BALANCED_INTENT_WEIGHTED
PUBLIC_a82dc8177ed15c609a2adbe6,TOWN01_JUNCTION_110_UNIT01|CFG_SAME_EXPRESSION|DC-M1V3-OBS-T01-J110-A-20260804T063023Z|P1,Town01:junction:110,HIST,Never Clarify,TASK_EQUIVALENT,True,1.0,0.0,0.0,0.0,1.0,BALANCED_INTENT_WEIGHTED
PUBLIC_a82dc8177ed15c609a2adbe6,TOWN01_JUNCTION_110_UNIT01|CFG_SAME_EXPRESSION|DC-M1V3-OBS-T01-J110-A-20260804T063023Z|P1,Town01:junction:110,HIST,Always Clarify,TASK_EQUIVALENT,True,1.0,0.0,1.0,1.0,1.0,BALANCED_INTENT_WEIGHTED
PUBLIC_a82dc8177ed15c609a2adbe6,TOWN01_JUNCTION_110_UNIT01|CFG_SAME_EXPRESSION|DC-M1V3-OBS-T01-J110-A-20260804T063023Z|P1,Town01:junction:110,HIST,Ambiguity-Only,TASK_EQUIVALENT,True,1.0,0.0,1.0,1.0,1.0,BALANCED_INTENT_WEIGHTED
PUBLIC_a82dc8177ed15c609a2adbe6,TOWN01_JUNCTION_110_UNIT01|CFG_SAME_EXPRESSION|DC-M1V3-OBS-T01-J110-A-20260804T063023Z|P1,Town01:junction:110,HIST,Trajectory-Distance,TASK_EQUIVALENT,True,1.0,0.0,0.0,0.0,1.0,BALANCED_INTENT_WEIGHTED
PUBLIC_a82dc8177ed15c609a2adbe6,TOWN01_JUNCTION_110_UNIT01|CFG_SAME_EXPRESSION|DC-M1V3-OBS-T01-J110-A-20260804T063023Z|P1,Town01:junction:110,HIST,Random-Query@matched-rate,TASK_EQUIVALENT,True,1.0,0.0,0.3333333333333333,0.3333333333333333,1.0,RANDOMIZATION_EXPECTATION
PUBLIC_a82dc8177ed15c609a2adbe6,TOWN01_JUNCTION_110_UNIT01|CFG_SAME_EXPRESSION|DC-M1V3-OBS-T01-J110-A-20260804T063023Z|P1,Town01:junction:110,HIST,DriveClarify,TASK_EQUIVALENT,True,1.0,0.0,0.0,0.0,1.0,BALANCED_INTENT_WEIGHTED
PUBLIC_cba3da3956596ec352fab400,TOWN01_JUNCTION_110_UNIT01|CFG_SAME_EXPRESSION|DC-M1V3-OBS-T01-J110-A-20260804T063023Z|P2,Town01:junction:110,HIST,Never Clarify,TASK_EQUIVALENT,True,1.0,0.0,0.0,0.0,1.0,BALANCED_INTENT_WEIGHTED
PUBLIC_cba3da3956596ec352fab400,TOWN01_JUNCTION_110_UNIT01|CFG_SAME_EXPRESSION|DC-M1V3-OBS-T01-J110-A-20260804T063023Z|P2,Town01:junction:110,HIST,Always Clarify,TASK_EQUIVALENT,True,1.0,0.0,1.0,1.0,1.0,BALANCED_INTENT_WEIGHTED
PUBLIC_cba3da3956596ec352fab400,TOWN01_JUNCTION_110_UNIT01|CFG_SAME_EXPRESSION|DC-M1V3-OBS-T01-J110-A-20260804T063023Z|P2,Town01:junction:110,HIST,Ambiguity-Only,TASK_EQUIVALENT,True,1.0,0.0,1.0,1.0,1.0,BALANCED_INTENT_WEIGHTED
PUBLIC_cba3da3956596ec352fab400,TOWN01_JUNCTION_110_UNIT01|CFG_SAME_EXPRESSION|DC-M1V3-OBS-T01-J110-A-20260804T063023Z|P2,Town01:junction:110,HIST,Trajectory-Distance,TASK_EQUIVALENT,True,1.0,0.0,0.0,0.0,1.0,BALANCED_INTENT_WEIGHTED
PUBLIC_cba3da3956596ec352fab400,TOWN01_JUNCTION_110_UNIT01|CFG_SAME_EXPRESSION|DC-M1V3-OBS-T01-J110-A-20260804T063023Z|P2,Town01:junction:110,HIST,Random-Query@matched-rate,TASK_EQUIVALENT,True,1.0,0.0,0.3333333333333333,0.3333333333333333,1.0,RANDOMIZATION_EXPECTATION
PUBLIC_cba3da3956596ec352fab400,TOWN01_JUNCTION_110_UNIT01|CFG_SAME_EXPRESSION|DC-M1V3-OBS-T01-J110-A-20260804T063023Z|P2,Town01:junction:110,HIST,DriveClarify,TASK_EQUIVALENT,True,1.0,0.0,0.0,0.0,1.0,BALANCED_INTENT_WEIGHTED
PUBLIC_1f641ae4943e355aff22ee1b,TOWN01_JUNCTION_110_UNIT01|CFG_EVIDENCE_INSUFFICIENT|DC-M1V3-OBS-T01-J110-A-20260804T063023Z|P1,Town01:junction:110,HIST,Never Clarify,,False,,,0.0,,1.0,BALANCED_INTENT_WEIGHTED
PUBLIC_1f641ae4943e355aff22ee1b,TOWN01_JUNCTION_110_UNIT01|CFG_EVIDENCE_INSUFFICIENT|DC-M1V3-OBS-T01-J110-A-20260804T063023Z|P1,Town01:junction:110,HIST,Always Clarify,,False,,,1.0,,1.0,BALANCED_INTENT_WEIGHTED
PUBLIC_1f641ae4943e355aff22ee1b,TOWN01_JUNCTION_110_UNIT01|CFG_EVIDENCE_INSUFFICIENT|DC-M1V3-OBS-T01-J110-A-20260804T063023Z|P1,Town01:junction:110,HIST,Ambiguity-Only,,False,,,1.0,,1.0,BALANCED_INTENT_WEIGHTED
PUBLIC_1f641ae4943e355aff22ee1b,TOWN01_JUNCTION_110_UNIT01|CFG_EVIDENCE_INSUFFICIENT|DC-M1V3-OBS-T01-J110-A-20260804T063023Z|P1,Town01:junction:110,HIST,Trajectory-Distance,,False,,,0.0,,1.0,BALANCED_INTENT_WEIGHTED
PUBLIC_1f641ae4943e355aff22ee1b,TOWN01_JUNCTION_110_UNIT01|CFG_EVIDENCE_INSUFFICIENT|DC-M1V3-OBS-T01-J110-A-20260804T063023Z|P1,Town01:junction:110,HIST,Random-Query@matched-rate,,False,,,0.3333333333333333,,1.0,RANDOMIZATION_EXPECTATION
PUBLIC_1f641ae4943e355aff22ee1b,TOWN01_JUNCTION_110_UNIT01|CFG_EVIDENCE_INSUFFICIENT|DC-M1V3-OBS-T01-J110-A-20260804T063023Z|P1,Town01:junction:110,HIST,DriveClarify,,False,,,0.0,,0.0,BALANCED_INTENT_WEIGHTED
PUBLIC_3032bee1515be2a68f0a77b0,TOWN01_JUNCTION_110_UNIT01|CFG_EVIDENCE_INSUFFICIENT|DC-M1V3-OBS-T01-J110-A-20260804T063023Z|P2,Town01:junction:110,HIST,Never Clarify,,False,,,0.0,,1.0,BALANCED_INTENT_WEIGHTED
PUBLIC_3032bee1515be2a68f0a77b0,TOWN01_JUNCTION_110_UNIT01|CFG_EVIDENCE_INSUFFICIENT|DC-M1V3-OBS-T01-J110-A-20260804T063023Z|P2,Town01:junction:110,HIST,Always Clarify,,False,,,1.0,,1.0,BALANCED_INTENT_WEIGHTED
PUBLIC_3032bee1515be2a68f0a77b0,TOWN01_JUNCTION_110_UNIT01|CFG_EVIDENCE_INSUFFICIENT|DC-M1V3-OBS-T01-J110-A-20260804T063023Z|P2,Town01:junction:110,HIST,Ambiguity-Only,,False,,,1.0,,1.0,BALANCED_INTENT_WEIGHTED
PUBLIC_3032bee1515be2a68f0a77b0,TOWN01_JUNCTION_110_UNIT01|CFG_EVIDENCE_INSUFFICIENT|DC-M1V3-OBS-T01-J110-A-20260804T063023Z|P2,Town01:junction:110,HIST,Trajectory-Distance,,False,,,0.0,,1.0,BALANCED_INTENT_WEIGHTED
PUBLIC_3032bee1515be2a68f0a77b0,TOWN01_JUNCTION_110_UNIT01|CFG_EVIDENCE_INSUFFICIENT|DC-M1V3-OBS-T01-J110-A-20260804T063023Z|P2,Town01:junction:110,HIST,Random-Query@matched-rate,,False,,,0.3333333333333333,,1.0,RANDOMIZATION_EXPECTATION
PUBLIC_3032bee1515be2a68f0a77b0,TOWN01_JUNCTION_110_UNIT01|CFG_EVIDENCE_INSUFFICIENT|DC-M1V3-OBS-T01-J110-A-20260804T063023Z|P2,Town01:junction:110,HIST,DriveClarify,,False,,,0.0,,0.0,BALANCED_INTENT_WEIGHTED
PUBLIC_1c3e16270e48b442e5fd54bf,TOWN01_JUNCTION_54_UNIT01|CFG_LONGER_VS_STRAIGHTER|DC-M1V3-OBS-T01-J54-A-20260804T063021Z|P1,Town01:junction:54,HIST,Never Clarify,TASK_EQUIVALENT,True,1.0,0.0,0.0,0.0,1.0,BALANCED_INTENT_WEIGHTED
PUBLIC_1c3e16270e48b442e5fd54bf,TOWN01_JUNCTION_54_UNIT01|CFG_LONGER_VS_STRAIGHTER|DC-M1V3-OBS-T01-J54-A-20260804T063021Z|P1,Town01:junction:54,HIST,Always Clarify,TASK_EQUIVALENT,True,1.0,0.0,1.0,1.0,1.0,BALANCED_INTENT_WEIGHTED
PUBLIC_1c3e16270e48b442e5fd54bf,TOWN01_JUNCTION_54_UNIT01|CFG_LONGER_VS_STRAIGHTER|DC-M1V3-OBS-T01-J54-A-20260804T063021Z|P1,Town01:junction:54,HIST,Ambiguity-Only,TASK_EQUIVALENT,True,1.0,0.0,1.0,1.0,1.0,BALANCED_INTENT_WEIGHTED
PUBLIC_1c3e16270e48b442e5fd54bf,TOWN01_JUNCTION_54_UNIT01|CFG_LONGER_VS_STRAIGHTER|DC-M1V3-OBS-T01-J54-A-20260804T063021Z|P1,Town01:junction:54,HIST,Trajectory-Distance,TASK_EQUIVALENT,True,1.0,0.0,0.0,0.0,1.0,BALANCED_INTENT_WEIGHTED
PUBLIC_1c3e16270e48b442e5fd54bf,TOWN01_JUNCTION_54_UNIT01|CFG_LONGER_VS_STRAIGHTER|DC-M1V3-OBS-T01-J54-A-20260804T063021Z|P1,Town01:junction:54,HIST,Random-Query@matched-rate,TASK_EQUIVALENT,True,1.0,0.0,0.3333333333333333,0.3333333333333333,1.0,RANDOMIZATION_EXPECTATION
PUBLIC_1c3e16270e48b442e5fd54bf,TOWN01_JUNCTION_54_UNIT01|CFG_LONGER_VS_STRAIGHTER|DC-M1V3-OBS-T01-J54-A-20260804T063021Z|P1,Town01:junction:54,HIST,DriveClarify,TASK_EQUIVALENT,True,1.0,0.0,0.0,0.0,1.0,BALANCED_INTENT_WEIGHTED
PUBLIC_6446944b8e16daf3c8c85bf2,TOWN01_JUNCTION_54_UNIT01|CFG_LONGER_VS_STRAIGHTER|DC-M1V3-OBS-T01-J54-A-20260804T063021Z|P2,Town01:junction:54,HIST,Never Clarify,TASK_EQUIVALENT,True,1.0,0.0,0.0,0.0,1.0,BALANCED_INTENT_WEIGHTED
PUBLIC_6446944b8e16daf3c8c85bf2,TOWN01_JUNCTION_54_UNIT01|CFG_LONGER_VS_STRAIGHTER|DC-M1V3-OBS-T01-J54-A-20260804T063021Z|P2,Town01:junction:54,HIST,Always Clarify,TASK_EQUIVALENT,True,1.0,0.0,1.0,1.0,1.0,BALANCED_INTENT_WEIGHTED
PUBLIC_6446944b8e16daf3c8c85bf2,TOWN01_JUNCTION_54_UNIT01|CFG_LONGER_VS_STRAIGHTER|DC-M1V3-OBS-T01-J54-A-20260804T063021Z|P2,Town01:junction:54,HIST,Ambiguity-Only,TASK_EQUIVALENT,True,1.0,0.0,1.0,1.0,1.0,BALANCED_INTENT_WEIGHTED
PUBLIC_6446944b8e16daf3c8c85bf2,TOWN01_JUNCTION_54_UNIT01|CFG_LONGER_VS_STRAIGHTER|DC-M1V3-OBS-T01-J54-A-20260804T063021Z|P2,Town01:junction:54,HIST,Trajectory-Distance,TASK_EQUIVALENT,True,1.0,0.0,1.0,1.0,1.0,BALANCED_INTENT_WEIGHTED
PUBLIC_6446944b8e16daf3c8c85bf2,TOWN01_JUNCTION_54_UNIT01|CFG_LONGER_VS_STRAIGHTER|DC-M1V3-OBS-T01-J54-A-20260804T063021Z|P2,Town01:junction:54,HIST,Random-Query@matched-rate,TASK_EQUIVALENT,True,1.0,0.0,0.3333333333333333,0.3333333333333333,1.0,RANDOMIZATION_EXPECTATION
PUBLIC_6446944b8e16daf3c8c85bf2,TOWN01_JUNCTION_54_UNIT01|CFG_LONGER_VS_STRAIGHTER|DC-M1V3-OBS-T01-J54-A-20260804T063021Z|P2,Town01:junction:54,HIST,DriveClarify,TASK_EQUIVALENT,True,1.0,0.0,0.0,0.0,1.0,BALANCED_INTENT_WEIGHTED
PUBLIC_a4f21f92d333948e9815b5c4,TOWN01_JUNCTION_54_UNIT01|CFG_LONGER_VS_SHARPER|DC-M1V3-OBS-T01-J54-A-20260804T063021Z|P1,Town01:junction:54,HIST,Never Clarify,TASK_DIVERGENT,True,0.5,0.5,0.0,,1.0,BALANCED_INTENT_WEIGHTED
PUBLIC_a4f21f92d333948e9815b5c4,TOWN01_JUNCTION_54_UNIT01|CFG_LONGER_VS_SHARPER|DC-M1V3-OBS-T01-J54-A-20260804T063021Z|P1,Town01:junction:54,HIST,Always Clarify,TASK_DIVERGENT,True,1.0,0.0,1.0,,1.0,BALANCED_INTENT_WEIGHTED
PUBLIC_a4f21f92d333948e9815b5c4,TOWN01_JUNCTION_54_UNIT01|CFG_LONGER_VS_SHARPER|DC-M1V3-OBS-T01-J54-A-20260804T063021Z|P1,Town01:junction:54,HIST,Ambiguity-Only,TASK_DIVERGENT,True,1.0,0.0,1.0,,1.0,BALANCED_INTENT_WEIGHTED
PUBLIC_a4f21f92d333948e9815b5c4,TOWN01_JUNCTION_54_UNIT01|CFG_LONGER_VS_SHARPER|DC-M1V3-OBS-T01-J54-A-20260804T063021Z|P1,Town01:junction:54,HIST,Trajectory-Distance,TASK_DIVERGENT,True,0.5,0.5,0.0,,1.0,BALANCED_INTENT_WEIGHTED
PUBLIC_a4f21f92d333948e9815b5c4,TOWN01_JUNCTION_54_UNIT01|CFG_LONGER_VS_SHARPER|DC-M1V3-OBS-T01-J54-A-20260804T063021Z|P1,Town01:junction:54,HIST,Random-Query@matched-rate,TASK_DIVERGENT,True,0.6666666666666666,0.33333333333333337,0.3333333333333333,,1.0,RANDOMIZATION_EXPECTATION
PUBLIC_a4f21f92d333948e9815b5c4,TOWN01_JUNCTION_54_UNIT01|CFG_LONGER_VS_SHARPER|DC-M1V3-OBS-T01-J54-A-20260804T063021Z|P1,Town01:junction:54,HIST,DriveClarify,TASK_DIVERGENT,True,1.0,0.0,1.0,,1.0,BALANCED_INTENT_WEIGHTED
PUBLIC_0882e57ea1a13a297259199d,TOWN01_JUNCTION_54_UNIT01|CFG_LONGER_VS_SHARPER|DC-M1V3-OBS-T01-J54-A-20260804T063021Z|P2,Town01:junction:54,HIST,Never Clarify,TASK_DIVERGENT,True,0.5,0.5,0.0,,1.0,BALANCED_INTENT_WEIGHTED
PUBLIC_0882e57ea1a13a297259199d,TOWN01_JUNCTION_54_UNIT01|CFG_LONGER_VS_SHARPER|DC-M1V3-OBS-T01-J54-A-20260804T063021Z|P2,Town01:junction:54,HIST,Always Clarify,TASK_DIVERGENT,True,1.0,0.0,1.0,,1.0,BALANCED_INTENT_WEIGHTED
PUBLIC_0882e57ea1a13a297259199d,TOWN01_JUNCTION_54_UNIT01|CFG_LONGER_VS_SHARPER|DC-M1V3-OBS-T01-J54-A-20260804T063021Z|P2,Town01:junction:54,HIST,Ambiguity-Only,TASK_DIVERGENT,True,1.0,0.0,1.0,,1.0,BALANCED_INTENT_WEIGHTED
PUBLIC_0882e57ea1a13a297259199d,TOWN01_JUNCTION_54_UNIT01|CFG_LONGER_VS_SHARPER|DC-M1V3-OBS-T01-J54-A-20260804T063021Z|P2,Town01:junction:54,HIST,Trajectory-Distance,TASK_DIVERGENT,True,1.0,0.0,1.0,,1.0,BALANCED_INTENT_WEIGHTED
PUBLIC_0882e57ea1a13a297259199d,TOWN01_JUNCTION_54_UNIT01|CFG_LONGER_VS_SHARPER|DC-M1V3-OBS-T01-J54-A-20260804T063021Z|P2,Town01:junction:54,HIST,Random-Query@matched-rate,TASK_DIVERGENT,True,0.6666666666666666,0.33333333333333337,0.3333333333333333,,1.0,RANDOMIZATION_EXPECTATION
PUBLIC_0882e57ea1a13a297259199d,TOWN01_JUNCTION_54_UNIT01|CFG_LONGER_VS_SHARPER|DC-M1V3-OBS-T01-J54-A-20260804T063021Z|P2,Town01:junction:54,HIST,DriveClarify,TASK_DIVERGENT,True,1.0,0.0,1.0,,1.0,BALANCED_INTENT_WEIGHTED
PUBLIC_052ac4317e503584801352a0,TOWN01_JUNCTION_54_UNIT01|CFG_SAME_EXPRESSION|DC-M1V3-OBS-T01-J54-A-20260804T063021Z|P1,Town01:junction:54,HIST,Never Clarify,TASK_EQUIVALENT,True,1.0,0.0,0.0,0.0,1.0,BALANCED_INTENT_WEIGHTED
PUBLIC_052ac4317e503584801352a0,TOWN01_JUNCTION_54_UNIT01|CFG_SAME_EXPRESSION|DC-M1V3-OBS-T01-J54-A-20260804T063021Z|P1,Town01:junction:54,HIST,Always Clarify,TASK_EQUIVALENT,True,1.0,0.0,1.0,1.0,1.0,BALANCED_INTENT_WEIGHTED
PUBLIC_052ac4317e503584801352a0,TOWN01_JUNCTION_54_UNIT01|CFG_SAME_EXPRESSION|DC-M1V3-OBS-T01-J54-A-20260804T063021Z|P1,Town01:junction:54,HIST,Ambiguity-Only,TASK_EQUIVALENT,True,1.0,0.0,1.0,1.0,1.0,BALANCED_INTENT_WEIGHTED
PUBLIC_052ac4317e503584801352a0,TOWN01_JUNCTION_54_UNIT01|CFG_SAME_EXPRESSION|DC-M1V3-OBS-T01-J54-A-20260804T063021Z|P1,Town01:junction:54,HIST,Trajectory-Distance,TASK_EQUIVALENT,True,1.0,0.0,0.0,0.0,1.0,BALANCED_INTENT_WEIGHTED
PUBLIC_052ac4317e503584801352a0,TOWN01_JUNCTION_54_UNIT01|CFG_SAME_EXPRESSION|DC-M1V3-OBS-T01-J54-A-20260804T063021Z|P1,Town01:junction:54,HIST,Random-Query@matched-rate,TASK_EQUIVALENT,True,1.0,0.0,0.3333333333333333,0.3333333333333333,1.0,RANDOMIZATION_EXPECTATION
PUBLIC_052ac4317e503584801352a0,TOWN01_JUNCTION_54_UNIT01|CFG_SAME_EXPRESSION|DC-M1V3-OBS-T01-J54-A-20260804T063021Z|P1,Town01:junction:54,HIST,DriveClarify,TASK_EQUIVALENT,True,1.0,0.0,0.0,0.0,1.0,BALANCED_INTENT_WEIGHTED
PUBLIC_1445a0c0deb4162724d5d313,TOWN01_JUNCTION_54_UNIT01|CFG_SAME_EXPRESSION|DC-M1V3-OBS-T01-J54-A-20260804T063021Z|P2,Town01:junction:54,HIST,Never Clarify,TASK_EQUIVALENT,True,1.0,0.0,0.0,0.0,1.0,BALANCED_INTENT_WEIGHTED
PUBLIC_1445a0c0deb4162724d5d313,TOWN01_JUNCTION_54_UNIT01|CFG_SAME_EXPRESSION|DC-M1V3-OBS-T01-J54-A-20260804T063021Z|P2,Town01:junction:54,HIST,Always Clarify,TASK_EQUIVALENT,True,1.0,0.0,1.0,1.0,1.0,BALANCED_INTENT_WEIGHTED
PUBLIC_1445a0c0deb4162724d5d313,TOWN01_JUNCTION_54_UNIT01|CFG_SAME_EXPRESSION|DC-M1V3-OBS-T01-J54-A-20260804T063021Z|P2,Town01:junction:54,HIST,Ambiguity-Only,TASK_EQUIVALENT,True,1.0,0.0,1.0,1.0,1.0,BALANCED_INTENT_WEIGHTED
PUBLIC_1445a0c0deb4162724d5d313,TOWN01_JUNCTION_54_UNIT01|CFG_SAME_EXPRESSION|DC-M1V3-OBS-T01-J54-A-20260804T063021Z|P2,Town01:junction:54,HIST,Trajectory-Distance,TASK_EQUIVALENT,True,1.0,0.0,0.0,0.0,1.0,BALANCED_INTENT_WEIGHTED
PUBLIC_1445a0c0deb4162724d5d313,TOWN01_JUNCTION_54_UNIT01|CFG_SAME_EXPRESSION|DC-M1V3-OBS-T01-J54-A-20260804T063021Z|P2,Town01:junction:54,HIST,Random-Query@matched-rate,TASK_EQUIVALENT,True,1.0,0.0,0.3333333333333333,0.3333333333333333,1.0,RANDOMIZATION_EXPECTATION
PUBLIC_1445a0c0deb4162724d5d313,TOWN01_JUNCTION_54_UNIT01|CFG_SAME_EXPRESSION|DC-M1V3-OBS-T01-J54-A-20260804T063021Z|P2,Town01:junction:54,HIST,DriveClarify,TASK_EQUIVALENT,True,1.0,0.0,0.0,0.0,1.0,BALANCED_INTENT_WEIGHTED
PUBLIC_5063e5d60478d6b5f4770681,TOWN01_JUNCTION_54_UNIT01|CFG_EVIDENCE_INSUFFICIENT|DC-M1V3-OBS-T01-J54-A-20260804T063021Z|P1,Town01:junction:54,HIST,Never Clarify,,False,,,0.0,,1.0,BALANCED_INTENT_WEIGHTED
PUBLIC_5063e5d60478d6b5f4770681,TOWN01_JUNCTION_54_UNIT01|CFG_EVIDENCE_INSUFFICIENT|DC-M1V3-OBS-T01-J54-A-20260804T063021Z|P1,Town01:junction:54,HIST,Always Clarify,,False,,,1.0,,1.0,BALANCED_INTENT_WEIGHTED
PUBLIC_5063e5d60478d6b5f4770681,TOWN01_JUNCTION_54_UNIT01|CFG_EVIDENCE_INSUFFICIENT|DC-M1V3-OBS-T01-J54-A-20260804T063021Z|P1,Town01:junction:54,HIST,Ambiguity-Only,,False,,,1.0,,1.0,BALANCED_INTENT_WEIGHTED
PUBLIC_5063e5d60478d6b5f4770681,TOWN01_JUNCTION_54_UNIT01|CFG_EVIDENCE_INSUFFICIENT|DC-M1V3-OBS-T01-J54-A-20260804T063021Z|P1,Town01:junction:54,HIST,Trajectory-Distance,,False,,,0.0,,1.0,BALANCED_INTENT_WEIGHTED
PUBLIC_5063e5d60478d6b5f4770681,TOWN01_JUNCTION_54_UNIT01|CFG_EVIDENCE_INSUFFICIENT|DC-M1V3-OBS-T01-J54-A-20260804T063021Z|P1,Town01:junction:54,HIST,Random-Query@matched-rate,,False,,,0.3333333333333333,,1.0,RANDOMIZATION_EXPECTATION
PUBLIC_5063e5d60478d6b5f4770681,TOWN01_JUNCTION_54_UNIT01|CFG_EVIDENCE_INSUFFICIENT|DC-M1V3-OBS-T01-J54-A-20260804T063021Z|P1,Town01:junction:54,HIST,DriveClarify,,False,,,0.0,,0.0,BALANCED_INTENT_WEIGHTED
PUBLIC_8cdff06caf385e7f429ddbb2,TOWN01_JUNCTION_54_UNIT01|CFG_EVIDENCE_INSUFFICIENT|DC-M1V3-OBS-T01-J54-A-20260804T063021Z|P2,Town01:junction:54,HIST,Never Clarify,,False,,,0.0,,1.0,BALANCED_INTENT_WEIGHTED
PUBLIC_8cdff06caf385e7f429ddbb2,TOWN01_JUNCTION_54_UNIT01|CFG_EVIDENCE_INSUFFICIENT|DC-M1V3-OBS-T01-J54-A-20260804T063021Z|P2,Town01:junction:54,HIST,Always Clarify,,False,,,1.0,,1.0,BALANCED_INTENT_WEIGHTED
PUBLIC_8cdff06caf385e7f429ddbb2,TOWN01_JUNCTION_54_UNIT01|CFG_EVIDENCE_INSUFFICIENT|DC-M1V3-OBS-T01-J54-A-20260804T063021Z|P2,Town01:junction:54,HIST,Ambiguity-Only,,False,,,1.0,,1.0,BALANCED_INTENT_WEIGHTED
PUBLIC_8cdff06caf385e7f429ddbb2,TOWN01_JUNCTION_54_UNIT01|CFG_EVIDENCE_INSUFFICIENT|DC-M1V3-OBS-T01-J54-A-20260804T063021Z|P2,Town01:junction:54,HIST,Trajectory-Distance,,False,,,0.0,,1.0,BALANCED_INTENT_WEIGHTED
PUBLIC_8cdff06caf385e7f429ddbb2,TOWN01_JUNCTION_54_UNIT01|CFG_EVIDENCE_INSUFFICIENT|DC-M1V3-OBS-T01-J54-A-20260804T063021Z|P2,Town01:junction:54,HIST,Random-Query@matched-rate,,False,,,0.3333333333333333,,1.0,RANDOMIZATION_EXPECTATION
PUBLIC_8cdff06caf385e7f429ddbb2,TOWN01_JUNCTION_54_UNIT01|CFG_EVIDENCE_INSUFFICIENT|DC-M1V3-OBS-T01-J54-A-20260804T063021Z|P2,Town01:junction:54,HIST,DriveClarify,,False,,,0.0,,0.0,BALANCED_INTENT_WEIGHTED
PUBLIC_ac6a81ad81399283cfdf3c8c,TOWN01_JUNCTION_87_UNIT01|CFG_LONGER_VS_STRAIGHTER|DC-M1V3-OBS-T01-J87-A-20260804T063022Z|P1,Town01:junction:87,HIST,Never Clarify,TASK_DIVERGENT,True,0.5,0.5,0.0,,1.0,BALANCED_INTENT_WEIGHTED
PUBLIC_ac6a81ad81399283cfdf3c8c,TOWN01_JUNCTION_87_UNIT01|CFG_LONGER_VS_STRAIGHTER|DC-M1V3-OBS-T01-J87-A-20260804T063022Z|P1,Town01:junction:87,HIST,Always Clarify,TASK_DIVERGENT,True,1.0,0.0,1.0,,1.0,BALANCED_INTENT_WEIGHTED
PUBLIC_ac6a81ad81399283cfdf3c8c,TOWN01_JUNCTION_87_UNIT01|CFG_LONGER_VS_STRAIGHTER|DC-M1V3-OBS-T01-J87-A-20260804T063022Z|P1,Town01:junction:87,HIST,Ambiguity-Only,TASK_DIVERGENT,True,1.0,0.0,1.0,,1.0,BALANCED_INTENT_WEIGHTED
PUBLIC_ac6a81ad81399283cfdf3c8c,TOWN01_JUNCTION_87_UNIT01|CFG_LONGER_VS_STRAIGHTER|DC-M1V3-OBS-T01-J87-A-20260804T063022Z|P1,Town01:junction:87,HIST,Trajectory-Distance,TASK_DIVERGENT,True,1.0,0.0,1.0,,1.0,BALANCED_INTENT_WEIGHTED
PUBLIC_ac6a81ad81399283cfdf3c8c,TOWN01_JUNCTION_87_UNIT01|CFG_LONGER_VS_STRAIGHTER|DC-M1V3-OBS-T01-J87-A-20260804T063022Z|P1,Town01:junction:87,HIST,Random-Query@matched-rate,TASK_DIVERGENT,True,0.6666666666666666,0.33333333333333337,0.3333333333333333,,1.0,RANDOMIZATION_EXPECTATION
PUBLIC_ac6a81ad81399283cfdf3c8c,TOWN01_JUNCTION_87_UNIT01|CFG_LONGER_VS_STRAIGHTER|DC-M1V3-OBS-T01-J87-A-20260804T063022Z|P1,Town01:junction:87,HIST,DriveClarify,TASK_DIVERGENT,True,1.0,0.0,1.0,,1.0,BALANCED_INTENT_WEIGHTED
PUBLIC_760f63e324f06f3efdaf2092,TOWN01_JUNCTION_87_UNIT01|CFG_LONGER_VS_STRAIGHTER|DC-M1V3-OBS-T01-J87-A-20260804T063022Z|P2,Town01:junction:87,HIST,Never Clarify,TASK_DIVERGENT,True,0.5,0.5,0.0,,1.0,BALANCED_INTENT_WEIGHTED
PUBLIC_760f63e324f06f3efdaf2092,TOWN01_JUNCTION_87_UNIT01|CFG_LONGER_VS_STRAIGHTER|DC-M1V3-OBS-T01-J87-A-20260804T063022Z|P2,Town01:junction:87,HIST,Always Clarify,TASK_DIVERGENT,True,1.0,0.0,1.0,,1.0,BALANCED_INTENT_WEIGHTED
PUBLIC_760f63e324f06f3efdaf2092,TOWN01_JUNCTION_87_UNIT01|CFG_LONGER_VS_STRAIGHTER|DC-M1V3-OBS-T01-J87-A-20260804T063022Z|P2,Town01:junction:87,HIST,Ambiguity-Only,TASK_DIVERGENT,True,1.0,0.0,1.0,,1.0,BALANCED_INTENT_WEIGHTED
PUBLIC_760f63e324f06f3efdaf2092,TOWN01_JUNCTION_87_UNIT01|CFG_LONGER_VS_STRAIGHTER|DC-M1V3-OBS-T01-J87-A-20260804T063022Z|P2,Town01:junction:87,HIST,Trajectory-Distance,TASK_DIVERGENT,True,0.5,0.5,0.0,,1.0,BALANCED_INTENT_WEIGHTED
PUBLIC_760f63e324f06f3efdaf2092,TOWN01_JUNCTION_87_UNIT01|CFG_LONGER_VS_STRAIGHTER|DC-M1V3-OBS-T01-J87-A-20260804T063022Z|P2,Town01:junction:87,HIST,Random-Query@matched-rate,TASK_DIVERGENT,True,0.6666666666666666,0.33333333333333337,0.3333333333333333,,1.0,RANDOMIZATION_EXPECTATION
PUBLIC_760f63e324f06f3efdaf2092,TOWN01_JUNCTION_87_UNIT01|CFG_LONGER_VS_STRAIGHTER|DC-M1V3-OBS-T01-J87-A-20260804T063022Z|P2,Town01:junction:87,HIST,DriveClarify,TASK_DIVERGENT,True,1.0,0.0,1.0,,1.0,BALANCED_INTENT_WEIGHTED
PUBLIC_98dcc3ed75d549297c21cce4,TOWN01_JUNCTION_87_UNIT01|CFG_LONGER_VS_SHARPER|DC-M1V3-OBS-T01-J87-A-20260804T063022Z|P1,Town01:junction:87,HIST,Never Clarify,TASK_EQUIVALENT,True,1.0,0.0,0.0,0.0,1.0,BALANCED_INTENT_WEIGHTED
PUBLIC_98dcc3ed75d549297c21cce4,TOWN01_JUNCTION_87_UNIT01|CFG_LONGER_VS_SHARPER|DC-M1V3-OBS-T01-J87-A-20260804T063022Z|P1,Town01:junction:87,HIST,Always Clarify,TASK_EQUIVALENT,True,1.0,0.0,1.0,1.0,1.0,BALANCED_INTENT_WEIGHTED
PUBLIC_98dcc3ed75d549297c21cce4,TOWN01_JUNCTION_87_UNIT01|CFG_LONGER_VS_SHARPER|DC-M1V3-OBS-T01-J87-A-20260804T063022Z|P1,Town01:junction:87,HIST,Ambiguity-Only,TASK_EQUIVALENT,True,1.0,0.0,1.0,1.0,1.0,BALANCED_INTENT_WEIGHTED
PUBLIC_98dcc3ed75d549297c21cce4,TOWN01_JUNCTION_87_UNIT01|CFG_LONGER_VS_SHARPER|DC-M1V3-OBS-T01-J87-A-20260804T063022Z|P1,Town01:junction:87,HIST,Trajectory-Distance,TASK_EQUIVALENT,True,1.0,0.0,1.0,1.0,1.0,BALANCED_INTENT_WEIGHTED
PUBLIC_98dcc3ed75d549297c21cce4,TOWN01_JUNCTION_87_UNIT01|CFG_LONGER_VS_SHARPER|DC-M1V3-OBS-T01-J87-A-20260804T063022Z|P1,Town01:junction:87,HIST,Random-Query@matched-rate,TASK_EQUIVALENT,True,1.0,0.0,0.3333333333333333,0.3333333333333333,1.0,RANDOMIZATION_EXPECTATION
PUBLIC_98dcc3ed75d549297c21cce4,TOWN01_JUNCTION_87_UNIT01|CFG_LONGER_VS_SHARPER|DC-M1V3-OBS-T01-J87-A-20260804T063022Z|P1,Town01:junction:87,HIST,DriveClarify,TASK_EQUIVALENT,True,1.0,0.0,0.0,0.0,1.0,BALANCED_INTENT_WEIGHTED
PUBLIC_22a47322dabcece9d343134f,TOWN01_JUNCTION_87_UNIT01|CFG_LONGER_VS_SHARPER|DC-M1V3-OBS-T01-J87-A-20260804T063022Z|P2,Town01:junction:87,HIST,Never Clarify,TASK_EQUIVALENT,True,1.0,0.0,0.0,0.0,1.0,BALANCED_INTENT_WEIGHTED
PUBLIC_22a47322dabcece9d343134f,TOWN01_JUNCTION_87_UNIT01|CFG_LONGER_VS_SHARPER|DC-M1V3-OBS-T01-J87-A-20260804T063022Z|P2,Town01:junction:87,HIST,Always Clarify,TASK_EQUIVALENT,True,1.0,0.0,1.0,1.0,1.0,BALANCED_INTENT_WEIGHTED
PUBLIC_22a47322dabcece9d343134f,TOWN01_JUNCTION_87_UNIT01|CFG_LONGER_VS_SHARPER|DC-M1V3-OBS-T01-J87-A-20260804T063022Z|P2,Town01:junction:87,HIST,Ambiguity-Only,TASK_EQUIVALENT,True,1.0,0.0,1.0,1.0,1.0,BALANCED_INTENT_WEIGHTED
PUBLIC_22a47322dabcece9d343134f,TOWN01_JUNCTION_87_UNIT01|CFG_LONGER_VS_SHARPER|DC-M1V3-OBS-T01-J87-A-20260804T063022Z|P2,Town01:junction:87,HIST,Trajectory-Distance,TASK_EQUIVALENT,True,1.0,0.0,0.0,0.0,1.0,BALANCED_INTENT_WEIGHTED
PUBLIC_22a47322dabcece9d343134f,TOWN01_JUNCTION_87_UNIT01|CFG_LONGER_VS_SHARPER|DC-M1V3-OBS-T01-J87-A-20260804T063022Z|P2,Town01:junction:87,HIST,Random-Query@matched-rate,TASK_EQUIVALENT,True,1.0,0.0,0.3333333333333333,0.3333333333333333,1.0,RANDOMIZATION_EXPECTATION
PUBLIC_22a47322dabcece9d343134f,TOWN01_JUNCTION_87_UNIT01|CFG_LONGER_VS_SHARPER|DC-M1V3-OBS-T01-J87-A-20260804T063022Z|P2,Town01:junction:87,HIST,DriveClarify,TASK_EQUIVALENT,True,1.0,0.0,0.0,0.0,1.0,BALANCED_INTENT_WEIGHTED
PUBLIC_d9857e4ef79a965286feb0c1,TOWN01_JUNCTION_87_UNIT01|CFG_SAME_EXPRESSION|DC-M1V3-OBS-T01-J87-A-20260804T063022Z|P1,Town01:junction:87,HIST,Never Clarify,TASK_EQUIVALENT,True,1.0,0.0,0.0,0.0,1.0,BALANCED_INTENT_WEIGHTED
PUBLIC_d9857e4ef79a965286feb0c1,TOWN01_JUNCTION_87_UNIT01|CFG_SAME_EXPRESSION|DC-M1V3-OBS-T01-J87-A-20260804T063022Z|P1,Town01:junction:87,HIST,Always Clarify,TASK_EQUIVALENT,True,1.0,0.0,1.0,1.0,1.0,BALANCED_INTENT_WEIGHTED
PUBLIC_d9857e4ef79a965286feb0c1,TOWN01_JUNCTION_87_UNIT01|CFG_SAME_EXPRESSION|DC-M1V3-OBS-T01-J87-A-20260804T063022Z|P1,Town01:junction:87,HIST,Ambiguity-Only,TASK_EQUIVALENT,True,1.0,0.0,1.0,1.0,1.0,BALANCED_INTENT_WEIGHTED
PUBLIC_d9857e4ef79a965286feb0c1,TOWN01_JUNCTION_87_UNIT01|CFG_SAME_EXPRESSION|DC-M1V3-OBS-T01-J87-A-20260804T063022Z|P1,Town01:junction:87,HIST,Trajectory-Distance,TASK_EQUIVALENT,True,1.0,0.0,0.0,0.0,1.0,BALANCED_INTENT_WEIGHTED
PUBLIC_d9857e4ef79a965286feb0c1,TOWN01_JUNCTION_87_UNIT01|CFG_SAME_EXPRESSION|DC-M1V3-OBS-T01-J87-A-20260804T063022Z|P1,Town01:junction:87,HIST,Random-Query@matched-rate,TASK_EQUIVALENT,True,1.0,0.0,0.3333333333333333,0.3333333333333333,1.0,RANDOMIZATION_EXPECTATION
PUBLIC_d9857e4ef79a965286feb0c1,TOWN01_JUNCTION_87_UNIT01|CFG_SAME_EXPRESSION|DC-M1V3-OBS-T01-J87-A-20260804T063022Z|P1,Town01:junction:87,HIST,DriveClarify,TASK_EQUIVALENT,True,1.0,0.0,0.0,0.0,1.0,BALANCED_INTENT_WEIGHTED
PUBLIC_75bc3b3d9c316cdb8f826e13,TOWN01_JUNCTION_87_UNIT01|CFG_SAME_EXPRESSION|DC-M1V3-OBS-T01-J87-A-20260804T063022Z|P2,Town01:junction:87,HIST,Never Clarify,TASK_EQUIVALENT,True,1.0,0.0,0.0,0.0,1.0,BALANCED_INTENT_WEIGHTED
PUBLIC_75bc3b3d9c316cdb8f826e13,TOWN01_JUNCTION_87_UNIT01|CFG_SAME_EXPRESSION|DC-M1V3-OBS-T01-J87-A-20260804T063022Z|P2,Town01:junction:87,HIST,Always Clarify,TASK_EQUIVALENT,True,1.0,0.0,1.0,1.0,1.0,BALANCED_INTENT_WEIGHTED
PUBLIC_75bc3b3d9c316cdb8f826e13,TOWN01_JUNCTION_87_UNIT01|CFG_SAME_EXPRESSION|DC-M1V3-OBS-T01-J87-A-20260804T063022Z|P2,Town01:junction:87,HIST,Ambiguity-Only,TASK_EQUIVALENT,True,1.0,0.0,1.0,1.0,1.0,BALANCED_INTENT_WEIGHTED
PUBLIC_75bc3b3d9c316cdb8f826e13,TOWN01_JUNCTION_87_UNIT01|CFG_SAME_EXPRESSION|DC-M1V3-OBS-T01-J87-A-20260804T063022Z|P2,Town01:junction:87,HIST,Trajectory-Distance,TASK_EQUIVALENT,True,1.0,0.0,0.0,0.0,1.0,BALANCED_INTENT_WEIGHTED
PUBLIC_75bc3b3d9c316cdb8f826e13,TOWN01_JUNCTION_87_UNIT01|CFG_SAME_EXPRESSION|DC-M1V3-OBS-T01-J87-A-20260804T063022Z|P2,Town01:junction:87,HIST,Random-Query@matched-rate,TASK_EQUIVALENT,True,1.0,0.0,0.3333333333333333,0.3333333333333333,1.0,RANDOMIZATION_EXPECTATION
PUBLIC_75bc3b3d9c316cdb8f826e13,TOWN01_JUNCTION_87_UNIT01|CFG_SAME_EXPRESSION|DC-M1V3-OBS-T01-J87-A-20260804T063022Z|P2,Town01:junction:87,HIST,DriveClarify,TASK_EQUIVALENT,True,1.0,0.0,0.0,0.0,1.0,BALANCED_INTENT_WEIGHTED
PUBLIC_15d0d599302d8c7fa066b2c0,TOWN01_JUNCTION_87_UNIT01|CFG_EVIDENCE_INSUFFICIENT|DC-M1V3-OBS-T01-J87-A-20260804T063022Z|P1,Town01:junction:87,HIST,Never Clarify,,False,,,0.0,,1.0,BALANCED_INTENT_WEIGHTED
PUBLIC_15d0d599302d8c7fa066b2c0,TOWN01_JUNCTION_87_UNIT01|CFG_EVIDENCE_INSUFFICIENT|DC-M1V3-OBS-T01-J87-A-20260804T063022Z|P1,Town01:junction:87,HIST,Always Clarify,,False,,,1.0,,1.0,BALANCED_INTENT_WEIGHTED
PUBLIC_15d0d599302d8c7fa066b2c0,TOWN01_JUNCTION_87_UNIT01|CFG_EVIDENCE_INSUFFICIENT|DC-M1V3-OBS-T01-J87-A-20260804T063022Z|P1,Town01:junction:87,HIST,Ambiguity-Only,,False,,,1.0,,1.0,BALANCED_INTENT_WEIGHTED
PUBLIC_15d0d599302d8c7fa066b2c0,TOWN01_JUNCTION_87_UNIT01|CFG_EVIDENCE_INSUFFICIENT|DC-M1V3-OBS-T01-J87-A-20260804T063022Z|P1,Town01:junction:87,HIST,Trajectory-Distance,,False,,,0.0,,1.0,BALANCED_INTENT_WEIGHTED
PUBLIC_15d0d599302d8c7fa066b2c0,TOWN01_JUNCTION_87_UNIT01|CFG_EVIDENCE_INSUFFICIENT|DC-M1V3-OBS-T01-J87-A-20260804T063022Z|P1,Town01:junction:87,HIST,Random-Query@matched-rate,,False,,,0.3333333333333333,,1.0,RANDOMIZATION_EXPECTATION
PUBLIC_15d0d599302d8c7fa066b2c0,TOWN01_JUNCTION_87_UNIT01|CFG_EVIDENCE_INSUFFICIENT|DC-M1V3-OBS-T01-J87-A-20260804T063022Z|P1,Town01:junction:87,HIST,DriveClarify,,False,,,0.0,,0.0,BALANCED_INTENT_WEIGHTED
PUBLIC_937282402216e1674aa481f3,TOWN01_JUNCTION_87_UNIT01|CFG_EVIDENCE_INSUFFICIENT|DC-M1V3-OBS-T01-J87-A-20260804T063022Z|P2,Town01:junction:87,HIST,Never Clarify,,False,,,0.0,,1.0,BALANCED_INTENT_WEIGHTED
PUBLIC_937282402216e1674aa481f3,TOWN01_JUNCTION_87_UNIT01|CFG_EVIDENCE_INSUFFICIENT|DC-M1V3-OBS-T01-J87-A-20260804T063022Z|P2,Town01:junction:87,HIST,Always Clarify,,False,,,1.0,,1.0,BALANCED_INTENT_WEIGHTED
PUBLIC_937282402216e1674aa481f3,TOWN01_JUNCTION_87_UNIT01|CFG_EVIDENCE_INSUFFICIENT|DC-M1V3-OBS-T01-J87-A-20260804T063022Z|P2,Town01:junction:87,HIST,Ambiguity-Only,,False,,,1.0,,1.0,BALANCED_INTENT_WEIGHTED
PUBLIC_937282402216e1674aa481f3,TOWN01_JUNCTION_87_UNIT01|CFG_EVIDENCE_INSUFFICIENT|DC-M1V3-OBS-T01-J87-A-20260804T063022Z|P2,Town01:junction:87,HIST,Trajectory-Distance,,False,,,0.0,,1.0,BALANCED_INTENT_WEIGHTED
PUBLIC_937282402216e1674aa481f3,TOWN01_JUNCTION_87_UNIT01|CFG_EVIDENCE_INSUFFICIENT|DC-M1V3-OBS-T01-J87-A-20260804T063022Z|P2,Town01:junction:87,HIST,Random-Query@matched-rate,,False,,,0.3333333333333333,,1.0,RANDOMIZATION_EXPECTATION
PUBLIC_937282402216e1674aa481f3,TOWN01_JUNCTION_87_UNIT01|CFG_EVIDENCE_INSUFFICIENT|DC-M1V3-OBS-T01-J87-A-20260804T063022Z|P2,Town01:junction:87,HIST,DriveClarify,,False,,,0.0,,0.0,BALANCED_INTENT_WEIGHTED
PUBLIC_a3c58f8477aa78b9d5ca182b,TOWN02_JUNCTION_76_UNIT01|CFG_LONGER_VS_STRAIGHTER|DC-M1V3-OBS-T02-J76-A-20260804T063016Z|P1,Town02:junction:76,HIST,Never Clarify,TASK_DIVERGENT,True,0.5,0.5,0.0,,1.0,BALANCED_INTENT_WEIGHTED
PUBLIC_a3c58f8477aa78b9d5ca182b,TOWN02_JUNCTION_76_UNIT01|CFG_LONGER_VS_STRAIGHTER|DC-M1V3-OBS-T02-J76-A-20260804T063016Z|P1,Town02:junction:76,HIST,Always Clarify,TASK_DIVERGENT,True,1.0,0.0,1.0,,1.0,BALANCED_INTENT_WEIGHTED
PUBLIC_a3c58f8477aa78b9d5ca182b,TOWN02_JUNCTION_76_UNIT01|CFG_LONGER_VS_STRAIGHTER|DC-M1V3-OBS-T02-J76-A-20260804T063016Z|P1,Town02:junction:76,HIST,Ambiguity-Only,TASK_DIVERGENT,True,1.0,0.0,1.0,,1.0,BALANCED_INTENT_WEIGHTED
PUBLIC_a3c58f8477aa78b9d5ca182b,TOWN02_JUNCTION_76_UNIT01|CFG_LONGER_VS_STRAIGHTER|DC-M1V3-OBS-T02-J76-A-20260804T063016Z|P1,Town02:junction:76,HIST,Trajectory-Distance,TASK_DIVERGENT,True,0.5,0.5,0.0,,1.0,BALANCED_INTENT_WEIGHTED
PUBLIC_a3c58f8477aa78b9d5ca182b,TOWN02_JUNCTION_76_UNIT01|CFG_LONGER_VS_STRAIGHTER|DC-M1V3-OBS-T02-J76-A-20260804T063016Z|P1,Town02:junction:76,HIST,Random-Query@matched-rate,TASK_DIVERGENT,True,0.6666666666666666,0.33333333333333337,0.3333333333333333,,1.0,RANDOMIZATION_EXPECTATION
PUBLIC_a3c58f8477aa78b9d5ca182b,TOWN02_JUNCTION_76_UNIT01|CFG_LONGER_VS_STRAIGHTER|DC-M1V3-OBS-T02-J76-A-20260804T063016Z|P1,Town02:junction:76,HIST,DriveClarify,TASK_DIVERGENT,True,1.0,0.0,1.0,,1.0,BALANCED_INTENT_WEIGHTED
PUBLIC_3b3b53eb8d969314f9873cff,TOWN02_JUNCTION_76_UNIT01|CFG_LONGER_VS_STRAIGHTER|DC-M1V3-OBS-T02-J76-A-20260804T063016Z|P2,Town02:junction:76,HIST,Never Clarify,TASK_DIVERGENT,True,0.5,0.5,0.0,,1.0,BALANCED_INTENT_WEIGHTED
PUBLIC_3b3b53eb8d969314f9873cff,TOWN02_JUNCTION_76_UNIT01|CFG_LONGER_VS_STRAIGHTER|DC-M1V3-OBS-T02-J76-A-20260804T063016Z|P2,Town02:junction:76,HIST,Always Clarify,TASK_DIVERGENT,True,1.0,0.0,1.0,,1.0,BALANCED_INTENT_WEIGHTED
PUBLIC_3b3b53eb8d969314f9873cff,TOWN02_JUNCTION_76_UNIT01|CFG_LONGER_VS_STRAIGHTER|DC-M1V3-OBS-T02-J76-A-20260804T063016Z|P2,Town02:junction:76,HIST,Ambiguity-Only,TASK_DIVERGENT,True,1.0,0.0,1.0,,1.0,BALANCED_INTENT_WEIGHTED
PUBLIC_3b3b53eb8d969314f9873cff,TOWN02_JUNCTION_76_UNIT01|CFG_LONGER_VS_STRAIGHTER|DC-M1V3-OBS-T02-J76-A-20260804T063016Z|P2,Town02:junction:76,HIST,Trajectory-Distance,TASK_DIVERGENT,True,0.5,0.5,0.0,,1.0,BALANCED_INTENT_WEIGHTED
PUBLIC_3b3b53eb8d969314f9873cff,TOWN02_JUNCTION_76_UNIT01|CFG_LONGER_VS_STRAIGHTER|DC-M1V3-OBS-T02-J76-A-20260804T063016Z|P2,Town02:junction:76,HIST,Random-Query@matched-rate,TASK_DIVERGENT,True,0.6666666666666666,0.33333333333333337,0.3333333333333333,,1.0,RANDOMIZATION_EXPECTATION
PUBLIC_3b3b53eb8d969314f9873cff,TOWN02_JUNCTION_76_UNIT01|CFG_LONGER_VS_STRAIGHTER|DC-M1V3-OBS-T02-J76-A-20260804T063016Z|P2,Town02:junction:76,HIST,DriveClarify,TASK_DIVERGENT,True,1.0,0.0,1.0,,1.0,BALANCED_INTENT_WEIGHTED
PUBLIC_8a08139174932cd5a68bd1a1,TOWN02_JUNCTION_76_UNIT01|CFG_LONGER_VS_SHARPER|DC-M1V3-OBS-T02-J76-A-20260804T063016Z|P1,Town02:junction:76,HIST,Never Clarify,TASK_EQUIVALENT,True,1.0,0.0,0.0,0.0,1.0,BALANCED_INTENT_WEIGHTED
PUBLIC_8a08139174932cd5a68bd1a1,TOWN02_JUNCTION_76_UNIT01|CFG_LONGER_VS_SHARPER|DC-M1V3-OBS-T02-J76-A-20260804T063016Z|P1,Town02:junction:76,HIST,Always Clarify,TASK_EQUIVALENT,True,1.0,0.0,1.0,1.0,1.0,BALANCED_INTENT_WEIGHTED
PUBLIC_8a08139174932cd5a68bd1a1,TOWN02_JUNCTION_76_UNIT01|CFG_LONGER_VS_SHARPER|DC-M1V3-OBS-T02-J76-A-20260804T063016Z|P1,Town02:junction:76,HIST,Ambiguity-Only,TASK_EQUIVALENT,True,1.0,0.0,1.0,1.0,1.0,BALANCED_INTENT_WEIGHTED
PUBLIC_8a08139174932cd5a68bd1a1,TOWN02_JUNCTION_76_UNIT01|CFG_LONGER_VS_SHARPER|DC-M1V3-OBS-T02-J76-A-20260804T063016Z|P1,Town02:junction:76,HIST,Trajectory-Distance,TASK_EQUIVALENT,True,1.0,0.0,0.0,0.0,1.0,BALANCED_INTENT_WEIGHTED
PUBLIC_8a08139174932cd5a68bd1a1,TOWN02_JUNCTION_76_UNIT01|CFG_LONGER_VS_SHARPER|DC-M1V3-OBS-T02-J76-A-20260804T063016Z|P1,Town02:junction:76,HIST,Random-Query@matched-rate,TASK_EQUIVALENT,True,1.0,0.0,0.3333333333333333,0.3333333333333333,1.0,RANDOMIZATION_EXPECTATION
PUBLIC_8a08139174932cd5a68bd1a1,TOWN02_JUNCTION_76_UNIT01|CFG_LONGER_VS_SHARPER|DC-M1V3-OBS-T02-J76-A-20260804T063016Z|P1,Town02:junction:76,HIST,DriveClarify,TASK_EQUIVALENT,True,1.0,0.0,0.0,0.0,1.0,BALANCED_INTENT_WEIGHTED
PUBLIC_f6d9fd354ffe49e0c725d012,TOWN02_JUNCTION_76_UNIT01|CFG_LONGER_VS_SHARPER|DC-M1V3-OBS-T02-J76-A-20260804T063016Z|P2,Town02:junction:76,HIST,Never Clarify,TASK_EQUIVALENT,True,1.0,0.0,0.0,0.0,1.0,BALANCED_INTENT_WEIGHTED
PUBLIC_f6d9fd354ffe49e0c725d012,TOWN02_JUNCTION_76_UNIT01|CFG_LONGER_VS_SHARPER|DC-M1V3-OBS-T02-J76-A-20260804T063016Z|P2,Town02:junction:76,HIST,Always Clarify,TASK_EQUIVALENT,True,1.0,0.0,1.0,1.0,1.0,BALANCED_INTENT_WEIGHTED
PUBLIC_f6d9fd354ffe49e0c725d012,TOWN02_JUNCTION_76_UNIT01|CFG_LONGER_VS_SHARPER|DC-M1V3-OBS-T02-J76-A-20260804T063016Z|P2,Town02:junction:76,HIST,Ambiguity-Only,TASK_EQUIVALENT,True,1.0,0.0,1.0,1.0,1.0,BALANCED_INTENT_WEIGHTED
PUBLIC_f6d9fd354ffe49e0c725d012,TOWN02_JUNCTION_76_UNIT01|CFG_LONGER_VS_SHARPER|DC-M1V3-OBS-T02-J76-A-20260804T063016Z|P2,Town02:junction:76,HIST,Trajectory-Distance,TASK_EQUIVALENT,True,1.0,0.0,0.0,0.0,1.0,BALANCED_INTENT_WEIGHTED
PUBLIC_f6d9fd354ffe49e0c725d012,TOWN02_JUNCTION_76_UNIT01|CFG_LONGER_VS_SHARPER|DC-M1V3-OBS-T02-J76-A-20260804T063016Z|P2,Town02:junction:76,HIST,Random-Query@matched-rate,TASK_EQUIVALENT,True,1.0,0.0,0.3333333333333333,0.3333333333333333,1.0,RANDOMIZATION_EXPECTATION
PUBLIC_f6d9fd354ffe49e0c725d012,TOWN02_JUNCTION_76_UNIT01|CFG_LONGER_VS_SHARPER|DC-M1V3-OBS-T02-J76-A-20260804T063016Z|P2,Town02:junction:76,HIST,DriveClarify,TASK_EQUIVALENT,True,1.0,0.0,0.0,0.0,1.0,BALANCED_INTENT_WEIGHTED
PUBLIC_d542e331acc9185e2a02aeda,TOWN02_JUNCTION_76_UNIT01|CFG_SAME_EXPRESSION|DC-M1V3-OBS-T02-J76-A-20260804T063016Z|P1,Town02:junction:76,HIST,Never Clarify,TASK_EQUIVALENT,True,1.0,0.0,0.0,0.0,1.0,BALANCED_INTENT_WEIGHTED
PUBLIC_d542e331acc9185e2a02aeda,TOWN02_JUNCTION_76_UNIT01|CFG_SAME_EXPRESSION|DC-M1V3-OBS-T02-J76-A-20260804T063016Z|P1,Town02:junction:76,HIST,Always Clarify,TASK_EQUIVALENT,True,1.0,0.0,1.0,1.0,1.0,BALANCED_INTENT_WEIGHTED
PUBLIC_d542e331acc9185e2a02aeda,TOWN02_JUNCTION_76_UNIT01|CFG_SAME_EXPRESSION|DC-M1V3-OBS-T02-J76-A-20260804T063016Z|P1,Town02:junction:76,HIST,Ambiguity-Only,TASK_EQUIVALENT,True,1.0,0.0,1.0,1.0,1.0,BALANCED_INTENT_WEIGHTED
PUBLIC_d542e331acc9185e2a02aeda,TOWN02_JUNCTION_76_UNIT01|CFG_SAME_EXPRESSION|DC-M1V3-OBS-T02-J76-A-20260804T063016Z|P1,Town02:junction:76,HIST,Trajectory-Distance,TASK_EQUIVALENT,True,1.0,0.0,0.0,0.0,1.0,BALANCED_INTENT_WEIGHTED
PUBLIC_d542e331acc9185e2a02aeda,TOWN02_JUNCTION_76_UNIT01|CFG_SAME_EXPRESSION|DC-M1V3-OBS-T02-J76-A-20260804T063016Z|P1,Town02:junction:76,HIST,Random-Query@matched-rate,TASK_EQUIVALENT,True,1.0,0.0,0.3333333333333333,0.3333333333333333,1.0,RANDOMIZATION_EXPECTATION
PUBLIC_d542e331acc9185e2a02aeda,TOWN02_JUNCTION_76_UNIT01|CFG_SAME_EXPRESSION|DC-M1V3-OBS-T02-J76-A-20260804T063016Z|P1,Town02:junction:76,HIST,DriveClarify,TASK_EQUIVALENT,True,1.0,0.0,0.0,0.0,1.0,BALANCED_INTENT_WEIGHTED
PUBLIC_ec2ff1276c6bde1e50fea5d2,TOWN02_JUNCTION_76_UNIT01|CFG_SAME_EXPRESSION|DC-M1V3-OBS-T02-J76-A-20260804T063016Z|P2,Town02:junction:76,HIST,Never Clarify,TASK_EQUIVALENT,True,1.0,0.0,0.0,0.0,1.0,BALANCED_INTENT_WEIGHTED
PUBLIC_ec2ff1276c6bde1e50fea5d2,TOWN02_JUNCTION_76_UNIT01|CFG_SAME_EXPRESSION|DC-M1V3-OBS-T02-J76-A-20260804T063016Z|P2,Town02:junction:76,HIST,Always Clarify,TASK_EQUIVALENT,True,1.0,0.0,1.0,1.0,1.0,BALANCED_INTENT_WEIGHTED
PUBLIC_ec2ff1276c6bde1e50fea5d2,TOWN02_JUNCTION_76_UNIT01|CFG_SAME_EXPRESSION|DC-M1V3-OBS-T02-J76-A-20260804T063016Z|P2,Town02:junction:76,HIST,Ambiguity-Only,TASK_EQUIVALENT,True,1.0,0.0,1.0,1.0,1.0,BALANCED_INTENT_WEIGHTED
PUBLIC_ec2ff1276c6bde1e50fea5d2,TOWN02_JUNCTION_76_UNIT01|CFG_SAME_EXPRESSION|DC-M1V3-OBS-T02-J76-A-20260804T063016Z|P2,Town02:junction:76,HIST,Trajectory-Distance,TASK_EQUIVALENT,True,1.0,0.0,0.0,0.0,1.0,BALANCED_INTENT_WEIGHTED
PUBLIC_ec2ff1276c6bde1e50fea5d2,TOWN02_JUNCTION_76_UNIT01|CFG_SAME_EXPRESSION|DC-M1V3-OBS-T02-J76-A-20260804T063016Z|P2,Town02:junction:76,HIST,Random-Query@matched-rate,TASK_EQUIVALENT,True,1.0,0.0,0.3333333333333333,0.3333333333333333,1.0,RANDOMIZATION_EXPECTATION
PUBLIC_ec2ff1276c6bde1e50fea5d2,TOWN02_JUNCTION_76_UNIT01|CFG_SAME_EXPRESSION|DC-M1V3-OBS-T02-J76-A-20260804T063016Z|P2,Town02:junction:76,HIST,DriveClarify,TASK_EQUIVALENT,True,1.0,0.0,0.0,0.0,1.0,BALANCED_INTENT_WEIGHTED
PUBLIC_3675cab075f2fb0771d2ef45,TOWN02_JUNCTION_76_UNIT01|CFG_EVIDENCE_INSUFFICIENT|DC-M1V3-OBS-T02-J76-A-20260804T063016Z|P1,Town02:junction:76,HIST,Never Clarify,,False,,,0.0,,1.0,BALANCED_INTENT_WEIGHTED
PUBLIC_3675cab075f2fb0771d2ef45,TOWN02_JUNCTION_76_UNIT01|CFG_EVIDENCE_INSUFFICIENT|DC-M1V3-OBS-T02-J76-A-20260804T063016Z|P1,Town02:junction:76,HIST,Always Clarify,,False,,,1.0,,1.0,BALANCED_INTENT_WEIGHTED
PUBLIC_3675cab075f2fb0771d2ef45,TOWN02_JUNCTION_76_UNIT01|CFG_EVIDENCE_INSUFFICIENT|DC-M1V3-OBS-T02-J76-A-20260804T063016Z|P1,Town02:junction:76,HIST,Ambiguity-Only,,False,,,1.0,,1.0,BALANCED_INTENT_WEIGHTED
PUBLIC_3675cab075f2fb0771d2ef45,TOWN02_JUNCTION_76_UNIT01|CFG_EVIDENCE_INSUFFICIENT|DC-M1V3-OBS-T02-J76-A-20260804T063016Z|P1,Town02:junction:76,HIST,Trajectory-Distance,,False,,,0.0,,1.0,BALANCED_INTENT_WEIGHTED
PUBLIC_3675cab075f2fb0771d2ef45,TOWN02_JUNCTION_76_UNIT01|CFG_EVIDENCE_INSUFFICIENT|DC-M1V3-OBS-T02-J76-A-20260804T063016Z|P1,Town02:junction:76,HIST,Random-Query@matched-rate,,False,,,0.3333333333333333,,1.0,RANDOMIZATION_EXPECTATION
PUBLIC_3675cab075f2fb0771d2ef45,TOWN02_JUNCTION_76_UNIT01|CFG_EVIDENCE_INSUFFICIENT|DC-M1V3-OBS-T02-J76-A-20260804T063016Z|P1,Town02:junction:76,HIST,DriveClarify,,False,,,0.0,,0.0,BALANCED_INTENT_WEIGHTED
PUBLIC_dfc1053185fe845ad32f2dbe,TOWN02_JUNCTION_76_UNIT01|CFG_EVIDENCE_INSUFFICIENT|DC-M1V3-OBS-T02-J76-A-20260804T063016Z|P2,Town02:junction:76,HIST,Never Clarify,,False,,,0.0,,1.0,BALANCED_INTENT_WEIGHTED
PUBLIC_dfc1053185fe845ad32f2dbe,TOWN02_JUNCTION_76_UNIT01|CFG_EVIDENCE_INSUFFICIENT|DC-M1V3-OBS-T02-J76-A-20260804T063016Z|P2,Town02:junction:76,HIST,Always Clarify,,False,,,1.0,,1.0,BALANCED_INTENT_WEIGHTED
PUBLIC_dfc1053185fe845ad32f2dbe,TOWN02_JUNCTION_76_UNIT01|CFG_EVIDENCE_INSUFFICIENT|DC-M1V3-OBS-T02-J76-A-20260804T063016Z|P2,Town02:junction:76,HIST,Ambiguity-Only,,False,,,1.0,,1.0,BALANCED_INTENT_WEIGHTED
PUBLIC_dfc1053185fe845ad32f2dbe,TOWN02_JUNCTION_76_UNIT01|CFG_EVIDENCE_INSUFFICIENT|DC-M1V3-OBS-T02-J76-A-20260804T063016Z|P2,Town02:junction:76,HIST,Trajectory-Distance,,False,,,0.0,,1.0,BALANCED_INTENT_WEIGHTED
PUBLIC_dfc1053185fe845ad32f2dbe,TOWN02_JUNCTION_76_UNIT01|CFG_EVIDENCE_INSUFFICIENT|DC-M1V3-OBS-T02-J76-A-20260804T063016Z|P2,Town02:junction:76,HIST,Random-Query@matched-rate,,False,,,0.3333333333333333,,1.0,RANDOMIZATION_EXPECTATION
PUBLIC_dfc1053185fe845ad32f2dbe,TOWN02_JUNCTION_76_UNIT01|CFG_EVIDENCE_INSUFFICIENT|DC-M1V3-OBS-T02-J76-A-20260804T063016Z|P2,Town02:junction:76,HIST,DriveClarify,,False,,,0.0,,0.0,BALANCED_INTENT_WEIGHTED
PUBLIC_8c5ad42c2baa38701c9c55bf,TOWN03_JUNCTION_576_UNIT01|CFG_LONGER_VS_STRAIGHTER|DC-M1V3-OBS-T03-J576-A-20260804T063002Z|P1,Town03:junction:576,HIST,Never Clarify,TASK_EQUIVALENT,True,1.0,0.0,0.0,0.0,1.0,BALANCED_INTENT_WEIGHTED
PUBLIC_8c5ad42c2baa38701c9c55bf,TOWN03_JUNCTION_576_UNIT01|CFG_LONGER_VS_STRAIGHTER|DC-M1V3-OBS-T03-J576-A-20260804T063002Z|P1,Town03:junction:576,HIST,Always Clarify,TASK_EQUIVALENT,True,1.0,0.0,1.0,1.0,1.0,BALANCED_INTENT_WEIGHTED
PUBLIC_8c5ad42c2baa38701c9c55bf,TOWN03_JUNCTION_576_UNIT01|CFG_LONGER_VS_STRAIGHTER|DC-M1V3-OBS-T03-J576-A-20260804T063002Z|P1,Town03:junction:576,HIST,Ambiguity-Only,TASK_EQUIVALENT,True,1.0,0.0,1.0,1.0,1.0,BALANCED_INTENT_WEIGHTED
PUBLIC_8c5ad42c2baa38701c9c55bf,TOWN03_JUNCTION_576_UNIT01|CFG_LONGER_VS_STRAIGHTER|DC-M1V3-OBS-T03-J576-A-20260804T063002Z|P1,Town03:junction:576,HIST,Trajectory-Distance,TASK_EQUIVALENT,True,1.0,0.0,0.0,0.0,1.0,BALANCED_INTENT_WEIGHTED
PUBLIC_8c5ad42c2baa38701c9c55bf,TOWN03_JUNCTION_576_UNIT01|CFG_LONGER_VS_STRAIGHTER|DC-M1V3-OBS-T03-J576-A-20260804T063002Z|P1,Town03:junction:576,HIST,Random-Query@matched-rate,TASK_EQUIVALENT,True,1.0,0.0,0.3333333333333333,0.3333333333333333,1.0,RANDOMIZATION_EXPECTATION
PUBLIC_8c5ad42c2baa38701c9c55bf,TOWN03_JUNCTION_576_UNIT01|CFG_LONGER_VS_STRAIGHTER|DC-M1V3-OBS-T03-J576-A-20260804T063002Z|P1,Town03:junction:576,HIST,DriveClarify,TASK_EQUIVALENT,True,1.0,0.0,0.0,0.0,1.0,BALANCED_INTENT_WEIGHTED
PUBLIC_a128e5f37db1252d21d87f6f,TOWN03_JUNCTION_576_UNIT01|CFG_LONGER_VS_STRAIGHTER|DC-M1V3-OBS-T03-J576-A-20260804T063002Z|P2,Town03:junction:576,HIST,Never Clarify,TASK_EQUIVALENT,True,1.0,0.0,0.0,0.0,1.0,BALANCED_INTENT_WEIGHTED
PUBLIC_a128e5f37db1252d21d87f6f,TOWN03_JUNCTION_576_UNIT01|CFG_LONGER_VS_STRAIGHTER|DC-M1V3-OBS-T03-J576-A-20260804T063002Z|P2,Town03:junction:576,HIST,Always Clarify,TASK_EQUIVALENT,True,1.0,0.0,1.0,1.0,1.0,BALANCED_INTENT_WEIGHTED
PUBLIC_a128e5f37db1252d21d87f6f,TOWN03_JUNCTION_576_UNIT01|CFG_LONGER_VS_STRAIGHTER|DC-M1V3-OBS-T03-J576-A-20260804T063002Z|P2,Town03:junction:576,HIST,Ambiguity-Only,TASK_EQUIVALENT,True,1.0,0.0,1.0,1.0,1.0,BALANCED_INTENT_WEIGHTED
PUBLIC_a128e5f37db1252d21d87f6f,TOWN03_JUNCTION_576_UNIT01|CFG_LONGER_VS_STRAIGHTER|DC-M1V3-OBS-T03-J576-A-20260804T063002Z|P2,Town03:junction:576,HIST,Trajectory-Distance,TASK_EQUIVALENT,True,1.0,0.0,1.0,1.0,1.0,BALANCED_INTENT_WEIGHTED
PUBLIC_a128e5f37db1252d21d87f6f,TOWN03_JUNCTION_576_UNIT01|CFG_LONGER_VS_STRAIGHTER|DC-M1V3-OBS-T03-J576-A-20260804T063002Z|P2,Town03:junction:576,HIST,Random-Query@matched-rate,TASK_EQUIVALENT,True,1.0,0.0,0.3333333333333333,0.3333333333333333,1.0,RANDOMIZATION_EXPECTATION
PUBLIC_a128e5f37db1252d21d87f6f,TOWN03_JUNCTION_576_UNIT01|CFG_LONGER_VS_STRAIGHTER|DC-M1V3-OBS-T03-J576-A-20260804T063002Z|P2,Town03:junction:576,HIST,DriveClarify,TASK_EQUIVALENT,True,1.0,0.0,0.0,0.0,1.0,BALANCED_INTENT_WEIGHTED
PUBLIC_edf2fbc4427ab979b1673f63,TOWN03_JUNCTION_576_UNIT01|CFG_LONGER_VS_SHARPER|DC-M1V3-OBS-T03-J576-A-20260804T063002Z|P1,Town03:junction:576,HIST,Never Clarify,TASK_DIVERGENT,True,0.5,0.5,0.0,,1.0,BALANCED_INTENT_WEIGHTED
PUBLIC_edf2fbc4427ab979b1673f63,TOWN03_JUNCTION_576_UNIT01|CFG_LONGER_VS_SHARPER|DC-M1V3-OBS-T03-J576-A-20260804T063002Z|P1,Town03:junction:576,HIST,Always Clarify,TASK_DIVERGENT,True,1.0,0.0,1.0,,1.0,BALANCED_INTENT_WEIGHTED
PUBLIC_edf2fbc4427ab979b1673f63,TOWN03_JUNCTION_576_UNIT01|CFG_LONGER_VS_SHARPER|DC-M1V3-OBS-T03-J576-A-20260804T063002Z|P1,Town03:junction:576,HIST,Ambiguity-Only,TASK_DIVERGENT,True,1.0,0.0,1.0,,1.0,BALANCED_INTENT_WEIGHTED
PUBLIC_edf2fbc4427ab979b1673f63,TOWN03_JUNCTION_576_UNIT01|CFG_LONGER_VS_SHARPER|DC-M1V3-OBS-T03-J576-A-20260804T063002Z|P1,Town03:junction:576,HIST,Trajectory-Distance,TASK_DIVERGENT,True,0.5,0.5,0.0,,1.0,BALANCED_INTENT_WEIGHTED
PUBLIC_edf2fbc4427ab979b1673f63,TOWN03_JUNCTION_576_UNIT01|CFG_LONGER_VS_SHARPER|DC-M1V3-OBS-T03-J576-A-20260804T063002Z|P1,Town03:junction:576,HIST,Random-Query@matched-rate,TASK_DIVERGENT,True,0.6666666666666666,0.33333333333333337,0.3333333333333333,,1.0,RANDOMIZATION_EXPECTATION
PUBLIC_edf2fbc4427ab979b1673f63,TOWN03_JUNCTION_576_UNIT01|CFG_LONGER_VS_SHARPER|DC-M1V3-OBS-T03-J576-A-20260804T063002Z|P1,Town03:junction:576,HIST,DriveClarify,TASK_DIVERGENT,True,1.0,0.0,1.0,,1.0,BALANCED_INTENT_WEIGHTED
PUBLIC_21d0dfa2cb612e010eb1273b,TOWN03_JUNCTION_576_UNIT01|CFG_LONGER_VS_SHARPER|DC-M1V3-OBS-T03-J576-A-20260804T063002Z|P2,Town03:junction:576,HIST,Never Clarify,TASK_DIVERGENT,True,0.5,0.5,0.0,,1.0,BALANCED_INTENT_WEIGHTED
PUBLIC_21d0dfa2cb612e010eb1273b,TOWN03_JUNCTION_576_UNIT01|CFG_LONGER_VS_SHARPER|DC-M1V3-OBS-T03-J576-A-20260804T063002Z|P2,Town03:junction:576,HIST,Always Clarify,TASK_DIVERGENT,True,1.0,0.0,1.0,,1.0,BALANCED_INTENT_WEIGHTED
PUBLIC_21d0dfa2cb612e010eb1273b,TOWN03_JUNCTION_576_UNIT01|CFG_LONGER_VS_SHARPER|DC-M1V3-OBS-T03-J576-A-20260804T063002Z|P2,Town03:junction:576,HIST,Ambiguity-Only,TASK_DIVERGENT,True,1.0,0.0,1.0,,1.0,BALANCED_INTENT_WEIGHTED
PUBLIC_21d0dfa2cb612e010eb1273b,TOWN03_JUNCTION_576_UNIT01|CFG_LONGER_VS_SHARPER|DC-M1V3-OBS-T03-J576-A-20260804T063002Z|P2,Town03:junction:576,HIST,Trajectory-Distance,TASK_DIVERGENT,True,0.5,0.5,0.0,,1.0,BALANCED_INTENT_WEIGHTED
PUBLIC_21d0dfa2cb612e010eb1273b,TOWN03_JUNCTION_576_UNIT01|CFG_LONGER_VS_SHARPER|DC-M1V3-OBS-T03-J576-A-20260804T063002Z|P2,Town03:junction:576,HIST,Random-Query@matched-rate,TASK_DIVERGENT,True,0.6666666666666666,0.33333333333333337,0.3333333333333333,,1.0,RANDOMIZATION_EXPECTATION
PUBLIC_21d0dfa2cb612e010eb1273b,TOWN03_JUNCTION_576_UNIT01|CFG_LONGER_VS_SHARPER|DC-M1V3-OBS-T03-J576-A-20260804T063002Z|P2,Town03:junction:576,HIST,DriveClarify,TASK_DIVERGENT,True,1.0,0.0,1.0,,1.0,BALANCED_INTENT_WEIGHTED
PUBLIC_738eb4f1ab97ea9146703d66,TOWN03_JUNCTION_576_UNIT01|CFG_SAME_EXPRESSION|DC-M1V3-OBS-T03-J576-A-20260804T063002Z|P1,Town03:junction:576,HIST,Never Clarify,TASK_EQUIVALENT,True,1.0,0.0,0.0,0.0,1.0,BALANCED_INTENT_WEIGHTED
PUBLIC_738eb4f1ab97ea9146703d66,TOWN03_JUNCTION_576_UNIT01|CFG_SAME_EXPRESSION|DC-M1V3-OBS-T03-J576-A-20260804T063002Z|P1,Town03:junction:576,HIST,Always Clarify,TASK_EQUIVALENT,True,1.0,0.0,1.0,1.0,1.0,BALANCED_INTENT_WEIGHTED
PUBLIC_738eb4f1ab97ea9146703d66,TOWN03_JUNCTION_576_UNIT01|CFG_SAME_EXPRESSION|DC-M1V3-OBS-T03-J576-A-20260804T063002Z|P1,Town03:junction:576,HIST,Ambiguity-Only,TASK_EQUIVALENT,True,1.0,0.0,1.0,1.0,1.0,BALANCED_INTENT_WEIGHTED
PUBLIC_738eb4f1ab97ea9146703d66,TOWN03_JUNCTION_576_UNIT01|CFG_SAME_EXPRESSION|DC-M1V3-OBS-T03-J576-A-20260804T063002Z|P1,Town03:junction:576,HIST,Trajectory-Distance,TASK_EQUIVALENT,True,1.0,0.0,0.0,0.0,1.0,BALANCED_INTENT_WEIGHTED
PUBLIC_738eb4f1ab97ea9146703d66,TOWN03_JUNCTION_576_UNIT01|CFG_SAME_EXPRESSION|DC-M1V3-OBS-T03-J576-A-20260804T063002Z|P1,Town03:junction:576,HIST,Random-Query@matched-rate,TASK_EQUIVALENT,True,1.0,0.0,0.3333333333333333,0.3333333333333333,1.0,RANDOMIZATION_EXPECTATION
PUBLIC_738eb4f1ab97ea9146703d66,TOWN03_JUNCTION_576_UNIT01|CFG_SAME_EXPRESSION|DC-M1V3-OBS-T03-J576-A-20260804T063002Z|P1,Town03:junction:576,HIST,DriveClarify,TASK_EQUIVALENT,True,1.0,0.0,0.0,0.0,1.0,BALANCED_INTENT_WEIGHTED
PUBLIC_598555df3c17b61fd1ff2145,TOWN03_JUNCTION_576_UNIT01|CFG_SAME_EXPRESSION|DC-M1V3-OBS-T03-J576-A-20260804T063002Z|P2,Town03:junction:576,HIST,Never Clarify,TASK_EQUIVALENT,True,1.0,0.0,0.0,0.0,1.0,BALANCED_INTENT_WEIGHTED
PUBLIC_598555df3c17b61fd1ff2145,TOWN03_JUNCTION_576_UNIT01|CFG_SAME_EXPRESSION|DC-M1V3-OBS-T03-J576-A-20260804T063002Z|P2,Town03:junction:576,HIST,Always Clarify,TASK_EQUIVALENT,True,1.0,0.0,1.0,1.0,1.0,BALANCED_INTENT_WEIGHTED
PUBLIC_598555df3c17b61fd1ff2145,TOWN03_JUNCTION_576_UNIT01|CFG_SAME_EXPRESSION|DC-M1V3-OBS-T03-J576-A-20260804T063002Z|P2,Town03:junction:576,HIST,Ambiguity-Only,TASK_EQUIVALENT,True,1.0,0.0,1.0,1.0,1.0,BALANCED_INTENT_WEIGHTED
PUBLIC_598555df3c17b61fd1ff2145,TOWN03_JUNCTION_576_UNIT01|CFG_SAME_EXPRESSION|DC-M1V3-OBS-T03-J576-A-20260804T063002Z|P2,Town03:junction:576,HIST,Trajectory-Distance,TASK_EQUIVALENT,True,1.0,0.0,0.0,0.0,1.0,BALANCED_INTENT_WEIGHTED
PUBLIC_598555df3c17b61fd1ff2145,TOWN03_JUNCTION_576_UNIT01|CFG_SAME_EXPRESSION|DC-M1V3-OBS-T03-J576-A-20260804T063002Z|P2,Town03:junction:576,HIST,Random-Query@matched-rate,TASK_EQUIVALENT,True,1.0,0.0,0.3333333333333333,0.3333333333333333,1.0,RANDOMIZATION_EXPECTATION
PUBLIC_598555df3c17b61fd1ff2145,TOWN03_JUNCTION_576_UNIT01|CFG_SAME_EXPRESSION|DC-M1V3-OBS-T03-J576-A-20260804T063002Z|P2,Town03:junction:576,HIST,DriveClarify,TASK_EQUIVALENT,True,1.0,0.0,0.0,0.0,1.0,BALANCED_INTENT_WEIGHTED
PUBLIC_4f04e90db8c8aa08578f20c6,TOWN03_JUNCTION_576_UNIT01|CFG_EVIDENCE_INSUFFICIENT|DC-M1V3-OBS-T03-J576-A-20260804T063002Z|P1,Town03:junction:576,HIST,Never Clarify,,False,,,0.0,,1.0,BALANCED_INTENT_WEIGHTED
PUBLIC_4f04e90db8c8aa08578f20c6,TOWN03_JUNCTION_576_UNIT01|CFG_EVIDENCE_INSUFFICIENT|DC-M1V3-OBS-T03-J576-A-20260804T063002Z|P1,Town03:junction:576,HIST,Always Clarify,,False,,,1.0,,1.0,BALANCED_INTENT_WEIGHTED
PUBLIC_4f04e90db8c8aa08578f20c6,TOWN03_JUNCTION_576_UNIT01|CFG_EVIDENCE_INSUFFICIENT|DC-M1V3-OBS-T03-J576-A-20260804T063002Z|P1,Town03:junction:576,HIST,Ambiguity-Only,,False,,,1.0,,1.0,BALANCED_INTENT_WEIGHTED
PUBLIC_4f04e90db8c8aa08578f20c6,TOWN03_JUNCTION_576_UNIT01|CFG_EVIDENCE_INSUFFICIENT|DC-M1V3-OBS-T03-J576-A-20260804T063002Z|P1,Town03:junction:576,HIST,Trajectory-Distance,,False,,,0.0,,1.0,BALANCED_INTENT_WEIGHTED
PUBLIC_4f04e90db8c8aa08578f20c6,TOWN03_JUNCTION_576_UNIT01|CFG_EVIDENCE_INSUFFICIENT|DC-M1V3-OBS-T03-J576-A-20260804T063002Z|P1,Town03:junction:576,HIST,Random-Query@matched-rate,,False,,,0.3333333333333333,,1.0,RANDOMIZATION_EXPECTATION
PUBLIC_4f04e90db8c8aa08578f20c6,TOWN03_JUNCTION_576_UNIT01|CFG_EVIDENCE_INSUFFICIENT|DC-M1V3-OBS-T03-J576-A-20260804T063002Z|P1,Town03:junction:576,HIST,DriveClarify,,False,,,0.0,,0.0,BALANCED_INTENT_WEIGHTED
PUBLIC_1857fb11ae9d59a87c6c77be,TOWN03_JUNCTION_576_UNIT01|CFG_EVIDENCE_INSUFFICIENT|DC-M1V3-OBS-T03-J576-A-20260804T063002Z|P2,Town03:junction:576,HIST,Never Clarify,,False,,,0.0,,1.0,BALANCED_INTENT_WEIGHTED
PUBLIC_1857fb11ae9d59a87c6c77be,TOWN03_JUNCTION_576_UNIT01|CFG_EVIDENCE_INSUFFICIENT|DC-M1V3-OBS-T03-J576-A-20260804T063002Z|P2,Town03:junction:576,HIST,Always Clarify,,False,,,1.0,,1.0,BALANCED_INTENT_WEIGHTED
PUBLIC_1857fb11ae9d59a87c6c77be,TOWN03_JUNCTION_576_UNIT01|CFG_EVIDENCE_INSUFFICIENT|DC-M1V3-OBS-T03-J576-A-20260804T063002Z|P2,Town03:junction:576,HIST,Ambiguity-Only,,False,,,1.0,,1.0,BALANCED_INTENT_WEIGHTED
PUBLIC_1857fb11ae9d59a87c6c77be,TOWN03_JUNCTION_576_UNIT01|CFG_EVIDENCE_INSUFFICIENT|DC-M1V3-OBS-T03-J576-A-20260804T063002Z|P2,Town03:junction:576,HIST,Trajectory-Distance,,False,,,0.0,,1.0,BALANCED_INTENT_WEIGHTED
PUBLIC_1857fb11ae9d59a87c6c77be,TOWN03_JUNCTION_576_UNIT01|CFG_EVIDENCE_INSUFFICIENT|DC-M1V3-OBS-T03-J576-A-20260804T063002Z|P2,Town03:junction:576,HIST,Random-Query@matched-rate,,False,,,0.3333333333333333,,1.0,RANDOMIZATION_EXPECTATION
PUBLIC_1857fb11ae9d59a87c6c77be,TOWN03_JUNCTION_576_UNIT01|CFG_EVIDENCE_INSUFFICIENT|DC-M1V3-OBS-T03-J576-A-20260804T063002Z|P2,Town03:junction:576,HIST,DriveClarify,,False,,,0.0,,0.0,BALANCED_INTENT_WEIGHTED
PUBLIC_c96bff6d080872ff5c4df074,TOWN03_JUNCTION_655_UNIT01|CFG_LONGER_VS_STRAIGHTER|DC-M1V3-OBS-T03-J655-A-20260804T063003Z|P1,Town03:junction:655,HIST,Never Clarify,TASK_EQUIVALENT,True,1.0,0.0,0.0,0.0,1.0,BALANCED_INTENT_WEIGHTED
PUBLIC_c96bff6d080872ff5c4df074,TOWN03_JUNCTION_655_UNIT01|CFG_LONGER_VS_STRAIGHTER|DC-M1V3-OBS-T03-J655-A-20260804T063003Z|P1,Town03:junction:655,HIST,Always Clarify,TASK_EQUIVALENT,True,1.0,0.0,1.0,1.0,1.0,BALANCED_INTENT_WEIGHTED
PUBLIC_c96bff6d080872ff5c4df074,TOWN03_JUNCTION_655_UNIT01|CFG_LONGER_VS_STRAIGHTER|DC-M1V3-OBS-T03-J655-A-20260804T063003Z|P1,Town03:junction:655,HIST,Ambiguity-Only,TASK_EQUIVALENT,True,1.0,0.0,1.0,1.0,1.0,BALANCED_INTENT_WEIGHTED
PUBLIC_c96bff6d080872ff5c4df074,TOWN03_JUNCTION_655_UNIT01|CFG_LONGER_VS_STRAIGHTER|DC-M1V3-OBS-T03-J655-A-20260804T063003Z|P1,Town03:junction:655,HIST,Trajectory-Distance,TASK_EQUIVALENT,True,1.0,0.0,0.0,0.0,1.0,BALANCED_INTENT_WEIGHTED
PUBLIC_c96bff6d080872ff5c4df074,TOWN03_JUNCTION_655_UNIT01|CFG_LONGER_VS_STRAIGHTER|DC-M1V3-OBS-T03-J655-A-20260804T063003Z|P1,Town03:junction:655,HIST,Random-Query@matched-rate,TASK_EQUIVALENT,True,1.0,0.0,0.3333333333333333,0.3333333333333333,1.0,RANDOMIZATION_EXPECTATION
PUBLIC_c96bff6d080872ff5c4df074,TOWN03_JUNCTION_655_UNIT01|CFG_LONGER_VS_STRAIGHTER|DC-M1V3-OBS-T03-J655-A-20260804T063003Z|P1,Town03:junction:655,HIST,DriveClarify,TASK_EQUIVALENT,True,1.0,0.0,0.0,0.0,1.0,BALANCED_INTENT_WEIGHTED
PUBLIC_03f1b3c6b45ef2509e8c57e4,TOWN03_JUNCTION_655_UNIT01|CFG_LONGER_VS_STRAIGHTER|DC-M1V3-OBS-T03-J655-A-20260804T063003Z|P2,Town03:junction:655,HIST,Never Clarify,TASK_EQUIVALENT,True,1.0,0.0,0.0,0.0,1.0,BALANCED_INTENT_WEIGHTED
PUBLIC_03f1b3c6b45ef2509e8c57e4,TOWN03_JUNCTION_655_UNIT01|CFG_LONGER_VS_STRAIGHTER|DC-M1V3-OBS-T03-J655-A-20260804T063003Z|P2,Town03:junction:655,HIST,Always Clarify,TASK_EQUIVALENT,True,1.0,0.0,1.0,1.0,1.0,BALANCED_INTENT_WEIGHTED
PUBLIC_03f1b3c6b45ef2509e8c57e4,TOWN03_JUNCTION_655_UNIT01|CFG_LONGER_VS_STRAIGHTER|DC-M1V3-OBS-T03-J655-A-20260804T063003Z|P2,Town03:junction:655,HIST,Ambiguity-Only,TASK_EQUIVALENT,True,1.0,0.0,1.0,1.0,1.0,BALANCED_INTENT_WEIGHTED
PUBLIC_03f1b3c6b45ef2509e8c57e4,TOWN03_JUNCTION_655_UNIT01|CFG_LONGER_VS_STRAIGHTER|DC-M1V3-OBS-T03-J655-A-20260804T063003Z|P2,Town03:junction:655,HIST,Trajectory-Distance,TASK_EQUIVALENT,True,1.0,0.0,0.0,0.0,1.0,BALANCED_INTENT_WEIGHTED
PUBLIC_03f1b3c6b45ef2509e8c57e4,TOWN03_JUNCTION_655_UNIT01|CFG_LONGER_VS_STRAIGHTER|DC-M1V3-OBS-T03-J655-A-20260804T063003Z|P2,Town03:junction:655,HIST,Random-Query@matched-rate,TASK_EQUIVALENT,True,1.0,0.0,0.3333333333333333,0.3333333333333333,1.0,RANDOMIZATION_EXPECTATION
PUBLIC_03f1b3c6b45ef2509e8c57e4,TOWN03_JUNCTION_655_UNIT01|CFG_LONGER_VS_STRAIGHTER|DC-M1V3-OBS-T03-J655-A-20260804T063003Z|P2,Town03:junction:655,HIST,DriveClarify,TASK_EQUIVALENT,True,1.0,0.0,0.0,0.0,1.0,BALANCED_INTENT_WEIGHTED
PUBLIC_ccfcb3fbbdda31c61e6fd5c8,TOWN03_JUNCTION_655_UNIT01|CFG_LONGER_VS_SHARPER|DC-M1V3-OBS-T03-J655-A-20260804T063003Z|P1,Town03:junction:655,HIST,Never Clarify,TASK_DIVERGENT,True,0.5,0.5,0.0,,1.0,BALANCED_INTENT_WEIGHTED
PUBLIC_ccfcb3fbbdda31c61e6fd5c8,TOWN03_JUNCTION_655_UNIT01|CFG_LONGER_VS_SHARPER|DC-M1V3-OBS-T03-J655-A-20260804T063003Z|P1,Town03:junction:655,HIST,Always Clarify,TASK_DIVERGENT,True,1.0,0.0,1.0,,1.0,BALANCED_INTENT_WEIGHTED
PUBLIC_ccfcb3fbbdda31c61e6fd5c8,TOWN03_JUNCTION_655_UNIT01|CFG_LONGER_VS_SHARPER|DC-M1V3-OBS-T03-J655-A-20260804T063003Z|P1,Town03:junction:655,HIST,Ambiguity-Only,TASK_DIVERGENT,True,1.0,0.0,1.0,,1.0,BALANCED_INTENT_WEIGHTED
PUBLIC_ccfcb3fbbdda31c61e6fd5c8,TOWN03_JUNCTION_655_UNIT01|CFG_LONGER_VS_SHARPER|DC-M1V3-OBS-T03-J655-A-20260804T063003Z|P1,Town03:junction:655,HIST,Trajectory-Distance,TASK_DIVERGENT,True,0.5,0.5,0.0,,1.0,BALANCED_INTENT_WEIGHTED
PUBLIC_ccfcb3fbbdda31c61e6fd5c8,TOWN03_JUNCTION_655_UNIT01|CFG_LONGER_VS_SHARPER|DC-M1V3-OBS-T03-J655-A-20260804T063003Z|P1,Town03:junction:655,HIST,Random-Query@matched-rate,TASK_DIVERGENT,True,0.6666666666666666,0.33333333333333337,0.3333333333333333,,1.0,RANDOMIZATION_EXPECTATION
PUBLIC_ccfcb3fbbdda31c61e6fd5c8,TOWN03_JUNCTION_655_UNIT01|CFG_LONGER_VS_SHARPER|DC-M1V3-OBS-T03-J655-A-20260804T063003Z|P1,Town03:junction:655,HIST,DriveClarify,TASK_DIVERGENT,True,1.0,0.0,1.0,,1.0,BALANCED_INTENT_WEIGHTED
PUBLIC_c4c9ebeaf0e49eef29cb4c4e,TOWN03_JUNCTION_655_UNIT01|CFG_LONGER_VS_SHARPER|DC-M1V3-OBS-T03-J655-A-20260804T063003Z|P2,Town03:junction:655,HIST,Never Clarify,TASK_DIVERGENT,True,0.5,0.5,0.0,,1.0,BALANCED_INTENT_WEIGHTED
PUBLIC_c4c9ebeaf0e49eef29cb4c4e,TOWN03_JUNCTION_655_UNIT01|CFG_LONGER_VS_SHARPER|DC-M1V3-OBS-T03-J655-A-20260804T063003Z|P2,Town03:junction:655,HIST,Always Clarify,TASK_DIVERGENT,True,1.0,0.0,1.0,,1.0,BALANCED_INTENT_WEIGHTED
PUBLIC_c4c9ebeaf0e49eef29cb4c4e,TOWN03_JUNCTION_655_UNIT01|CFG_LONGER_VS_SHARPER|DC-M1V3-OBS-T03-J655-A-20260804T063003Z|P2,Town03:junction:655,HIST,Ambiguity-Only,TASK_DIVERGENT,True,1.0,0.0,1.0,,1.0,BALANCED_INTENT_WEIGHTED
PUBLIC_c4c9ebeaf0e49eef29cb4c4e,TOWN03_JUNCTION_655_UNIT01|CFG_LONGER_VS_SHARPER|DC-M1V3-OBS-T03-J655-A-20260804T063003Z|P2,Town03:junction:655,HIST,Trajectory-Distance,TASK_DIVERGENT,True,0.5,0.5,0.0,,1.0,BALANCED_INTENT_WEIGHTED
PUBLIC_c4c9ebeaf0e49eef29cb4c4e,TOWN03_JUNCTION_655_UNIT01|CFG_LONGER_VS_SHARPER|DC-M1V3-OBS-T03-J655-A-20260804T063003Z|P2,Town03:junction:655,HIST,Random-Query@matched-rate,TASK_DIVERGENT,True,0.6666666666666666,0.33333333333333337,0.3333333333333333,,1.0,RANDOMIZATION_EXPECTATION
PUBLIC_c4c9ebeaf0e49eef29cb4c4e,TOWN03_JUNCTION_655_UNIT01|CFG_LONGER_VS_SHARPER|DC-M1V3-OBS-T03-J655-A-20260804T063003Z|P2,Town03:junction:655,HIST,DriveClarify,TASK_DIVERGENT,True,1.0,0.0,1.0,,1.0,BALANCED_INTENT_WEIGHTED
PUBLIC_e92c52a540fbf67e830356c8,TOWN03_JUNCTION_655_UNIT01|CFG_SAME_EXPRESSION|DC-M1V3-OBS-T03-J655-A-20260804T063003Z|P1,Town03:junction:655,HIST,Never Clarify,TASK_EQUIVALENT,True,1.0,0.0,0.0,0.0,1.0,BALANCED_INTENT_WEIGHTED
PUBLIC_e92c52a540fbf67e830356c8,TOWN03_JUNCTION_655_UNIT01|CFG_SAME_EXPRESSION|DC-M1V3-OBS-T03-J655-A-20260804T063003Z|P1,Town03:junction:655,HIST,Always Clarify,TASK_EQUIVALENT,True,1.0,0.0,1.0,1.0,1.0,BALANCED_INTENT_WEIGHTED
PUBLIC_e92c52a540fbf67e830356c8,TOWN03_JUNCTION_655_UNIT01|CFG_SAME_EXPRESSION|DC-M1V3-OBS-T03-J655-A-20260804T063003Z|P1,Town03:junction:655,HIST,Ambiguity-Only,TASK_EQUIVALENT,True,1.0,0.0,1.0,1.0,1.0,BALANCED_INTENT_WEIGHTED
PUBLIC_e92c52a540fbf67e830356c8,TOWN03_JUNCTION_655_UNIT01|CFG_SAME_EXPRESSION|DC-M1V3-OBS-T03-J655-A-20260804T063003Z|P1,Town03:junction:655,HIST,Trajectory-Distance,TASK_EQUIVALENT,True,1.0,0.0,0.0,0.0,1.0,BALANCED_INTENT_WEIGHTED
PUBLIC_e92c52a540fbf67e830356c8,TOWN03_JUNCTION_655_UNIT01|CFG_SAME_EXPRESSION|DC-M1V3-OBS-T03-J655-A-20260804T063003Z|P1,Town03:junction:655,HIST,Random-Query@matched-rate,TASK_EQUIVALENT,True,1.0,0.0,0.3333333333333333,0.3333333333333333,1.0,RANDOMIZATION_EXPECTATION
PUBLIC_e92c52a540fbf67e830356c8,TOWN03_JUNCTION_655_UNIT01|CFG_SAME_EXPRESSION|DC-M1V3-OBS-T03-J655-A-20260804T063003Z|P1,Town03:junction:655,HIST,DriveClarify,TASK_EQUIVALENT,True,1.0,0.0,0.0,0.0,1.0,BALANCED_INTENT_WEIGHTED
PUBLIC_bee20dc0affe84aebb322b78,TOWN03_JUNCTION_655_UNIT01|CFG_SAME_EXPRESSION|DC-M1V3-OBS-T03-J655-A-20260804T063003Z|P2,Town03:junction:655,HIST,Never Clarify,TASK_EQUIVALENT,True,1.0,0.0,0.0,0.0,1.0,BALANCED_INTENT_WEIGHTED
PUBLIC_bee20dc0affe84aebb322b78,TOWN03_JUNCTION_655_UNIT01|CFG_SAME_EXPRESSION|DC-M1V3-OBS-T03-J655-A-20260804T063003Z|P2,Town03:junction:655,HIST,Always Clarify,TASK_EQUIVALENT,True,1.0,0.0,1.0,1.0,1.0,BALANCED_INTENT_WEIGHTED
PUBLIC_bee20dc0affe84aebb322b78,TOWN03_JUNCTION_655_UNIT01|CFG_SAME_EXPRESSION|DC-M1V3-OBS-T03-J655-A-20260804T063003Z|P2,Town03:junction:655,HIST,Ambiguity-Only,TASK_EQUIVALENT,True,1.0,0.0,1.0,1.0,1.0,BALANCED_INTENT_WEIGHTED
PUBLIC_bee20dc0affe84aebb322b78,TOWN03_JUNCTION_655_UNIT01|CFG_SAME_EXPRESSION|DC-M1V3-OBS-T03-J655-A-20260804T063003Z|P2,Town03:junction:655,HIST,Trajectory-Distance,TASK_EQUIVALENT,True,1.0,0.0,0.0,0.0,1.0,BALANCED_INTENT_WEIGHTED
PUBLIC_bee20dc0affe84aebb322b78,TOWN03_JUNCTION_655_UNIT01|CFG_SAME_EXPRESSION|DC-M1V3-OBS-T03-J655-A-20260804T063003Z|P2,Town03:junction:655,HIST,Random-Query@matched-rate,TASK_EQUIVALENT,True,1.0,0.0,0.3333333333333333,0.3333333333333333,1.0,RANDOMIZATION_EXPECTATION
PUBLIC_bee20dc0affe84aebb322b78,TOWN03_JUNCTION_655_UNIT01|CFG_SAME_EXPRESSION|DC-M1V3-OBS-T03-J655-A-20260804T063003Z|P2,Town03:junction:655,HIST,DriveClarify,TASK_EQUIVALENT,True,1.0,0.0,0.0,0.0,1.0,BALANCED_INTENT_WEIGHTED
PUBLIC_dd41addb1f7331a33d5c0352,TOWN03_JUNCTION_655_UNIT01|CFG_EVIDENCE_INSUFFICIENT|DC-M1V3-OBS-T03-J655-A-20260804T063003Z|P1,Town03:junction:655,HIST,Never Clarify,,False,,,0.0,,1.0,BALANCED_INTENT_WEIGHTED
PUBLIC_dd41addb1f7331a33d5c0352,TOWN03_JUNCTION_655_UNIT01|CFG_EVIDENCE_INSUFFICIENT|DC-M1V3-OBS-T03-J655-A-20260804T063003Z|P1,Town03:junction:655,HIST,Always Clarify,,False,,,1.0,,1.0,BALANCED_INTENT_WEIGHTED
PUBLIC_dd41addb1f7331a33d5c0352,TOWN03_JUNCTION_655_UNIT01|CFG_EVIDENCE_INSUFFICIENT|DC-M1V3-OBS-T03-J655-A-20260804T063003Z|P1,Town03:junction:655,HIST,Ambiguity-Only,,False,,,1.0,,1.0,BALANCED_INTENT_WEIGHTED
PUBLIC_dd41addb1f7331a33d5c0352,TOWN03_JUNCTION_655_UNIT01|CFG_EVIDENCE_INSUFFICIENT|DC-M1V3-OBS-T03-J655-A-20260804T063003Z|P1,Town03:junction:655,HIST,Trajectory-Distance,,False,,,0.0,,1.0,BALANCED_INTENT_WEIGHTED
PUBLIC_dd41addb1f7331a33d5c0352,TOWN03_JUNCTION_655_UNIT01|CFG_EVIDENCE_INSUFFICIENT|DC-M1V3-OBS-T03-J655-A-20260804T063003Z|P1,Town03:junction:655,HIST,Random-Query@matched-rate,,False,,,0.3333333333333333,,1.0,RANDOMIZATION_EXPECTATION
PUBLIC_dd41addb1f7331a33d5c0352,TOWN03_JUNCTION_655_UNIT01|CFG_EVIDENCE_INSUFFICIENT|DC-M1V3-OBS-T03-J655-A-20260804T063003Z|P1,Town03:junction:655,HIST,DriveClarify,,False,,,0.0,,0.0,BALANCED_INTENT_WEIGHTED
PUBLIC_827ea171614f15db7b418018,TOWN03_JUNCTION_655_UNIT01|CFG_EVIDENCE_INSUFFICIENT|DC-M1V3-OBS-T03-J655-A-20260804T063003Z|P2,Town03:junction:655,HIST,Never Clarify,,False,,,0.0,,1.0,BALANCED_INTENT_WEIGHTED
PUBLIC_827ea171614f15db7b418018,TOWN03_JUNCTION_655_UNIT01|CFG_EVIDENCE_INSUFFICIENT|DC-M1V3-OBS-T03-J655-A-20260804T063003Z|P2,Town03:junction:655,HIST,Always Clarify,,False,,,1.0,,1.0,BALANCED_INTENT_WEIGHTED
PUBLIC_827ea171614f15db7b418018,TOWN03_JUNCTION_655_UNIT01|CFG_EVIDENCE_INSUFFICIENT|DC-M1V3-OBS-T03-J655-A-20260804T063003Z|P2,Town03:junction:655,HIST,Ambiguity-Only,,False,,,1.0,,1.0,BALANCED_INTENT_WEIGHTED
PUBLIC_827ea171614f15db7b418018,TOWN03_JUNCTION_655_UNIT01|CFG_EVIDENCE_INSUFFICIENT|DC-M1V3-OBS-T03-J655-A-20260804T063003Z|P2,Town03:junction:655,HIST,Trajectory-Distance,,False,,,0.0,,1.0,BALANCED_INTENT_WEIGHTED
PUBLIC_827ea171614f15db7b418018,TOWN03_JUNCTION_655_UNIT01|CFG_EVIDENCE_INSUFFICIENT|DC-M1V3-OBS-T03-J655-A-20260804T063003Z|P2,Town03:junction:655,HIST,Random-Query@matched-rate,,False,,,0.3333333333333333,,1.0,RANDOMIZATION_EXPECTATION
PUBLIC_827ea171614f15db7b418018,TOWN03_JUNCTION_655_UNIT01|CFG_EVIDENCE_INSUFFICIENT|DC-M1V3-OBS-T03-J655-A-20260804T063003Z|P2,Town03:junction:655,HIST,DriveClarify,,False,,,0.0,,0.0,BALANCED_INTENT_WEIGHTED
PUBLIC_0eecd4db4c8a2a3204364266,TOWN04_JUNCTION_1103_UNIT01|CFG_LONGER_VS_STRAIGHTER|DC-M1V3-OBS-T04-J1103-A-20260804T063006Z|P1,Town04:junction:1103,HIST,Never Clarify,TASK_DIVERGENT,True,0.5,0.5,0.0,,1.0,BALANCED_INTENT_WEIGHTED
PUBLIC_0eecd4db4c8a2a3204364266,TOWN04_JUNCTION_1103_UNIT01|CFG_LONGER_VS_STRAIGHTER|DC-M1V3-OBS-T04-J1103-A-20260804T063006Z|P1,Town04:junction:1103,HIST,Always Clarify,TASK_DIVERGENT,True,1.0,0.0,1.0,,1.0,BALANCED_INTENT_WEIGHTED
PUBLIC_0eecd4db4c8a2a3204364266,TOWN04_JUNCTION_1103_UNIT01|CFG_LONGER_VS_STRAIGHTER|DC-M1V3-OBS-T04-J1103-A-20260804T063006Z|P1,Town04:junction:1103,HIST,Ambiguity-Only,TASK_DIVERGENT,True,1.0,0.0,1.0,,1.0,BALANCED_INTENT_WEIGHTED
PUBLIC_0eecd4db4c8a2a3204364266,TOWN04_JUNCTION_1103_UNIT01|CFG_LONGER_VS_STRAIGHTER|DC-M1V3-OBS-T04-J1103-A-20260804T063006Z|P1,Town04:junction:1103,HIST,Trajectory-Distance,TASK_DIVERGENT,True,1.0,0.0,1.0,,1.0,BALANCED_INTENT_WEIGHTED
PUBLIC_0eecd4db4c8a2a3204364266,TOWN04_JUNCTION_1103_UNIT01|CFG_LONGER_VS_STRAIGHTER|DC-M1V3-OBS-T04-J1103-A-20260804T063006Z|P1,Town04:junction:1103,HIST,Random-Query@matched-rate,TASK_DIVERGENT,True,0.6666666666666666,0.33333333333333337,0.3333333333333333,,1.0,RANDOMIZATION_EXPECTATION
PUBLIC_0eecd4db4c8a2a3204364266,TOWN04_JUNCTION_1103_UNIT01|CFG_LONGER_VS_STRAIGHTER|DC-M1V3-OBS-T04-J1103-A-20260804T063006Z|P1,Town04:junction:1103,HIST,DriveClarify,TASK_DIVERGENT,True,1.0,0.0,1.0,,1.0,BALANCED_INTENT_WEIGHTED
PUBLIC_e0a3545c915cf539f125dbdd,TOWN04_JUNCTION_1103_UNIT01|CFG_LONGER_VS_STRAIGHTER|DC-M1V3-OBS-T04-J1103-A-20260804T063006Z|P2,Town04:junction:1103,HIST,Never Clarify,TASK_DIVERGENT,True,0.5,0.5,0.0,,1.0,BALANCED_INTENT_WEIGHTED
PUBLIC_e0a3545c915cf539f125dbdd,TOWN04_JUNCTION_1103_UNIT01|CFG_LONGER_VS_STRAIGHTER|DC-M1V3-OBS-T04-J1103-A-20260804T063006Z|P2,Town04:junction:1103,HIST,Always Clarify,TASK_DIVERGENT,True,1.0,0.0,1.0,,1.0,BALANCED_INTENT_WEIGHTED
PUBLIC_e0a3545c915cf539f125dbdd,TOWN04_JUNCTION_1103_UNIT01|CFG_LONGER_VS_STRAIGHTER|DC-M1V3-OBS-T04-J1103-A-20260804T063006Z|P2,Town04:junction:1103,HIST,Ambiguity-Only,TASK_DIVERGENT,True,1.0,0.0,1.0,,1.0,BALANCED_INTENT_WEIGHTED
PUBLIC_e0a3545c915cf539f125dbdd,TOWN04_JUNCTION_1103_UNIT01|CFG_LONGER_VS_STRAIGHTER|DC-M1V3-OBS-T04-J1103-A-20260804T063006Z|P2,Town04:junction:1103,HIST,Trajectory-Distance,TASK_DIVERGENT,True,0.5,0.5,0.0,,1.0,BALANCED_INTENT_WEIGHTED
PUBLIC_e0a3545c915cf539f125dbdd,TOWN04_JUNCTION_1103_UNIT01|CFG_LONGER_VS_STRAIGHTER|DC-M1V3-OBS-T04-J1103-A-20260804T063006Z|P2,Town04:junction:1103,HIST,Random-Query@matched-rate,TASK_DIVERGENT,True,0.6666666666666666,0.33333333333333337,0.3333333333333333,,1.0,RANDOMIZATION_EXPECTATION
PUBLIC_e0a3545c915cf539f125dbdd,TOWN04_JUNCTION_1103_UNIT01|CFG_LONGER_VS_STRAIGHTER|DC-M1V3-OBS-T04-J1103-A-20260804T063006Z|P2,Town04:junction:1103,HIST,DriveClarify,TASK_DIVERGENT,True,1.0,0.0,1.0,,1.0,BALANCED_INTENT_WEIGHTED
PUBLIC_84e3afeb33fd33a59bfbe3a7,TOWN04_JUNCTION_1103_UNIT01|CFG_LONGER_VS_SHARPER|DC-M1V3-OBS-T04-J1103-A-20260804T063006Z|P1,Town04:junction:1103,HIST,Never Clarify,TASK_EQUIVALENT,True,1.0,0.0,0.0,0.0,1.0,BALANCED_INTENT_WEIGHTED
PUBLIC_84e3afeb33fd33a59bfbe3a7,TOWN04_JUNCTION_1103_UNIT01|CFG_LONGER_VS_SHARPER|DC-M1V3-OBS-T04-J1103-A-20260804T063006Z|P1,Town04:junction:1103,HIST,Always Clarify,TASK_EQUIVALENT,True,1.0,0.0,1.0,1.0,1.0,BALANCED_INTENT_WEIGHTED
PUBLIC_84e3afeb33fd33a59bfbe3a7,TOWN04_JUNCTION_1103_UNIT01|CFG_LONGER_VS_SHARPER|DC-M1V3-OBS-T04-J1103-A-20260804T063006Z|P1,Town04:junction:1103,HIST,Ambiguity-Only,TASK_EQUIVALENT,True,1.0,0.0,1.0,1.0,1.0,BALANCED_INTENT_WEIGHTED
PUBLIC_84e3afeb33fd33a59bfbe3a7,TOWN04_JUNCTION_1103_UNIT01|CFG_LONGER_VS_SHARPER|DC-M1V3-OBS-T04-J1103-A-20260804T063006Z|P1,Town04:junction:1103,HIST,Trajectory-Distance,TASK_EQUIVALENT,True,1.0,0.0,0.0,0.0,1.0,BALANCED_INTENT_WEIGHTED
PUBLIC_84e3afeb33fd33a59bfbe3a7,TOWN04_JUNCTION_1103_UNIT01|CFG_LONGER_VS_SHARPER|DC-M1V3-OBS-T04-J1103-A-20260804T063006Z|P1,Town04:junction:1103,HIST,Random-Query@matched-rate,TASK_EQUIVALENT,True,1.0,0.0,0.3333333333333333,0.3333333333333333,1.0,RANDOMIZATION_EXPECTATION
PUBLIC_84e3afeb33fd33a59bfbe3a7,TOWN04_JUNCTION_1103_UNIT01|CFG_LONGER_VS_SHARPER|DC-M1V3-OBS-T04-J1103-A-20260804T063006Z|P1,Town04:junction:1103,HIST,DriveClarify,TASK_EQUIVALENT,True,1.0,0.0,0.0,0.0,1.0,BALANCED_INTENT_WEIGHTED
PUBLIC_0199f1ec2a0735ddf24aafee,TOWN04_JUNCTION_1103_UNIT01|CFG_LONGER_VS_SHARPER|DC-M1V3-OBS-T04-J1103-A-20260804T063006Z|P2,Town04:junction:1103,HIST,Never Clarify,TASK_EQUIVALENT,True,1.0,0.0,0.0,0.0,1.0,BALANCED_INTENT_WEIGHTED
PUBLIC_0199f1ec2a0735ddf24aafee,TOWN04_JUNCTION_1103_UNIT01|CFG_LONGER_VS_SHARPER|DC-M1V3-OBS-T04-J1103-A-20260804T063006Z|P2,Town04:junction:1103,HIST,Always Clarify,TASK_EQUIVALENT,True,1.0,0.0,1.0,1.0,1.0,BALANCED_INTENT_WEIGHTED
PUBLIC_0199f1ec2a0735ddf24aafee,TOWN04_JUNCTION_1103_UNIT01|CFG_LONGER_VS_SHARPER|DC-M1V3-OBS-T04-J1103-A-20260804T063006Z|P2,Town04:junction:1103,HIST,Ambiguity-Only,TASK_EQUIVALENT,True,1.0,0.0,1.0,1.0,1.0,BALANCED_INTENT_WEIGHTED
PUBLIC_0199f1ec2a0735ddf24aafee,TOWN04_JUNCTION_1103_UNIT01|CFG_LONGER_VS_SHARPER|DC-M1V3-OBS-T04-J1103-A-20260804T063006Z|P2,Town04:junction:1103,HIST,Trajectory-Distance,TASK_EQUIVALENT,True,1.0,0.0,0.0,0.0,1.0,BALANCED_INTENT_WEIGHTED
PUBLIC_0199f1ec2a0735ddf24aafee,TOWN04_JUNCTION_1103_UNIT01|CFG_LONGER_VS_SHARPER|DC-M1V3-OBS-T04-J1103-A-20260804T063006Z|P2,Town04:junction:1103,HIST,Random-Query@matched-rate,TASK_EQUIVALENT,True,1.0,0.0,0.3333333333333333,0.3333333333333333,1.0,RANDOMIZATION_EXPECTATION
PUBLIC_0199f1ec2a0735ddf24aafee,TOWN04_JUNCTION_1103_UNIT01|CFG_LONGER_VS_SHARPER|DC-M1V3-OBS-T04-J1103-A-20260804T063006Z|P2,Town04:junction:1103,HIST,DriveClarify,TASK_EQUIVALENT,True,1.0,0.0,0.0,0.0,1.0,BALANCED_INTENT_WEIGHTED
PUBLIC_d8a321e30f1ddbdc629f3df0,TOWN04_JUNCTION_1103_UNIT01|CFG_SAME_EXPRESSION|DC-M1V3-OBS-T04-J1103-A-20260804T063006Z|P1,Town04:junction:1103,HIST,Never Clarify,TASK_EQUIVALENT,True,1.0,0.0,0.0,0.0,1.0,BALANCED_INTENT_WEIGHTED
PUBLIC_d8a321e30f1ddbdc629f3df0,TOWN04_JUNCTION_1103_UNIT01|CFG_SAME_EXPRESSION|DC-M1V3-OBS-T04-J1103-A-20260804T063006Z|P1,Town04:junction:1103,HIST,Always Clarify,TASK_EQUIVALENT,True,1.0,0.0,1.0,1.0,1.0,BALANCED_INTENT_WEIGHTED
PUBLIC_d8a321e30f1ddbdc629f3df0,TOWN04_JUNCTION_1103_UNIT01|CFG_SAME_EXPRESSION|DC-M1V3-OBS-T04-J1103-A-20260804T063006Z|P1,Town04:junction:1103,HIST,Ambiguity-Only,TASK_EQUIVALENT,True,1.0,0.0,1.0,1.0,1.0,BALANCED_INTENT_WEIGHTED
PUBLIC_d8a321e30f1ddbdc629f3df0,TOWN04_JUNCTION_1103_UNIT01|CFG_SAME_EXPRESSION|DC-M1V3-OBS-T04-J1103-A-20260804T063006Z|P1,Town04:junction:1103,HIST,Trajectory-Distance,TASK_EQUIVALENT,True,1.0,0.0,0.0,0.0,1.0,BALANCED_INTENT_WEIGHTED
PUBLIC_d8a321e30f1ddbdc629f3df0,TOWN04_JUNCTION_1103_UNIT01|CFG_SAME_EXPRESSION|DC-M1V3-OBS-T04-J1103-A-20260804T063006Z|P1,Town04:junction:1103,HIST,Random-Query@matched-rate,TASK_EQUIVALENT,True,1.0,0.0,0.3333333333333333,0.3333333333333333,1.0,RANDOMIZATION_EXPECTATION
PUBLIC_d8a321e30f1ddbdc629f3df0,TOWN04_JUNCTION_1103_UNIT01|CFG_SAME_EXPRESSION|DC-M1V3-OBS-T04-J1103-A-20260804T063006Z|P1,Town04:junction:1103,HIST,DriveClarify,TASK_EQUIVALENT,True,1.0,0.0,0.0,0.0,1.0,BALANCED_INTENT_WEIGHTED
PUBLIC_45288dac5073d2adcd9b475a,TOWN04_JUNCTION_1103_UNIT01|CFG_SAME_EXPRESSION|DC-M1V3-OBS-T04-J1103-A-20260804T063006Z|P2,Town04:junction:1103,HIST,Never Clarify,TASK_EQUIVALENT,True,1.0,0.0,0.0,0.0,1.0,BALANCED_INTENT_WEIGHTED
PUBLIC_45288dac5073d2adcd9b475a,TOWN04_JUNCTION_1103_UNIT01|CFG_SAME_EXPRESSION|DC-M1V3-OBS-T04-J1103-A-20260804T063006Z|P2,Town04:junction:1103,HIST,Always Clarify,TASK_EQUIVALENT,True,1.0,0.0,1.0,1.0,1.0,BALANCED_INTENT_WEIGHTED
PUBLIC_45288dac5073d2adcd9b475a,TOWN04_JUNCTION_1103_UNIT01|CFG_SAME_EXPRESSION|DC-M1V3-OBS-T04-J1103-A-20260804T063006Z|P2,Town04:junction:1103,HIST,Ambiguity-Only,TASK_EQUIVALENT,True,1.0,0.0,1.0,1.0,1.0,BALANCED_INTENT_WEIGHTED
PUBLIC_45288dac5073d2adcd9b475a,TOWN04_JUNCTION_1103_UNIT01|CFG_SAME_EXPRESSION|DC-M1V3-OBS-T04-J1103-A-20260804T063006Z|P2,Town04:junction:1103,HIST,Trajectory-Distance,TASK_EQUIVALENT,True,1.0,0.0,0.0,0.0,1.0,BALANCED_INTENT_WEIGHTED
PUBLIC_45288dac5073d2adcd9b475a,TOWN04_JUNCTION_1103_UNIT01|CFG_SAME_EXPRESSION|DC-M1V3-OBS-T04-J1103-A-20260804T063006Z|P2,Town04:junction:1103,HIST,Random-Query@matched-rate,TASK_EQUIVALENT,True,1.0,0.0,0.3333333333333333,0.3333333333333333,1.0,RANDOMIZATION_EXPECTATION
PUBLIC_45288dac5073d2adcd9b475a,TOWN04_JUNCTION_1103_UNIT01|CFG_SAME_EXPRESSION|DC-M1V3-OBS-T04-J1103-A-20260804T063006Z|P2,Town04:junction:1103,HIST,DriveClarify,TASK_EQUIVALENT,True,1.0,0.0,0.0,0.0,1.0,BALANCED_INTENT_WEIGHTED
PUBLIC_2ea0122236752c3e626a25ad,TOWN04_JUNCTION_1103_UNIT01|CFG_EVIDENCE_INSUFFICIENT|DC-M1V3-OBS-T04-J1103-A-20260804T063006Z|P1,Town04:junction:1103,HIST,Never Clarify,,False,,,0.0,,1.0,BALANCED_INTENT_WEIGHTED
PUBLIC_2ea0122236752c3e626a25ad,TOWN04_JUNCTION_1103_UNIT01|CFG_EVIDENCE_INSUFFICIENT|DC-M1V3-OBS-T04-J1103-A-20260804T063006Z|P1,Town04:junction:1103,HIST,Always Clarify,,False,,,1.0,,1.0,BALANCED_INTENT_WEIGHTED
PUBLIC_2ea0122236752c3e626a25ad,TOWN04_JUNCTION_1103_UNIT01|CFG_EVIDENCE_INSUFFICIENT|DC-M1V3-OBS-T04-J1103-A-20260804T063006Z|P1,Town04:junction:1103,HIST,Ambiguity-Only,,False,,,1.0,,1.0,BALANCED_INTENT_WEIGHTED
PUBLIC_2ea0122236752c3e626a25ad,TOWN04_JUNCTION_1103_UNIT01|CFG_EVIDENCE_INSUFFICIENT|DC-M1V3-OBS-T04-J1103-A-20260804T063006Z|P1,Town04:junction:1103,HIST,Trajectory-Distance,,False,,,0.0,,1.0,BALANCED_INTENT_WEIGHTED
PUBLIC_2ea0122236752c3e626a25ad,TOWN04_JUNCTION_1103_UNIT01|CFG_EVIDENCE_INSUFFICIENT|DC-M1V3-OBS-T04-J1103-A-20260804T063006Z|P1,Town04:junction:1103,HIST,Random-Query@matched-rate,,False,,,0.3333333333333333,,1.0,RANDOMIZATION_EXPECTATION
PUBLIC_2ea0122236752c3e626a25ad,TOWN04_JUNCTION_1103_UNIT01|CFG_EVIDENCE_INSUFFICIENT|DC-M1V3-OBS-T04-J1103-A-20260804T063006Z|P1,Town04:junction:1103,HIST,DriveClarify,,False,,,0.0,,0.0,BALANCED_INTENT_WEIGHTED
PUBLIC_1f6ba36fd997c3f62a080002,TOWN04_JUNCTION_1103_UNIT01|CFG_EVIDENCE_INSUFFICIENT|DC-M1V3-OBS-T04-J1103-A-20260804T063006Z|P2,Town04:junction:1103,HIST,Never Clarify,,False,,,0.0,,1.0,BALANCED_INTENT_WEIGHTED
PUBLIC_1f6ba36fd997c3f62a080002,TOWN04_JUNCTION_1103_UNIT01|CFG_EVIDENCE_INSUFFICIENT|DC-M1V3-OBS-T04-J1103-A-20260804T063006Z|P2,Town04:junction:1103,HIST,Always Clarify,,False,,,1.0,,1.0,BALANCED_INTENT_WEIGHTED
PUBLIC_1f6ba36fd997c3f62a080002,TOWN04_JUNCTION_1103_UNIT01|CFG_EVIDENCE_INSUFFICIENT|DC-M1V3-OBS-T04-J1103-A-20260804T063006Z|P2,Town04:junction:1103,HIST,Ambiguity-Only,,False,,,1.0,,1.0,BALANCED_INTENT_WEIGHTED
PUBLIC_1f6ba36fd997c3f62a080002,TOWN04_JUNCTION_1103_UNIT01|CFG_EVIDENCE_INSUFFICIENT|DC-M1V3-OBS-T04-J1103-A-20260804T063006Z|P2,Town04:junction:1103,HIST,Trajectory-Distance,,False,,,1.0,,1.0,BALANCED_INTENT_WEIGHTED
PUBLIC_1f6ba36fd997c3f62a080002,TOWN04_JUNCTION_1103_UNIT01|CFG_EVIDENCE_INSUFFICIENT|DC-M1V3-OBS-T04-J1103-A-20260804T063006Z|P2,Town04:junction:1103,HIST,Random-Query@matched-rate,,False,,,0.3333333333333333,,1.0,RANDOMIZATION_EXPECTATION
PUBLIC_1f6ba36fd997c3f62a080002,TOWN04_JUNCTION_1103_UNIT01|CFG_EVIDENCE_INSUFFICIENT|DC-M1V3-OBS-T04-J1103-A-20260804T063006Z|P2,Town04:junction:1103,HIST,DriveClarify,,False,,,0.0,,0.0,BALANCED_INTENT_WEIGHTED
PUBLIC_a1846ba02022ec35cdc5f7b0,TOWN05_JUNCTION_1126_UNIT01|CFG_LONGER_VS_STRAIGHTER|DC-M1V3-OBS-T05-J1126-A-20260804T063008Z|P1,Town05:junction:1126,HIST,Never Clarify,TASK_DIVERGENT,True,0.5,0.5,0.0,,1.0,BALANCED_INTENT_WEIGHTED
PUBLIC_a1846ba02022ec35cdc5f7b0,TOWN05_JUNCTION_1126_UNIT01|CFG_LONGER_VS_STRAIGHTER|DC-M1V3-OBS-T05-J1126-A-20260804T063008Z|P1,Town05:junction:1126,HIST,Always Clarify,TASK_DIVERGENT,True,1.0,0.0,1.0,,1.0,BALANCED_INTENT_WEIGHTED
PUBLIC_a1846ba02022ec35cdc5f7b0,TOWN05_JUNCTION_1126_UNIT01|CFG_LONGER_VS_STRAIGHTER|DC-M1V3-OBS-T05-J1126-A-20260804T063008Z|P1,Town05:junction:1126,HIST,Ambiguity-Only,TASK_DIVERGENT,True,1.0,0.0,1.0,,1.0,BALANCED_INTENT_WEIGHTED
PUBLIC_a1846ba02022ec35cdc5f7b0,TOWN05_JUNCTION_1126_UNIT01|CFG_LONGER_VS_STRAIGHTER|DC-M1V3-OBS-T05-J1126-A-20260804T063008Z|P1,Town05:junction:1126,HIST,Trajectory-Distance,TASK_DIVERGENT,True,1.0,0.0,1.0,,1.0,BALANCED_INTENT_WEIGHTED
PUBLIC_a1846ba02022ec35cdc5f7b0,TOWN05_JUNCTION_1126_UNIT01|CFG_LONGER_VS_STRAIGHTER|DC-M1V3-OBS-T05-J1126-A-20260804T063008Z|P1,Town05:junction:1126,HIST,Random-Query@matched-rate,TASK_DIVERGENT,True,0.6666666666666666,0.33333333333333337,0.3333333333333333,,1.0,RANDOMIZATION_EXPECTATION
PUBLIC_a1846ba02022ec35cdc5f7b0,TOWN05_JUNCTION_1126_UNIT01|CFG_LONGER_VS_STRAIGHTER|DC-M1V3-OBS-T05-J1126-A-20260804T063008Z|P1,Town05:junction:1126,HIST,DriveClarify,TASK_DIVERGENT,True,1.0,0.0,1.0,,1.0,BALANCED_INTENT_WEIGHTED
PUBLIC_5ec34518cc7c798bb19f7bde,TOWN05_JUNCTION_1126_UNIT01|CFG_LONGER_VS_STRAIGHTER|DC-M1V3-OBS-T05-J1126-A-20260804T063008Z|P2,Town05:junction:1126,HIST,Never Clarify,TASK_DIVERGENT,True,0.5,0.5,0.0,,1.0,BALANCED_INTENT_WEIGHTED
PUBLIC_5ec34518cc7c798bb19f7bde,TOWN05_JUNCTION_1126_UNIT01|CFG_LONGER_VS_STRAIGHTER|DC-M1V3-OBS-T05-J1126-A-20260804T063008Z|P2,Town05:junction:1126,HIST,Always Clarify,TASK_DIVERGENT,True,1.0,0.0,1.0,,1.0,BALANCED_INTENT_WEIGHTED
PUBLIC_5ec34518cc7c798bb19f7bde,TOWN05_JUNCTION_1126_UNIT01|CFG_LONGER_VS_STRAIGHTER|DC-M1V3-OBS-T05-J1126-A-20260804T063008Z|P2,Town05:junction:1126,HIST,Ambiguity-Only,TASK_DIVERGENT,True,1.0,0.0,1.0,,1.0,BALANCED_INTENT_WEIGHTED
PUBLIC_5ec34518cc7c798bb19f7bde,TOWN05_JUNCTION_1126_UNIT01|CFG_LONGER_VS_STRAIGHTER|DC-M1V3-OBS-T05-J1126-A-20260804T063008Z|P2,Town05:junction:1126,HIST,Trajectory-Distance,TASK_DIVERGENT,True,1.0,0.0,1.0,,1.0,BALANCED_INTENT_WEIGHTED
PUBLIC_5ec34518cc7c798bb19f7bde,TOWN05_JUNCTION_1126_UNIT01|CFG_LONGER_VS_STRAIGHTER|DC-M1V3-OBS-T05-J1126-A-20260804T063008Z|P2,Town05:junction:1126,HIST,Random-Query@matched-rate,TASK_DIVERGENT,True,0.6666666666666666,0.33333333333333337,0.3333333333333333,,1.0,RANDOMIZATION_EXPECTATION
PUBLIC_5ec34518cc7c798bb19f7bde,TOWN05_JUNCTION_1126_UNIT01|CFG_LONGER_VS_STRAIGHTER|DC-M1V3-OBS-T05-J1126-A-20260804T063008Z|P2,Town05:junction:1126,HIST,DriveClarify,TASK_DIVERGENT,True,1.0,0.0,1.0,,1.0,BALANCED_INTENT_WEIGHTED
PUBLIC_e5264cfb0c84c4846c5e3670,TOWN05_JUNCTION_1126_UNIT01|CFG_LONGER_VS_SHARPER|DC-M1V3-OBS-T05-J1126-A-20260804T063008Z|P1,Town05:junction:1126,HIST,Never Clarify,TASK_EQUIVALENT,True,1.0,0.0,0.0,0.0,1.0,BALANCED_INTENT_WEIGHTED
PUBLIC_e5264cfb0c84c4846c5e3670,TOWN05_JUNCTION_1126_UNIT01|CFG_LONGER_VS_SHARPER|DC-M1V3-OBS-T05-J1126-A-20260804T063008Z|P1,Town05:junction:1126,HIST,Always Clarify,TASK_EQUIVALENT,True,1.0,0.0,1.0,1.0,1.0,BALANCED_INTENT_WEIGHTED
PUBLIC_e5264cfb0c84c4846c5e3670,TOWN05_JUNCTION_1126_UNIT01|CFG_LONGER_VS_SHARPER|DC-M1V3-OBS-T05-J1126-A-20260804T063008Z|P1,Town05:junction:1126,HIST,Ambiguity-Only,TASK_EQUIVALENT,True,1.0,0.0,1.0,1.0,1.0,BALANCED_INTENT_WEIGHTED
PUBLIC_e5264cfb0c84c4846c5e3670,TOWN05_JUNCTION_1126_UNIT01|CFG_LONGER_VS_SHARPER|DC-M1V3-OBS-T05-J1126-A-20260804T063008Z|P1,Town05:junction:1126,HIST,Trajectory-Distance,TASK_EQUIVALENT,True,1.0,0.0,0.0,0.0,1.0,BALANCED_INTENT_WEIGHTED
PUBLIC_e5264cfb0c84c4846c5e3670,TOWN05_JUNCTION_1126_UNIT01|CFG_LONGER_VS_SHARPER|DC-M1V3-OBS-T05-J1126-A-20260804T063008Z|P1,Town05:junction:1126,HIST,Random-Query@matched-rate,TASK_EQUIVALENT,True,1.0,0.0,0.3333333333333333,0.3333333333333333,1.0,RANDOMIZATION_EXPECTATION
PUBLIC_e5264cfb0c84c4846c5e3670,TOWN05_JUNCTION_1126_UNIT01|CFG_LONGER_VS_SHARPER|DC-M1V3-OBS-T05-J1126-A-20260804T063008Z|P1,Town05:junction:1126,HIST,DriveClarify,TASK_EQUIVALENT,True,1.0,0.0,0.0,0.0,1.0,BALANCED_INTENT_WEIGHTED
PUBLIC_b59161059e0884aa343185e1,TOWN05_JUNCTION_1126_UNIT01|CFG_LONGER_VS_SHARPER|DC-M1V3-OBS-T05-J1126-A-20260804T063008Z|P2,Town05:junction:1126,HIST,Never Clarify,TASK_EQUIVALENT,True,1.0,0.0,0.0,0.0,1.0,BALANCED_INTENT_WEIGHTED
PUBLIC_b59161059e0884aa343185e1,TOWN05_JUNCTION_1126_UNIT01|CFG_LONGER_VS_SHARPER|DC-M1V3-OBS-T05-J1126-A-20260804T063008Z|P2,Town05:junction:1126,HIST,Always Clarify,TASK_EQUIVALENT,True,1.0,0.0,1.0,1.0,1.0,BALANCED_INTENT_WEIGHTED
PUBLIC_b59161059e0884aa343185e1,TOWN05_JUNCTION_1126_UNIT01|CFG_LONGER_VS_SHARPER|DC-M1V3-OBS-T05-J1126-A-20260804T063008Z|P2,Town05:junction:1126,HIST,Ambiguity-Only,TASK_EQUIVALENT,True,1.0,0.0,1.0,1.0,1.0,BALANCED_INTENT_WEIGHTED
PUBLIC_b59161059e0884aa343185e1,TOWN05_JUNCTION_1126_UNIT01|CFG_LONGER_VS_SHARPER|DC-M1V3-OBS-T05-J1126-A-20260804T063008Z|P2,Town05:junction:1126,HIST,Trajectory-Distance,TASK_EQUIVALENT,True,1.0,0.0,0.0,0.0,1.0,BALANCED_INTENT_WEIGHTED
PUBLIC_b59161059e0884aa343185e1,TOWN05_JUNCTION_1126_UNIT01|CFG_LONGER_VS_SHARPER|DC-M1V3-OBS-T05-J1126-A-20260804T063008Z|P2,Town05:junction:1126,HIST,Random-Query@matched-rate,TASK_EQUIVALENT,True,1.0,0.0,0.3333333333333333,0.3333333333333333,1.0,RANDOMIZATION_EXPECTATION
PUBLIC_b59161059e0884aa343185e1,TOWN05_JUNCTION_1126_UNIT01|CFG_LONGER_VS_SHARPER|DC-M1V3-OBS-T05-J1126-A-20260804T063008Z|P2,Town05:junction:1126,HIST,DriveClarify,TASK_EQUIVALENT,True,1.0,0.0,0.0,0.0,1.0,BALANCED_INTENT_WEIGHTED
PUBLIC_0d25c3771a9571f06679f930,TOWN05_JUNCTION_1126_UNIT01|CFG_SAME_EXPRESSION|DC-M1V3-OBS-T05-J1126-A-20260804T063008Z|P1,Town05:junction:1126,HIST,Never Clarify,TASK_EQUIVALENT,True,1.0,0.0,0.0,0.0,1.0,BALANCED_INTENT_WEIGHTED
PUBLIC_0d25c3771a9571f06679f930,TOWN05_JUNCTION_1126_UNIT01|CFG_SAME_EXPRESSION|DC-M1V3-OBS-T05-J1126-A-20260804T063008Z|P1,Town05:junction:1126,HIST,Always Clarify,TASK_EQUIVALENT,True,1.0,0.0,1.0,1.0,1.0,BALANCED_INTENT_WEIGHTED
PUBLIC_0d25c3771a9571f06679f930,TOWN05_JUNCTION_1126_UNIT01|CFG_SAME_EXPRESSION|DC-M1V3-OBS-T05-J1126-A-20260804T063008Z|P1,Town05:junction:1126,HIST,Ambiguity-Only,TASK_EQUIVALENT,True,1.0,0.0,1.0,1.0,1.0,BALANCED_INTENT_WEIGHTED
PUBLIC_0d25c3771a9571f06679f930,TOWN05_JUNCTION_1126_UNIT01|CFG_SAME_EXPRESSION|DC-M1V3-OBS-T05-J1126-A-20260804T063008Z|P1,Town05:junction:1126,HIST,Trajectory-Distance,TASK_EQUIVALENT,True,1.0,0.0,0.0,0.0,1.0,BALANCED_INTENT_WEIGHTED
PUBLIC_0d25c3771a9571f06679f930,TOWN05_JUNCTION_1126_UNIT01|CFG_SAME_EXPRESSION|DC-M1V3-OBS-T05-J1126-A-20260804T063008Z|P1,Town05:junction:1126,HIST,Random-Query@matched-rate,TASK_EQUIVALENT,True,1.0,0.0,0.3333333333333333,0.3333333333333333,1.0,RANDOMIZATION_EXPECTATION
PUBLIC_0d25c3771a9571f06679f930,TOWN05_JUNCTION_1126_UNIT01|CFG_SAME_EXPRESSION|DC-M1V3-OBS-T05-J1126-A-20260804T063008Z|P1,Town05:junction:1126,HIST,DriveClarify,TASK_EQUIVALENT,True,1.0,0.0,0.0,0.0,1.0,BALANCED_INTENT_WEIGHTED
PUBLIC_480cd83272a6a6f732d3ecec,TOWN05_JUNCTION_1126_UNIT01|CFG_SAME_EXPRESSION|DC-M1V3-OBS-T05-J1126-A-20260804T063008Z|P2,Town05:junction:1126,HIST,Never Clarify,TASK_EQUIVALENT,True,1.0,0.0,0.0,0.0,1.0,BALANCED_INTENT_WEIGHTED
PUBLIC_480cd83272a6a6f732d3ecec,TOWN05_JUNCTION_1126_UNIT01|CFG_SAME_EXPRESSION|DC-M1V3-OBS-T05-J1126-A-20260804T063008Z|P2,Town05:junction:1126,HIST,Always Clarify,TASK_EQUIVALENT,True,1.0,0.0,1.0,1.0,1.0,BALANCED_INTENT_WEIGHTED
PUBLIC_480cd83272a6a6f732d3ecec,TOWN05_JUNCTION_1126_UNIT01|CFG_SAME_EXPRESSION|DC-M1V3-OBS-T05-J1126-A-20260804T063008Z|P2,Town05:junction:1126,HIST,Ambiguity-Only,TASK_EQUIVALENT,True,1.0,0.0,1.0,1.0,1.0,BALANCED_INTENT_WEIGHTED
PUBLIC_480cd83272a6a6f732d3ecec,TOWN05_JUNCTION_1126_UNIT01|CFG_SAME_EXPRESSION|DC-M1V3-OBS-T05-J1126-A-20260804T063008Z|P2,Town05:junction:1126,HIST,Trajectory-Distance,TASK_EQUIVALENT,True,1.0,0.0,0.0,0.0,1.0,BALANCED_INTENT_WEIGHTED
PUBLIC_480cd83272a6a6f732d3ecec,TOWN05_JUNCTION_1126_UNIT01|CFG_SAME_EXPRESSION|DC-M1V3-OBS-T05-J1126-A-20260804T063008Z|P2,Town05:junction:1126,HIST,Random-Query@matched-rate,TASK_EQUIVALENT,True,1.0,0.0,0.3333333333333333,0.3333333333333333,1.0,RANDOMIZATION_EXPECTATION
PUBLIC_480cd83272a6a6f732d3ecec,TOWN05_JUNCTION_1126_UNIT01|CFG_SAME_EXPRESSION|DC-M1V3-OBS-T05-J1126-A-20260804T063008Z|P2,Town05:junction:1126,HIST,DriveClarify,TASK_EQUIVALENT,True,1.0,0.0,0.0,0.0,1.0,BALANCED_INTENT_WEIGHTED
PUBLIC_5903a6fffcb3ea5f2e7b461b,TOWN05_JUNCTION_1126_UNIT01|CFG_EVIDENCE_INSUFFICIENT|DC-M1V3-OBS-T05-J1126-A-20260804T063008Z|P1,Town05:junction:1126,HIST,Never Clarify,,False,,,0.0,,1.0,BALANCED_INTENT_WEIGHTED
PUBLIC_5903a6fffcb3ea5f2e7b461b,TOWN05_JUNCTION_1126_UNIT01|CFG_EVIDENCE_INSUFFICIENT|DC-M1V3-OBS-T05-J1126-A-20260804T063008Z|P1,Town05:junction:1126,HIST,Always Clarify,,False,,,1.0,,1.0,BALANCED_INTENT_WEIGHTED
PUBLIC_5903a6fffcb3ea5f2e7b461b,TOWN05_JUNCTION_1126_UNIT01|CFG_EVIDENCE_INSUFFICIENT|DC-M1V3-OBS-T05-J1126-A-20260804T063008Z|P1,Town05:junction:1126,HIST,Ambiguity-Only,,False,,,1.0,,1.0,BALANCED_INTENT_WEIGHTED
PUBLIC_5903a6fffcb3ea5f2e7b461b,TOWN05_JUNCTION_1126_UNIT01|CFG_EVIDENCE_INSUFFICIENT|DC-M1V3-OBS-T05-J1126-A-20260804T063008Z|P1,Town05:junction:1126,HIST,Trajectory-Distance,,False,,,0.0,,1.0,BALANCED_INTENT_WEIGHTED
PUBLIC_5903a6fffcb3ea5f2e7b461b,TOWN05_JUNCTION_1126_UNIT01|CFG_EVIDENCE_INSUFFICIENT|DC-M1V3-OBS-T05-J1126-A-20260804T063008Z|P1,Town05:junction:1126,HIST,Random-Query@matched-rate,,False,,,0.3333333333333333,,1.0,RANDOMIZATION_EXPECTATION
PUBLIC_5903a6fffcb3ea5f2e7b461b,TOWN05_JUNCTION_1126_UNIT01|CFG_EVIDENCE_INSUFFICIENT|DC-M1V3-OBS-T05-J1126-A-20260804T063008Z|P1,Town05:junction:1126,HIST,DriveClarify,,False,,,0.0,,0.0,BALANCED_INTENT_WEIGHTED
PUBLIC_deb17bda8d2d38130fdec9ac,TOWN05_JUNCTION_1126_UNIT01|CFG_EVIDENCE_INSUFFICIENT|DC-M1V3-OBS-T05-J1126-A-20260804T063008Z|P2,Town05:junction:1126,HIST,Never Clarify,,False,,,0.0,,1.0,BALANCED_INTENT_WEIGHTED
PUBLIC_deb17bda8d2d38130fdec9ac,TOWN05_JUNCTION_1126_UNIT01|CFG_EVIDENCE_INSUFFICIENT|DC-M1V3-OBS-T05-J1126-A-20260804T063008Z|P2,Town05:junction:1126,HIST,Always Clarify,,False,,,1.0,,1.0,BALANCED_INTENT_WEIGHTED
PUBLIC_deb17bda8d2d38130fdec9ac,TOWN05_JUNCTION_1126_UNIT01|CFG_EVIDENCE_INSUFFICIENT|DC-M1V3-OBS-T05-J1126-A-20260804T063008Z|P2,Town05:junction:1126,HIST,Ambiguity-Only,,False,,,1.0,,1.0,BALANCED_INTENT_WEIGHTED
PUBLIC_deb17bda8d2d38130fdec9ac,TOWN05_JUNCTION_1126_UNIT01|CFG_EVIDENCE_INSUFFICIENT|DC-M1V3-OBS-T05-J1126-A-20260804T063008Z|P2,Town05:junction:1126,HIST,Trajectory-Distance,,False,,,0.0,,1.0,BALANCED_INTENT_WEIGHTED
PUBLIC_deb17bda8d2d38130fdec9ac,TOWN05_JUNCTION_1126_UNIT01|CFG_EVIDENCE_INSUFFICIENT|DC-M1V3-OBS-T05-J1126-A-20260804T063008Z|P2,Town05:junction:1126,HIST,Random-Query@matched-rate,,False,,,0.3333333333333333,,1.0,RANDOMIZATION_EXPECTATION
PUBLIC_deb17bda8d2d38130fdec9ac,TOWN05_JUNCTION_1126_UNIT01|CFG_EVIDENCE_INSUFFICIENT|DC-M1V3-OBS-T05-J1126-A-20260804T063008Z|P2,Town05:junction:1126,HIST,DriveClarify,,False,,,0.0,,0.0,BALANCED_INTENT_WEIGHTED
PUBLIC_27b9b1fb683ebda7a9a365b4,TOWN05_JUNCTION_1292_UNIT01|CFG_LONGER_VS_STRAIGHTER|DC-M1V3-OBS-T05-J1292-A-20260804T063009Z|P1,Town05:junction:1292,HIST,Never Clarify,TASK_EQUIVALENT,True,1.0,0.0,0.0,0.0,1.0,BALANCED_INTENT_WEIGHTED
PUBLIC_27b9b1fb683ebda7a9a365b4,TOWN05_JUNCTION_1292_UNIT01|CFG_LONGER_VS_STRAIGHTER|DC-M1V3-OBS-T05-J1292-A-20260804T063009Z|P1,Town05:junction:1292,HIST,Always Clarify,TASK_EQUIVALENT,True,1.0,0.0,1.0,1.0,1.0,BALANCED_INTENT_WEIGHTED
PUBLIC_27b9b1fb683ebda7a9a365b4,TOWN05_JUNCTION_1292_UNIT01|CFG_LONGER_VS_STRAIGHTER|DC-M1V3-OBS-T05-J1292-A-20260804T063009Z|P1,Town05:junction:1292,HIST,Ambiguity-Only,TASK_EQUIVALENT,True,1.0,0.0,1.0,1.0,1.0,BALANCED_INTENT_WEIGHTED
PUBLIC_27b9b1fb683ebda7a9a365b4,TOWN05_JUNCTION_1292_UNIT01|CFG_LONGER_VS_STRAIGHTER|DC-M1V3-OBS-T05-J1292-A-20260804T063009Z|P1,Town05:junction:1292,HIST,Trajectory-Distance,TASK_EQUIVALENT,True,1.0,0.0,1.0,1.0,1.0,BALANCED_INTENT_WEIGHTED
PUBLIC_27b9b1fb683ebda7a9a365b4,TOWN05_JUNCTION_1292_UNIT01|CFG_LONGER_VS_STRAIGHTER|DC-M1V3-OBS-T05-J1292-A-20260804T063009Z|P1,Town05:junction:1292,HIST,Random-Query@matched-rate,TASK_EQUIVALENT,True,1.0,0.0,0.3333333333333333,0.3333333333333333,1.0,RANDOMIZATION_EXPECTATION
PUBLIC_27b9b1fb683ebda7a9a365b4,TOWN05_JUNCTION_1292_UNIT01|CFG_LONGER_VS_STRAIGHTER|DC-M1V3-OBS-T05-J1292-A-20260804T063009Z|P1,Town05:junction:1292,HIST,DriveClarify,TASK_EQUIVALENT,True,1.0,0.0,0.0,0.0,1.0,BALANCED_INTENT_WEIGHTED
PUBLIC_ded91ceb01373f16f1337c99,TOWN05_JUNCTION_1292_UNIT01|CFG_LONGER_VS_STRAIGHTER|DC-M1V3-OBS-T05-J1292-A-20260804T063009Z|P2,Town05:junction:1292,HIST,Never Clarify,TASK_EQUIVALENT,True,1.0,0.0,0.0,0.0,1.0,BALANCED_INTENT_WEIGHTED
PUBLIC_ded91ceb01373f16f1337c99,TOWN05_JUNCTION_1292_UNIT01|CFG_LONGER_VS_STRAIGHTER|DC-M1V3-OBS-T05-J1292-A-20260804T063009Z|P2,Town05:junction:1292,HIST,Always Clarify,TASK_EQUIVALENT,True,1.0,0.0,1.0,1.0,1.0,BALANCED_INTENT_WEIGHTED
PUBLIC_ded91ceb01373f16f1337c99,TOWN05_JUNCTION_1292_UNIT01|CFG_LONGER_VS_STRAIGHTER|DC-M1V3-OBS-T05-J1292-A-20260804T063009Z|P2,Town05:junction:1292,HIST,Ambiguity-Only,TASK_EQUIVALENT,True,1.0,0.0,1.0,1.0,1.0,BALANCED_INTENT_WEIGHTED
PUBLIC_ded91ceb01373f16f1337c99,TOWN05_JUNCTION_1292_UNIT01|CFG_LONGER_VS_STRAIGHTER|DC-M1V3-OBS-T05-J1292-A-20260804T063009Z|P2,Town05:junction:1292,HIST,Trajectory-Distance,TASK_EQUIVALENT,True,1.0,0.0,0.0,0.0,1.0,BALANCED_INTENT_WEIGHTED
PUBLIC_ded91ceb01373f16f1337c99,TOWN05_JUNCTION_1292_UNIT01|CFG_LONGER_VS_STRAIGHTER|DC-M1V3-OBS-T05-J1292-A-20260804T063009Z|P2,Town05:junction:1292,HIST,Random-Query@matched-rate,TASK_EQUIVALENT,True,1.0,0.0,0.3333333333333333,0.3333333333333333,1.0,RANDOMIZATION_EXPECTATION
PUBLIC_ded91ceb01373f16f1337c99,TOWN05_JUNCTION_1292_UNIT01|CFG_LONGER_VS_STRAIGHTER|DC-M1V3-OBS-T05-J1292-A-20260804T063009Z|P2,Town05:junction:1292,HIST,DriveClarify,TASK_EQUIVALENT,True,1.0,0.0,0.0,0.0,1.0,BALANCED_INTENT_WEIGHTED
PUBLIC_3252dbf45051c04caa71563b,TOWN05_JUNCTION_1292_UNIT01|CFG_LONGER_VS_SHARPER|DC-M1V3-OBS-T05-J1292-A-20260804T063009Z|P1,Town05:junction:1292,HIST,Never Clarify,TASK_DIVERGENT,True,0.5,0.5,0.0,,1.0,BALANCED_INTENT_WEIGHTED
PUBLIC_3252dbf45051c04caa71563b,TOWN05_JUNCTION_1292_UNIT01|CFG_LONGER_VS_SHARPER|DC-M1V3-OBS-T05-J1292-A-20260804T063009Z|P1,Town05:junction:1292,HIST,Always Clarify,TASK_DIVERGENT,True,1.0,0.0,1.0,,1.0,BALANCED_INTENT_WEIGHTED
PUBLIC_3252dbf45051c04caa71563b,TOWN05_JUNCTION_1292_UNIT01|CFG_LONGER_VS_SHARPER|DC-M1V3-OBS-T05-J1292-A-20260804T063009Z|P1,Town05:junction:1292,HIST,Ambiguity-Only,TASK_DIVERGENT,True,1.0,0.0,1.0,,1.0,BALANCED_INTENT_WEIGHTED
PUBLIC_3252dbf45051c04caa71563b,TOWN05_JUNCTION_1292_UNIT01|CFG_LONGER_VS_SHARPER|DC-M1V3-OBS-T05-J1292-A-20260804T063009Z|P1,Town05:junction:1292,HIST,Trajectory-Distance,TASK_DIVERGENT,True,0.5,0.5,0.0,,1.0,BALANCED_INTENT_WEIGHTED
PUBLIC_3252dbf45051c04caa71563b,TOWN05_JUNCTION_1292_UNIT01|CFG_LONGER_VS_SHARPER|DC-M1V3-OBS-T05-J1292-A-20260804T063009Z|P1,Town05:junction:1292,HIST,Random-Query@matched-rate,TASK_DIVERGENT,True,0.6666666666666666,0.33333333333333337,0.3333333333333333,,1.0,RANDOMIZATION_EXPECTATION
PUBLIC_3252dbf45051c04caa71563b,TOWN05_JUNCTION_1292_UNIT01|CFG_LONGER_VS_SHARPER|DC-M1V3-OBS-T05-J1292-A-20260804T063009Z|P1,Town05:junction:1292,HIST,DriveClarify,TASK_DIVERGENT,True,1.0,0.0,1.0,,1.0,BALANCED_INTENT_WEIGHTED
PUBLIC_e1a46d7c47cd515e0ad1bb46,TOWN05_JUNCTION_1292_UNIT01|CFG_LONGER_VS_SHARPER|DC-M1V3-OBS-T05-J1292-A-20260804T063009Z|P2,Town05:junction:1292,HIST,Never Clarify,TASK_DIVERGENT,True,0.5,0.5,0.0,,1.0,BALANCED_INTENT_WEIGHTED
PUBLIC_e1a46d7c47cd515e0ad1bb46,TOWN05_JUNCTION_1292_UNIT01|CFG_LONGER_VS_SHARPER|DC-M1V3-OBS-T05-J1292-A-20260804T063009Z|P2,Town05:junction:1292,HIST,Always Clarify,TASK_DIVERGENT,True,1.0,0.0,1.0,,1.0,BALANCED_INTENT_WEIGHTED
PUBLIC_e1a46d7c47cd515e0ad1bb46,TOWN05_JUNCTION_1292_UNIT01|CFG_LONGER_VS_SHARPER|DC-M1V3-OBS-T05-J1292-A-20260804T063009Z|P2,Town05:junction:1292,HIST,Ambiguity-Only,TASK_DIVERGENT,True,1.0,0.0,1.0,,1.0,BALANCED_INTENT_WEIGHTED
PUBLIC_e1a46d7c47cd515e0ad1bb46,TOWN05_JUNCTION_1292_UNIT01|CFG_LONGER_VS_SHARPER|DC-M1V3-OBS-T05-J1292-A-20260804T063009Z|P2,Town05:junction:1292,HIST,Trajectory-Distance,TASK_DIVERGENT,True,0.5,0.5,0.0,,1.0,BALANCED_INTENT_WEIGHTED
PUBLIC_e1a46d7c47cd515e0ad1bb46,TOWN05_JUNCTION_1292_UNIT01|CFG_LONGER_VS_SHARPER|DC-M1V3-OBS-T05-J1292-A-20260804T063009Z|P2,Town05:junction:1292,HIST,Random-Query@matched-rate,TASK_DIVERGENT,True,0.6666666666666666,0.33333333333333337,0.3333333333333333,,1.0,RANDOMIZATION_EXPECTATION
PUBLIC_e1a46d7c47cd515e0ad1bb46,TOWN05_JUNCTION_1292_UNIT01|CFG_LONGER_VS_SHARPER|DC-M1V3-OBS-T05-J1292-A-20260804T063009Z|P2,Town05:junction:1292,HIST,DriveClarify,TASK_DIVERGENT,True,1.0,0.0,1.0,,1.0,BALANCED_INTENT_WEIGHTED
PUBLIC_dfe8153aa35bff0755945d4a,TOWN05_JUNCTION_1292_UNIT01|CFG_SAME_EXPRESSION|DC-M1V3-OBS-T05-J1292-A-20260804T063009Z|P1,Town05:junction:1292,HIST,Never Clarify,TASK_EQUIVALENT,True,1.0,0.0,0.0,0.0,1.0,BALANCED_INTENT_WEIGHTED
PUBLIC_dfe8153aa35bff0755945d4a,TOWN05_JUNCTION_1292_UNIT01|CFG_SAME_EXPRESSION|DC-M1V3-OBS-T05-J1292-A-20260804T063009Z|P1,Town05:junction:1292,HIST,Always Clarify,TASK_EQUIVALENT,True,1.0,0.0,1.0,1.0,1.0,BALANCED_INTENT_WEIGHTED
PUBLIC_dfe8153aa35bff0755945d4a,TOWN05_JUNCTION_1292_UNIT01|CFG_SAME_EXPRESSION|DC-M1V3-OBS-T05-J1292-A-20260804T063009Z|P1,Town05:junction:1292,HIST,Ambiguity-Only,TASK_EQUIVALENT,True,1.0,0.0,1.0,1.0,1.0,BALANCED_INTENT_WEIGHTED
PUBLIC_dfe8153aa35bff0755945d4a,TOWN05_JUNCTION_1292_UNIT01|CFG_SAME_EXPRESSION|DC-M1V3-OBS-T05-J1292-A-20260804T063009Z|P1,Town05:junction:1292,HIST,Trajectory-Distance,TASK_EQUIVALENT,True,1.0,0.0,0.0,0.0,1.0,BALANCED_INTENT_WEIGHTED
PUBLIC_dfe8153aa35bff0755945d4a,TOWN05_JUNCTION_1292_UNIT01|CFG_SAME_EXPRESSION|DC-M1V3-OBS-T05-J1292-A-20260804T063009Z|P1,Town05:junction:1292,HIST,Random-Query@matched-rate,TASK_EQUIVALENT,True,1.0,0.0,0.3333333333333333,0.3333333333333333,1.0,RANDOMIZATION_EXPECTATION
PUBLIC_dfe8153aa35bff0755945d4a,TOWN05_JUNCTION_1292_UNIT01|CFG_SAME_EXPRESSION|DC-M1V3-OBS-T05-J1292-A-20260804T063009Z|P1,Town05:junction:1292,HIST,DriveClarify,TASK_EQUIVALENT,True,1.0,0.0,0.0,0.0,1.0,BALANCED_INTENT_WEIGHTED
PUBLIC_a64dfabbaa2bff2e07b61382,TOWN05_JUNCTION_1292_UNIT01|CFG_SAME_EXPRESSION|DC-M1V3-OBS-T05-J1292-A-20260804T063009Z|P2,Town05:junction:1292,HIST,Never Clarify,TASK_EQUIVALENT,True,1.0,0.0,0.0,0.0,1.0,BALANCED_INTENT_WEIGHTED
PUBLIC_a64dfabbaa2bff2e07b61382,TOWN05_JUNCTION_1292_UNIT01|CFG_SAME_EXPRESSION|DC-M1V3-OBS-T05-J1292-A-20260804T063009Z|P2,Town05:junction:1292,HIST,Always Clarify,TASK_EQUIVALENT,True,1.0,0.0,1.0,1.0,1.0,BALANCED_INTENT_WEIGHTED
PUBLIC_a64dfabbaa2bff2e07b61382,TOWN05_JUNCTION_1292_UNIT01|CFG_SAME_EXPRESSION|DC-M1V3-OBS-T05-J1292-A-20260804T063009Z|P2,Town05:junction:1292,HIST,Ambiguity-Only,TASK_EQUIVALENT,True,1.0,0.0,1.0,1.0,1.0,BALANCED_INTENT_WEIGHTED
PUBLIC_a64dfabbaa2bff2e07b61382,TOWN05_JUNCTION_1292_UNIT01|CFG_SAME_EXPRESSION|DC-M1V3-OBS-T05-J1292-A-20260804T063009Z|P2,Town05:junction:1292,HIST,Trajectory-Distance,TASK_EQUIVALENT,True,1.0,0.0,0.0,0.0,1.0,BALANCED_INTENT_WEIGHTED
PUBLIC_a64dfabbaa2bff2e07b61382,TOWN05_JUNCTION_1292_UNIT01|CFG_SAME_EXPRESSION|DC-M1V3-OBS-T05-J1292-A-20260804T063009Z|P2,Town05:junction:1292,HIST,Random-Query@matched-rate,TASK_EQUIVALENT,True,1.0,0.0,0.3333333333333333,0.3333333333333333,1.0,RANDOMIZATION_EXPECTATION
PUBLIC_a64dfabbaa2bff2e07b61382,TOWN05_JUNCTION_1292_UNIT01|CFG_SAME_EXPRESSION|DC-M1V3-OBS-T05-J1292-A-20260804T063009Z|P2,Town05:junction:1292,HIST,DriveClarify,TASK_EQUIVALENT,True,1.0,0.0,0.0,0.0,1.0,BALANCED_INTENT_WEIGHTED
PUBLIC_1af23f81bcff8bce627002ef,TOWN05_JUNCTION_1292_UNIT01|CFG_EVIDENCE_INSUFFICIENT|DC-M1V3-OBS-T05-J1292-A-20260804T063009Z|P1,Town05:junction:1292,HIST,Never Clarify,,False,,,0.0,,1.0,BALANCED_INTENT_WEIGHTED
PUBLIC_1af23f81bcff8bce627002ef,TOWN05_JUNCTION_1292_UNIT01|CFG_EVIDENCE_INSUFFICIENT|DC-M1V3-OBS-T05-J1292-A-20260804T063009Z|P1,Town05:junction:1292,HIST,Always Clarify,,False,,,1.0,,1.0,BALANCED_INTENT_WEIGHTED
PUBLIC_1af23f81bcff8bce627002ef,TOWN05_JUNCTION_1292_UNIT01|CFG_EVIDENCE_INSUFFICIENT|DC-M1V3-OBS-T05-J1292-A-20260804T063009Z|P1,Town05:junction:1292,HIST,Ambiguity-Only,,False,,,1.0,,1.0,BALANCED_INTENT_WEIGHTED
PUBLIC_1af23f81bcff8bce627002ef,TOWN05_JUNCTION_1292_UNIT01|CFG_EVIDENCE_INSUFFICIENT|DC-M1V3-OBS-T05-J1292-A-20260804T063009Z|P1,Town05:junction:1292,HIST,Trajectory-Distance,,False,,,0.0,,1.0,BALANCED_INTENT_WEIGHTED
PUBLIC_1af23f81bcff8bce627002ef,TOWN05_JUNCTION_1292_UNIT01|CFG_EVIDENCE_INSUFFICIENT|DC-M1V3-OBS-T05-J1292-A-20260804T063009Z|P1,Town05:junction:1292,HIST,Random-Query@matched-rate,,False,,,0.3333333333333333,,1.0,RANDOMIZATION_EXPECTATION
PUBLIC_1af23f81bcff8bce627002ef,TOWN05_JUNCTION_1292_UNIT01|CFG_EVIDENCE_INSUFFICIENT|DC-M1V3-OBS-T05-J1292-A-20260804T063009Z|P1,Town05:junction:1292,HIST,DriveClarify,,False,,,0.0,,0.0,BALANCED_INTENT_WEIGHTED
PUBLIC_ea3e6af0ec9b60511d4b1e15,TOWN05_JUNCTION_1292_UNIT01|CFG_EVIDENCE_INSUFFICIENT|DC-M1V3-OBS-T05-J1292-A-20260804T063009Z|P2,Town05:junction:1292,HIST,Never Clarify,,False,,,0.0,,1.0,BALANCED_INTENT_WEIGHTED
PUBLIC_ea3e6af0ec9b60511d4b1e15,TOWN05_JUNCTION_1292_UNIT01|CFG_EVIDENCE_INSUFFICIENT|DC-M1V3-OBS-T05-J1292-A-20260804T063009Z|P2,Town05:junction:1292,HIST,Always Clarify,,False,,,1.0,,1.0,BALANCED_INTENT_WEIGHTED
PUBLIC_ea3e6af0ec9b60511d4b1e15,TOWN05_JUNCTION_1292_UNIT01|CFG_EVIDENCE_INSUFFICIENT|DC-M1V3-OBS-T05-J1292-A-20260804T063009Z|P2,Town05:junction:1292,HIST,Ambiguity-Only,,False,,,1.0,,1.0,BALANCED_INTENT_WEIGHTED
PUBLIC_ea3e6af0ec9b60511d4b1e15,TOWN05_JUNCTION_1292_UNIT01|CFG_EVIDENCE_INSUFFICIENT|DC-M1V3-OBS-T05-J1292-A-20260804T063009Z|P2,Town05:junction:1292,HIST,Trajectory-Distance,,False,,,0.0,,1.0,BALANCED_INTENT_WEIGHTED
PUBLIC_ea3e6af0ec9b60511d4b1e15,TOWN05_JUNCTION_1292_UNIT01|CFG_EVIDENCE_INSUFFICIENT|DC-M1V3-OBS-T05-J1292-A-20260804T063009Z|P2,Town05:junction:1292,HIST,Random-Query@matched-rate,,False,,,0.3333333333333333,,1.0,RANDOMIZATION_EXPECTATION
PUBLIC_ea3e6af0ec9b60511d4b1e15,TOWN05_JUNCTION_1292_UNIT01|CFG_EVIDENCE_INSUFFICIENT|DC-M1V3-OBS-T05-J1292-A-20260804T063009Z|P2,Town05:junction:1292,HIST,DriveClarify,,False,,,0.0,,0.0,BALANCED_INTENT_WEIGHTED
PUBLIC_986e6b6be2a4136090c1ae63,TOWN05_JUNCTION_1882_UNIT01|CFG_LONGER_VS_STRAIGHTER|DC-M1V3-OBS-T05-J1882-A-20260804T063011Z|P1,Town05:junction:1882,HIST,Never Clarify,TASK_EQUIVALENT,True,1.0,0.0,0.0,0.0,1.0,BALANCED_INTENT_WEIGHTED
PUBLIC_986e6b6be2a4136090c1ae63,TOWN05_JUNCTION_1882_UNIT01|CFG_LONGER_VS_STRAIGHTER|DC-M1V3-OBS-T05-J1882-A-20260804T063011Z|P1,Town05:junction:1882,HIST,Always Clarify,TASK_EQUIVALENT,True,1.0,0.0,1.0,1.0,1.0,BALANCED_INTENT_WEIGHTED
PUBLIC_986e6b6be2a4136090c1ae63,TOWN05_JUNCTION_1882_UNIT01|CFG_LONGER_VS_STRAIGHTER|DC-M1V3-OBS-T05-J1882-A-20260804T063011Z|P1,Town05:junction:1882,HIST,Ambiguity-Only,TASK_EQUIVALENT,True,1.0,0.0,1.0,1.0,1.0,BALANCED_INTENT_WEIGHTED
PUBLIC_986e6b6be2a4136090c1ae63,TOWN05_JUNCTION_1882_UNIT01|CFG_LONGER_VS_STRAIGHTER|DC-M1V3-OBS-T05-J1882-A-20260804T063011Z|P1,Town05:junction:1882,HIST,Trajectory-Distance,TASK_EQUIVALENT,True,1.0,0.0,0.0,0.0,1.0,BALANCED_INTENT_WEIGHTED
PUBLIC_986e6b6be2a4136090c1ae63,TOWN05_JUNCTION_1882_UNIT01|CFG_LONGER_VS_STRAIGHTER|DC-M1V3-OBS-T05-J1882-A-20260804T063011Z|P1,Town05:junction:1882,HIST,Random-Query@matched-rate,TASK_EQUIVALENT,True,1.0,0.0,0.3333333333333333,0.3333333333333333,1.0,RANDOMIZATION_EXPECTATION
PUBLIC_986e6b6be2a4136090c1ae63,TOWN05_JUNCTION_1882_UNIT01|CFG_LONGER_VS_STRAIGHTER|DC-M1V3-OBS-T05-J1882-A-20260804T063011Z|P1,Town05:junction:1882,HIST,DriveClarify,TASK_EQUIVALENT,True,1.0,0.0,0.0,0.0,1.0,BALANCED_INTENT_WEIGHTED
PUBLIC_de2c4d01ed23bfa31d2d4564,TOWN05_JUNCTION_1882_UNIT01|CFG_LONGER_VS_STRAIGHTER|DC-M1V3-OBS-T05-J1882-A-20260804T063011Z|P2,Town05:junction:1882,HIST,Never Clarify,TASK_EQUIVALENT,True,1.0,0.0,0.0,0.0,1.0,BALANCED_INTENT_WEIGHTED
PUBLIC_de2c4d01ed23bfa31d2d4564,TOWN05_JUNCTION_1882_UNIT01|CFG_LONGER_VS_STRAIGHTER|DC-M1V3-OBS-T05-J1882-A-20260804T063011Z|P2,Town05:junction:1882,HIST,Always Clarify,TASK_EQUIVALENT,True,1.0,0.0,1.0,1.0,1.0,BALANCED_INTENT_WEIGHTED
PUBLIC_de2c4d01ed23bfa31d2d4564,TOWN05_JUNCTION_1882_UNIT01|CFG_LONGER_VS_STRAIGHTER|DC-M1V3-OBS-T05-J1882-A-20260804T063011Z|P2,Town05:junction:1882,HIST,Ambiguity-Only,TASK_EQUIVALENT,True,1.0,0.0,1.0,1.0,1.0,BALANCED_INTENT_WEIGHTED
PUBLIC_de2c4d01ed23bfa31d2d4564,TOWN05_JUNCTION_1882_UNIT01|CFG_LONGER_VS_STRAIGHTER|DC-M1V3-OBS-T05-J1882-A-20260804T063011Z|P2,Town05:junction:1882,HIST,Trajectory-Distance,TASK_EQUIVALENT,True,1.0,0.0,0.0,0.0,1.0,BALANCED_INTENT_WEIGHTED
PUBLIC_de2c4d01ed23bfa31d2d4564,TOWN05_JUNCTION_1882_UNIT01|CFG_LONGER_VS_STRAIGHTER|DC-M1V3-OBS-T05-J1882-A-20260804T063011Z|P2,Town05:junction:1882,HIST,Random-Query@matched-rate,TASK_EQUIVALENT,True,1.0,0.0,0.3333333333333333,0.3333333333333333,1.0,RANDOMIZATION_EXPECTATION
PUBLIC_de2c4d01ed23bfa31d2d4564,TOWN05_JUNCTION_1882_UNIT01|CFG_LONGER_VS_STRAIGHTER|DC-M1V3-OBS-T05-J1882-A-20260804T063011Z|P2,Town05:junction:1882,HIST,DriveClarify,TASK_EQUIVALENT,True,1.0,0.0,0.0,0.0,1.0,BALANCED_INTENT_WEIGHTED
PUBLIC_85bbdc22808bc0617a18c57a,TOWN05_JUNCTION_1882_UNIT01|CFG_LONGER_VS_SHARPER|DC-M1V3-OBS-T05-J1882-A-20260804T063011Z|P1,Town05:junction:1882,HIST,Never Clarify,TASK_DIVERGENT,True,0.5,0.5,0.0,,1.0,BALANCED_INTENT_WEIGHTED
PUBLIC_85bbdc22808bc0617a18c57a,TOWN05_JUNCTION_1882_UNIT01|CFG_LONGER_VS_SHARPER|DC-M1V3-OBS-T05-J1882-A-20260804T063011Z|P1,Town05:junction:1882,HIST,Always Clarify,TASK_DIVERGENT,True,1.0,0.0,1.0,,1.0,BALANCED_INTENT_WEIGHTED
PUBLIC_85bbdc22808bc0617a18c57a,TOWN05_JUNCTION_1882_UNIT01|CFG_LONGER_VS_SHARPER|DC-M1V3-OBS-T05-J1882-A-20260804T063011Z|P1,Town05:junction:1882,HIST,Ambiguity-Only,TASK_DIVERGENT,True,1.0,0.0,1.0,,1.0,BALANCED_INTENT_WEIGHTED
PUBLIC_85bbdc22808bc0617a18c57a,TOWN05_JUNCTION_1882_UNIT01|CFG_LONGER_VS_SHARPER|DC-M1V3-OBS-T05-J1882-A-20260804T063011Z|P1,Town05:junction:1882,HIST,Trajectory-Distance,TASK_DIVERGENT,True,0.5,0.5,0.0,,1.0,BALANCED_INTENT_WEIGHTED
PUBLIC_85bbdc22808bc0617a18c57a,TOWN05_JUNCTION_1882_UNIT01|CFG_LONGER_VS_SHARPER|DC-M1V3-OBS-T05-J1882-A-20260804T063011Z|P1,Town05:junction:1882,HIST,Random-Query@matched-rate,TASK_DIVERGENT,True,0.6666666666666666,0.33333333333333337,0.3333333333333333,,1.0,RANDOMIZATION_EXPECTATION
PUBLIC_85bbdc22808bc0617a18c57a,TOWN05_JUNCTION_1882_UNIT01|CFG_LONGER_VS_SHARPER|DC-M1V3-OBS-T05-J1882-A-20260804T063011Z|P1,Town05:junction:1882,HIST,DriveClarify,TASK_DIVERGENT,True,1.0,0.0,1.0,,1.0,BALANCED_INTENT_WEIGHTED
PUBLIC_4f9167c2e7566628a9052eac,TOWN05_JUNCTION_1882_UNIT01|CFG_LONGER_VS_SHARPER|DC-M1V3-OBS-T05-J1882-A-20260804T063011Z|P2,Town05:junction:1882,HIST,Never Clarify,TASK_DIVERGENT,True,0.5,0.5,0.0,,1.0,BALANCED_INTENT_WEIGHTED
PUBLIC_4f9167c2e7566628a9052eac,TOWN05_JUNCTION_1882_UNIT01|CFG_LONGER_VS_SHARPER|DC-M1V3-OBS-T05-J1882-A-20260804T063011Z|P2,Town05:junction:1882,HIST,Always Clarify,TASK_DIVERGENT,True,1.0,0.0,1.0,,1.0,BALANCED_INTENT_WEIGHTED
PUBLIC_4f9167c2e7566628a9052eac,TOWN05_JUNCTION_1882_UNIT01|CFG_LONGER_VS_SHARPER|DC-M1V3-OBS-T05-J1882-A-20260804T063011Z|P2,Town05:junction:1882,HIST,Ambiguity-Only,TASK_DIVERGENT,True,1.0,0.0,1.0,,1.0,BALANCED_INTENT_WEIGHTED
PUBLIC_4f9167c2e7566628a9052eac,TOWN05_JUNCTION_1882_UNIT01|CFG_LONGER_VS_SHARPER|DC-M1V3-OBS-T05-J1882-A-20260804T063011Z|P2,Town05:junction:1882,HIST,Trajectory-Distance,TASK_DIVERGENT,True,0.5,0.5,0.0,,1.0,BALANCED_INTENT_WEIGHTED
PUBLIC_4f9167c2e7566628a9052eac,TOWN05_JUNCTION_1882_UNIT01|CFG_LONGER_VS_SHARPER|DC-M1V3-OBS-T05-J1882-A-20260804T063011Z|P2,Town05:junction:1882,HIST,Random-Query@matched-rate,TASK_DIVERGENT,True,0.6666666666666666,0.33333333333333337,0.3333333333333333,,1.0,RANDOMIZATION_EXPECTATION
PUBLIC_4f9167c2e7566628a9052eac,TOWN05_JUNCTION_1882_UNIT01|CFG_LONGER_VS_SHARPER|DC-M1V3-OBS-T05-J1882-A-20260804T063011Z|P2,Town05:junction:1882,HIST,DriveClarify,TASK_DIVERGENT,True,1.0,0.0,1.0,,1.0,BALANCED_INTENT_WEIGHTED
PUBLIC_a72a18271e3975cb8ce1f061,TOWN05_JUNCTION_1882_UNIT01|CFG_SAME_EXPRESSION|DC-M1V3-OBS-T05-J1882-A-20260804T063011Z|P1,Town05:junction:1882,HIST,Never Clarify,TASK_EQUIVALENT,True,1.0,0.0,0.0,0.0,1.0,BALANCED_INTENT_WEIGHTED
PUBLIC_a72a18271e3975cb8ce1f061,TOWN05_JUNCTION_1882_UNIT01|CFG_SAME_EXPRESSION|DC-M1V3-OBS-T05-J1882-A-20260804T063011Z|P1,Town05:junction:1882,HIST,Always Clarify,TASK_EQUIVALENT,True,1.0,0.0,1.0,1.0,1.0,BALANCED_INTENT_WEIGHTED
PUBLIC_a72a18271e3975cb8ce1f061,TOWN05_JUNCTION_1882_UNIT01|CFG_SAME_EXPRESSION|DC-M1V3-OBS-T05-J1882-A-20260804T063011Z|P1,Town05:junction:1882,HIST,Ambiguity-Only,TASK_EQUIVALENT,True,1.0,0.0,1.0,1.0,1.0,BALANCED_INTENT_WEIGHTED
PUBLIC_a72a18271e3975cb8ce1f061,TOWN05_JUNCTION_1882_UNIT01|CFG_SAME_EXPRESSION|DC-M1V3-OBS-T05-J1882-A-20260804T063011Z|P1,Town05:junction:1882,HIST,Trajectory-Distance,TASK_EQUIVALENT,True,1.0,0.0,0.0,0.0,1.0,BALANCED_INTENT_WEIGHTED
PUBLIC_a72a18271e3975cb8ce1f061,TOWN05_JUNCTION_1882_UNIT01|CFG_SAME_EXPRESSION|DC-M1V3-OBS-T05-J1882-A-20260804T063011Z|P1,Town05:junction:1882,HIST,Random-Query@matched-rate,TASK_EQUIVALENT,True,1.0,0.0,0.3333333333333333,0.3333333333333333,1.0,RANDOMIZATION_EXPECTATION
PUBLIC_a72a18271e3975cb8ce1f061,TOWN05_JUNCTION_1882_UNIT01|CFG_SAME_EXPRESSION|DC-M1V3-OBS-T05-J1882-A-20260804T063011Z|P1,Town05:junction:1882,HIST,DriveClarify,TASK_EQUIVALENT,True,1.0,0.0,0.0,0.0,1.0,BALANCED_INTENT_WEIGHTED
PUBLIC_c7b8cd8c4d986a2866fbe08d,TOWN05_JUNCTION_1882_UNIT01|CFG_SAME_EXPRESSION|DC-M1V3-OBS-T05-J1882-A-20260804T063011Z|P2,Town05:junction:1882,HIST,Never Clarify,TASK_EQUIVALENT,True,1.0,0.0,0.0,0.0,1.0,BALANCED_INTENT_WEIGHTED
PUBLIC_c7b8cd8c4d986a2866fbe08d,TOWN05_JUNCTION_1882_UNIT01|CFG_SAME_EXPRESSION|DC-M1V3-OBS-T05-J1882-A-20260804T063011Z|P2,Town05:junction:1882,HIST,Always Clarify,TASK_EQUIVALENT,True,1.0,0.0,1.0,1.0,1.0,BALANCED_INTENT_WEIGHTED
PUBLIC_c7b8cd8c4d986a2866fbe08d,TOWN05_JUNCTION_1882_UNIT01|CFG_SAME_EXPRESSION|DC-M1V3-OBS-T05-J1882-A-20260804T063011Z|P2,Town05:junction:1882,HIST,Ambiguity-Only,TASK_EQUIVALENT,True,1.0,0.0,1.0,1.0,1.0,BALANCED_INTENT_WEIGHTED
PUBLIC_c7b8cd8c4d986a2866fbe08d,TOWN05_JUNCTION_1882_UNIT01|CFG_SAME_EXPRESSION|DC-M1V3-OBS-T05-J1882-A-20260804T063011Z|P2,Town05:junction:1882,HIST,Trajectory-Distance,TASK_EQUIVALENT,True,1.0,0.0,0.0,0.0,1.0,BALANCED_INTENT_WEIGHTED
PUBLIC_c7b8cd8c4d986a2866fbe08d,TOWN05_JUNCTION_1882_UNIT01|CFG_SAME_EXPRESSION|DC-M1V3-OBS-T05-J1882-A-20260804T063011Z|P2,Town05:junction:1882,HIST,Random-Query@matched-rate,TASK_EQUIVALENT,True,1.0,0.0,0.3333333333333333,0.3333333333333333,1.0,RANDOMIZATION_EXPECTATION
PUBLIC_c7b8cd8c4d986a2866fbe08d,TOWN05_JUNCTION_1882_UNIT01|CFG_SAME_EXPRESSION|DC-M1V3-OBS-T05-J1882-A-20260804T063011Z|P2,Town05:junction:1882,HIST,DriveClarify,TASK_EQUIVALENT,True,1.0,0.0,0.0,0.0,1.0,BALANCED_INTENT_WEIGHTED
PUBLIC_953a046c215ed16ca0f9583c,TOWN05_JUNCTION_1882_UNIT01|CFG_EVIDENCE_INSUFFICIENT|DC-M1V3-OBS-T05-J1882-A-20260804T063011Z|P1,Town05:junction:1882,HIST,Never Clarify,,False,,,0.0,,1.0,BALANCED_INTENT_WEIGHTED
PUBLIC_953a046c215ed16ca0f9583c,TOWN05_JUNCTION_1882_UNIT01|CFG_EVIDENCE_INSUFFICIENT|DC-M1V3-OBS-T05-J1882-A-20260804T063011Z|P1,Town05:junction:1882,HIST,Always Clarify,,False,,,1.0,,1.0,BALANCED_INTENT_WEIGHTED
PUBLIC_953a046c215ed16ca0f9583c,TOWN05_JUNCTION_1882_UNIT01|CFG_EVIDENCE_INSUFFICIENT|DC-M1V3-OBS-T05-J1882-A-20260804T063011Z|P1,Town05:junction:1882,HIST,Ambiguity-Only,,False,,,1.0,,1.0,BALANCED_INTENT_WEIGHTED
PUBLIC_953a046c215ed16ca0f9583c,TOWN05_JUNCTION_1882_UNIT01|CFG_EVIDENCE_INSUFFICIENT|DC-M1V3-OBS-T05-J1882-A-20260804T063011Z|P1,Town05:junction:1882,HIST,Trajectory-Distance,,False,,,0.0,,1.0,BALANCED_INTENT_WEIGHTED
PUBLIC_953a046c215ed16ca0f9583c,TOWN05_JUNCTION_1882_UNIT01|CFG_EVIDENCE_INSUFFICIENT|DC-M1V3-OBS-T05-J1882-A-20260804T063011Z|P1,Town05:junction:1882,HIST,Random-Query@matched-rate,,False,,,0.3333333333333333,,1.0,RANDOMIZATION_EXPECTATION
PUBLIC_953a046c215ed16ca0f9583c,TOWN05_JUNCTION_1882_UNIT01|CFG_EVIDENCE_INSUFFICIENT|DC-M1V3-OBS-T05-J1882-A-20260804T063011Z|P1,Town05:junction:1882,HIST,DriveClarify,,False,,,0.0,,0.0,BALANCED_INTENT_WEIGHTED
PUBLIC_68e982eae200af07a48b3190,TOWN05_JUNCTION_1882_UNIT01|CFG_EVIDENCE_INSUFFICIENT|DC-M1V3-OBS-T05-J1882-A-20260804T063011Z|P2,Town05:junction:1882,HIST,Never Clarify,,False,,,0.0,,1.0,BALANCED_INTENT_WEIGHTED
PUBLIC_68e982eae200af07a48b3190,TOWN05_JUNCTION_1882_UNIT01|CFG_EVIDENCE_INSUFFICIENT|DC-M1V3-OBS-T05-J1882-A-20260804T063011Z|P2,Town05:junction:1882,HIST,Always Clarify,,False,,,1.0,,1.0,BALANCED_INTENT_WEIGHTED
PUBLIC_68e982eae200af07a48b3190,TOWN05_JUNCTION_1882_UNIT01|CFG_EVIDENCE_INSUFFICIENT|DC-M1V3-OBS-T05-J1882-A-20260804T063011Z|P2,Town05:junction:1882,HIST,Ambiguity-Only,,False,,,1.0,,1.0,BALANCED_INTENT_WEIGHTED
PUBLIC_68e982eae200af07a48b3190,TOWN05_JUNCTION_1882_UNIT01|CFG_EVIDENCE_INSUFFICIENT|DC-M1V3-OBS-T05-J1882-A-20260804T063011Z|P2,Town05:junction:1882,HIST,Trajectory-Distance,,False,,,0.0,,1.0,BALANCED_INTENT_WEIGHTED
PUBLIC_68e982eae200af07a48b3190,TOWN05_JUNCTION_1882_UNIT01|CFG_EVIDENCE_INSUFFICIENT|DC-M1V3-OBS-T05-J1882-A-20260804T063011Z|P2,Town05:junction:1882,HIST,Random-Query@matched-rate,,False,,,0.3333333333333333,,1.0,RANDOMIZATION_EXPECTATION
PUBLIC_68e982eae200af07a48b3190,TOWN05_JUNCTION_1882_UNIT01|CFG_EVIDENCE_INSUFFICIENT|DC-M1V3-OBS-T05-J1882-A-20260804T063011Z|P2,Town05:junction:1882,HIST,DriveClarify,,False,,,0.0,,0.0,BALANCED_INTENT_WEIGHTED
PUBLIC_da82ee45cf40519a880a1bf3,TOWN05_JUNCTION_1930_UNIT01|CFG_LONGER_VS_STRAIGHTER|DC-M1V3-OBS-T05-J1930-A-20260804T063012Z|P1,Town05:junction:1930,HIST,Never Clarify,TASK_DIVERGENT,True,0.5,0.5,0.0,,1.0,BALANCED_INTENT_WEIGHTED
PUBLIC_da82ee45cf40519a880a1bf3,TOWN05_JUNCTION_1930_UNIT01|CFG_LONGER_VS_STRAIGHTER|DC-M1V3-OBS-T05-J1930-A-20260804T063012Z|P1,Town05:junction:1930,HIST,Always Clarify,TASK_DIVERGENT,True,1.0,0.0,1.0,,1.0,BALANCED_INTENT_WEIGHTED
PUBLIC_da82ee45cf40519a880a1bf3,TOWN05_JUNCTION_1930_UNIT01|CFG_LONGER_VS_STRAIGHTER|DC-M1V3-OBS-T05-J1930-A-20260804T063012Z|P1,Town05:junction:1930,HIST,Ambiguity-Only,TASK_DIVERGENT,True,1.0,0.0,1.0,,1.0,BALANCED_INTENT_WEIGHTED
PUBLIC_da82ee45cf40519a880a1bf3,TOWN05_JUNCTION_1930_UNIT01|CFG_LONGER_VS_STRAIGHTER|DC-M1V3-OBS-T05-J1930-A-20260804T063012Z|P1,Town05:junction:1930,HIST,Trajectory-Distance,TASK_DIVERGENT,True,0.5,0.5,0.0,,1.0,BALANCED_INTENT_WEIGHTED
PUBLIC_da82ee45cf40519a880a1bf3,TOWN05_JUNCTION_1930_UNIT01|CFG_LONGER_VS_STRAIGHTER|DC-M1V3-OBS-T05-J1930-A-20260804T063012Z|P1,Town05:junction:1930,HIST,Random-Query@matched-rate,TASK_DIVERGENT,True,0.6666666666666666,0.33333333333333337,0.3333333333333333,,1.0,RANDOMIZATION_EXPECTATION
PUBLIC_da82ee45cf40519a880a1bf3,TOWN05_JUNCTION_1930_UNIT01|CFG_LONGER_VS_STRAIGHTER|DC-M1V3-OBS-T05-J1930-A-20260804T063012Z|P1,Town05:junction:1930,HIST,DriveClarify,TASK_DIVERGENT,True,1.0,0.0,1.0,,1.0,BALANCED_INTENT_WEIGHTED
PUBLIC_447146a6746e730fa99eda74,TOWN05_JUNCTION_1930_UNIT01|CFG_LONGER_VS_STRAIGHTER|DC-M1V3-OBS-T05-J1930-A-20260804T063012Z|P2,Town05:junction:1930,HIST,Never Clarify,TASK_DIVERGENT,True,0.5,0.5,0.0,,1.0,BALANCED_INTENT_WEIGHTED
PUBLIC_447146a6746e730fa99eda74,TOWN05_JUNCTION_1930_UNIT01|CFG_LONGER_VS_STRAIGHTER|DC-M1V3-OBS-T05-J1930-A-20260804T063012Z|P2,Town05:junction:1930,HIST,Always Clarify,TASK_DIVERGENT,True,1.0,0.0,1.0,,1.0,BALANCED_INTENT_WEIGHTED
PUBLIC_447146a6746e730fa99eda74,TOWN05_JUNCTION_1930_UNIT01|CFG_LONGER_VS_STRAIGHTER|DC-M1V3-OBS-T05-J1930-A-20260804T063012Z|P2,Town05:junction:1930,HIST,Ambiguity-Only,TASK_DIVERGENT,True,1.0,0.0,1.0,,1.0,BALANCED_INTENT_WEIGHTED
PUBLIC_447146a6746e730fa99eda74,TOWN05_JUNCTION_1930_UNIT01|CFG_LONGER_VS_STRAIGHTER|DC-M1V3-OBS-T05-J1930-A-20260804T063012Z|P2,Town05:junction:1930,HIST,Trajectory-Distance,TASK_DIVERGENT,True,0.5,0.5,0.0,,1.0,BALANCED_INTENT_WEIGHTED
PUBLIC_447146a6746e730fa99eda74,TOWN05_JUNCTION_1930_UNIT01|CFG_LONGER_VS_STRAIGHTER|DC-M1V3-OBS-T05-J1930-A-20260804T063012Z|P2,Town05:junction:1930,HIST,Random-Query@matched-rate,TASK_DIVERGENT,True,0.6666666666666666,0.33333333333333337,0.3333333333333333,,1.0,RANDOMIZATION_EXPECTATION
PUBLIC_447146a6746e730fa99eda74,TOWN05_JUNCTION_1930_UNIT01|CFG_LONGER_VS_STRAIGHTER|DC-M1V3-OBS-T05-J1930-A-20260804T063012Z|P2,Town05:junction:1930,HIST,DriveClarify,TASK_DIVERGENT,True,1.0,0.0,1.0,,1.0,BALANCED_INTENT_WEIGHTED
PUBLIC_6943cbfc9dad4f669a865a55,TOWN05_JUNCTION_1930_UNIT01|CFG_LONGER_VS_SHARPER|DC-M1V3-OBS-T05-J1930-A-20260804T063012Z|P1,Town05:junction:1930,HIST,Never Clarify,TASK_EQUIVALENT,True,1.0,0.0,0.0,0.0,1.0,BALANCED_INTENT_WEIGHTED
PUBLIC_6943cbfc9dad4f669a865a55,TOWN05_JUNCTION_1930_UNIT01|CFG_LONGER_VS_SHARPER|DC-M1V3-OBS-T05-J1930-A-20260804T063012Z|P1,Town05:junction:1930,HIST,Always Clarify,TASK_EQUIVALENT,True,1.0,0.0,1.0,1.0,1.0,BALANCED_INTENT_WEIGHTED
PUBLIC_6943cbfc9dad4f669a865a55,TOWN05_JUNCTION_1930_UNIT01|CFG_LONGER_VS_SHARPER|DC-M1V3-OBS-T05-J1930-A-20260804T063012Z|P1,Town05:junction:1930,HIST,Ambiguity-Only,TASK_EQUIVALENT,True,1.0,0.0,1.0,1.0,1.0,BALANCED_INTENT_WEIGHTED
PUBLIC_6943cbfc9dad4f669a865a55,TOWN05_JUNCTION_1930_UNIT01|CFG_LONGER_VS_SHARPER|DC-M1V3-OBS-T05-J1930-A-20260804T063012Z|P1,Town05:junction:1930,HIST,Trajectory-Distance,TASK_EQUIVALENT,True,1.0,0.0,1.0,1.0,1.0,BALANCED_INTENT_WEIGHTED
PUBLIC_6943cbfc9dad4f669a865a55,TOWN05_JUNCTION_1930_UNIT01|CFG_LONGER_VS_SHARPER|DC-M1V3-OBS-T05-J1930-A-20260804T063012Z|P1,Town05:junction:1930,HIST,Random-Query@matched-rate,TASK_EQUIVALENT,True,1.0,0.0,0.3333333333333333,0.3333333333333333,1.0,RANDOMIZATION_EXPECTATION
PUBLIC_6943cbfc9dad4f669a865a55,TOWN05_JUNCTION_1930_UNIT01|CFG_LONGER_VS_SHARPER|DC-M1V3-OBS-T05-J1930-A-20260804T063012Z|P1,Town05:junction:1930,HIST,DriveClarify,TASK_EQUIVALENT,True,1.0,0.0,0.0,0.0,1.0,BALANCED_INTENT_WEIGHTED
PUBLIC_4789fe4be593ace1545bc4a0,TOWN05_JUNCTION_1930_UNIT01|CFG_LONGER_VS_SHARPER|DC-M1V3-OBS-T05-J1930-A-20260804T063012Z|P2,Town05:junction:1930,HIST,Never Clarify,TASK_EQUIVALENT,True,1.0,0.0,0.0,0.0,1.0,BALANCED_INTENT_WEIGHTED
PUBLIC_4789fe4be593ace1545bc4a0,TOWN05_JUNCTION_1930_UNIT01|CFG_LONGER_VS_SHARPER|DC-M1V3-OBS-T05-J1930-A-20260804T063012Z|P2,Town05:junction:1930,HIST,Always Clarify,TASK_EQUIVALENT,True,1.0,0.0,1.0,1.0,1.0,BALANCED_INTENT_WEIGHTED
PUBLIC_4789fe4be593ace1545bc4a0,TOWN05_JUNCTION_1930_UNIT01|CFG_LONGER_VS_SHARPER|DC-M1V3-OBS-T05-J1930-A-20260804T063012Z|P2,Town05:junction:1930,HIST,Ambiguity-Only,TASK_EQUIVALENT,True,1.0,0.0,1.0,1.0,1.0,BALANCED_INTENT_WEIGHTED
PUBLIC_4789fe4be593ace1545bc4a0,TOWN05_JUNCTION_1930_UNIT01|CFG_LONGER_VS_SHARPER|DC-M1V3-OBS-T05-J1930-A-20260804T063012Z|P2,Town05:junction:1930,HIST,Trajectory-Distance,TASK_EQUIVALENT,True,1.0,0.0,1.0,1.0,1.0,BALANCED_INTENT_WEIGHTED
PUBLIC_4789fe4be593ace1545bc4a0,TOWN05_JUNCTION_1930_UNIT01|CFG_LONGER_VS_SHARPER|DC-M1V3-OBS-T05-J1930-A-20260804T063012Z|P2,Town05:junction:1930,HIST,Random-Query@matched-rate,TASK_EQUIVALENT,True,1.0,0.0,0.3333333333333333,0.3333333333333333,1.0,RANDOMIZATION_EXPECTATION
PUBLIC_4789fe4be593ace1545bc4a0,TOWN05_JUNCTION_1930_UNIT01|CFG_LONGER_VS_SHARPER|DC-M1V3-OBS-T05-J1930-A-20260804T063012Z|P2,Town05:junction:1930,HIST,DriveClarify,TASK_EQUIVALENT,True,1.0,0.0,0.0,0.0,1.0,BALANCED_INTENT_WEIGHTED
PUBLIC_1540588c85e99a8dc3b65879,TOWN05_JUNCTION_1930_UNIT01|CFG_SAME_EXPRESSION|DC-M1V3-OBS-T05-J1930-A-20260804T063012Z|P1,Town05:junction:1930,HIST,Never Clarify,TASK_EQUIVALENT,True,1.0,0.0,0.0,0.0,1.0,BALANCED_INTENT_WEIGHTED
PUBLIC_1540588c85e99a8dc3b65879,TOWN05_JUNCTION_1930_UNIT01|CFG_SAME_EXPRESSION|DC-M1V3-OBS-T05-J1930-A-20260804T063012Z|P1,Town05:junction:1930,HIST,Always Clarify,TASK_EQUIVALENT,True,1.0,0.0,1.0,1.0,1.0,BALANCED_INTENT_WEIGHTED
PUBLIC_1540588c85e99a8dc3b65879,TOWN05_JUNCTION_1930_UNIT01|CFG_SAME_EXPRESSION|DC-M1V3-OBS-T05-J1930-A-20260804T063012Z|P1,Town05:junction:1930,HIST,Ambiguity-Only,TASK_EQUIVALENT,True,1.0,0.0,1.0,1.0,1.0,BALANCED_INTENT_WEIGHTED
PUBLIC_1540588c85e99a8dc3b65879,TOWN05_JUNCTION_1930_UNIT01|CFG_SAME_EXPRESSION|DC-M1V3-OBS-T05-J1930-A-20260804T063012Z|P1,Town05:junction:1930,HIST,Trajectory-Distance,TASK_EQUIVALENT,True,1.0,0.0,1.0,1.0,1.0,BALANCED_INTENT_WEIGHTED
PUBLIC_1540588c85e99a8dc3b65879,TOWN05_JUNCTION_1930_UNIT01|CFG_SAME_EXPRESSION|DC-M1V3-OBS-T05-J1930-A-20260804T063012Z|P1,Town05:junction:1930,HIST,Random-Query@matched-rate,TASK_EQUIVALENT,True,1.0,0.0,0.3333333333333333,0.3333333333333333,1.0,RANDOMIZATION_EXPECTATION
PUBLIC_1540588c85e99a8dc3b65879,TOWN05_JUNCTION_1930_UNIT01|CFG_SAME_EXPRESSION|DC-M1V3-OBS-T05-J1930-A-20260804T063012Z|P1,Town05:junction:1930,HIST,DriveClarify,TASK_EQUIVALENT,True,1.0,0.0,0.0,0.0,1.0,BALANCED_INTENT_WEIGHTED
PUBLIC_38aa22ae508e2c99cb62e594,TOWN05_JUNCTION_1930_UNIT01|CFG_SAME_EXPRESSION|DC-M1V3-OBS-T05-J1930-A-20260804T063012Z|P2,Town05:junction:1930,HIST,Never Clarify,TASK_EQUIVALENT,True,1.0,0.0,0.0,0.0,1.0,BALANCED_INTENT_WEIGHTED
PUBLIC_38aa22ae508e2c99cb62e594,TOWN05_JUNCTION_1930_UNIT01|CFG_SAME_EXPRESSION|DC-M1V3-OBS-T05-J1930-A-20260804T063012Z|P2,Town05:junction:1930,HIST,Always Clarify,TASK_EQUIVALENT,True,1.0,0.0,1.0,1.0,1.0,BALANCED_INTENT_WEIGHTED
PUBLIC_38aa22ae508e2c99cb62e594,TOWN05_JUNCTION_1930_UNIT01|CFG_SAME_EXPRESSION|DC-M1V3-OBS-T05-J1930-A-20260804T063012Z|P2,Town05:junction:1930,HIST,Ambiguity-Only,TASK_EQUIVALENT,True,1.0,0.0,1.0,1.0,1.0,BALANCED_INTENT_WEIGHTED
PUBLIC_38aa22ae508e2c99cb62e594,TOWN05_JUNCTION_1930_UNIT01|CFG_SAME_EXPRESSION|DC-M1V3-OBS-T05-J1930-A-20260804T063012Z|P2,Town05:junction:1930,HIST,Trajectory-Distance,TASK_EQUIVALENT,True,1.0,0.0,1.0,1.0,1.0,BALANCED_INTENT_WEIGHTED
PUBLIC_38aa22ae508e2c99cb62e594,TOWN05_JUNCTION_1930_UNIT01|CFG_SAME_EXPRESSION|DC-M1V3-OBS-T05-J1930-A-20260804T063012Z|P2,Town05:junction:1930,HIST,Random-Query@matched-rate,TASK_EQUIVALENT,True,1.0,0.0,0.3333333333333333,0.3333333333333333,1.0,RANDOMIZATION_EXPECTATION
PUBLIC_38aa22ae508e2c99cb62e594,TOWN05_JUNCTION_1930_UNIT01|CFG_SAME_EXPRESSION|DC-M1V3-OBS-T05-J1930-A-20260804T063012Z|P2,Town05:junction:1930,HIST,DriveClarify,TASK_EQUIVALENT,True,1.0,0.0,0.0,0.0,1.0,BALANCED_INTENT_WEIGHTED
PUBLIC_2dd75e3155ebd7ff37dac96e,TOWN05_JUNCTION_1930_UNIT01|CFG_EVIDENCE_INSUFFICIENT|DC-M1V3-OBS-T05-J1930-A-20260804T063012Z|P1,Town05:junction:1930,HIST,Never Clarify,,False,,,0.0,,1.0,BALANCED_INTENT_WEIGHTED
PUBLIC_2dd75e3155ebd7ff37dac96e,TOWN05_JUNCTION_1930_UNIT01|CFG_EVIDENCE_INSUFFICIENT|DC-M1V3-OBS-T05-J1930-A-20260804T063012Z|P1,Town05:junction:1930,HIST,Always Clarify,,False,,,1.0,,1.0,BALANCED_INTENT_WEIGHTED
PUBLIC_2dd75e3155ebd7ff37dac96e,TOWN05_JUNCTION_1930_UNIT01|CFG_EVIDENCE_INSUFFICIENT|DC-M1V3-OBS-T05-J1930-A-20260804T063012Z|P1,Town05:junction:1930,HIST,Ambiguity-Only,,False,,,1.0,,1.0,BALANCED_INTENT_WEIGHTED
PUBLIC_2dd75e3155ebd7ff37dac96e,TOWN05_JUNCTION_1930_UNIT01|CFG_EVIDENCE_INSUFFICIENT|DC-M1V3-OBS-T05-J1930-A-20260804T063012Z|P1,Town05:junction:1930,HIST,Trajectory-Distance,,False,,,0.0,,1.0,BALANCED_INTENT_WEIGHTED
PUBLIC_2dd75e3155ebd7ff37dac96e,TOWN05_JUNCTION_1930_UNIT01|CFG_EVIDENCE_INSUFFICIENT|DC-M1V3-OBS-T05-J1930-A-20260804T063012Z|P1,Town05:junction:1930,HIST,Random-Query@matched-rate,,False,,,0.3333333333333333,,1.0,RANDOMIZATION_EXPECTATION
PUBLIC_2dd75e3155ebd7ff37dac96e,TOWN05_JUNCTION_1930_UNIT01|CFG_EVIDENCE_INSUFFICIENT|DC-M1V3-OBS-T05-J1930-A-20260804T063012Z|P1,Town05:junction:1930,HIST,DriveClarify,,False,,,0.0,,0.0,BALANCED_INTENT_WEIGHTED
PUBLIC_8ad15ba83881138724d565bf,TOWN05_JUNCTION_1930_UNIT01|CFG_EVIDENCE_INSUFFICIENT|DC-M1V3-OBS-T05-J1930-A-20260804T063012Z|P2,Town05:junction:1930,HIST,Never Clarify,,False,,,0.0,,1.0,BALANCED_INTENT_WEIGHTED
PUBLIC_8ad15ba83881138724d565bf,TOWN05_JUNCTION_1930_UNIT01|CFG_EVIDENCE_INSUFFICIENT|DC-M1V3-OBS-T05-J1930-A-20260804T063012Z|P2,Town05:junction:1930,HIST,Always Clarify,,False,,,1.0,,1.0,BALANCED_INTENT_WEIGHTED
PUBLIC_8ad15ba83881138724d565bf,TOWN05_JUNCTION_1930_UNIT01|CFG_EVIDENCE_INSUFFICIENT|DC-M1V3-OBS-T05-J1930-A-20260804T063012Z|P2,Town05:junction:1930,HIST,Ambiguity-Only,,False,,,1.0,,1.0,BALANCED_INTENT_WEIGHTED
PUBLIC_8ad15ba83881138724d565bf,TOWN05_JUNCTION_1930_UNIT01|CFG_EVIDENCE_INSUFFICIENT|DC-M1V3-OBS-T05-J1930-A-20260804T063012Z|P2,Town05:junction:1930,HIST,Trajectory-Distance,,False,,,1.0,,1.0,BALANCED_INTENT_WEIGHTED
PUBLIC_8ad15ba83881138724d565bf,TOWN05_JUNCTION_1930_UNIT01|CFG_EVIDENCE_INSUFFICIENT|DC-M1V3-OBS-T05-J1930-A-20260804T063012Z|P2,Town05:junction:1930,HIST,Random-Query@matched-rate,,False,,,0.3333333333333333,,1.0,RANDOMIZATION_EXPECTATION
PUBLIC_8ad15ba83881138724d565bf,TOWN05_JUNCTION_1930_UNIT01|CFG_EVIDENCE_INSUFFICIENT|DC-M1V3-OBS-T05-J1930-A-20260804T063012Z|P2,Town05:junction:1930,HIST,DriveClarify,,False,,,0.0,,0.0,BALANCED_INTENT_WEIGHTED
PUBLIC_bf1fef16468bcfd86f535b77,TOWN06_JUNCTION_838_UNIT01|CFG_LONGER_VS_STRAIGHTER|DC-M1V3-OBS-T06-J838-A-20260804T063014Z|P1,Town06:junction:838,HIST,Never Clarify,TASK_EQUIVALENT,True,1.0,0.0,0.0,0.0,1.0,BALANCED_INTENT_WEIGHTED
PUBLIC_bf1fef16468bcfd86f535b77,TOWN06_JUNCTION_838_UNIT01|CFG_LONGER_VS_STRAIGHTER|DC-M1V3-OBS-T06-J838-A-20260804T063014Z|P1,Town06:junction:838,HIST,Always Clarify,TASK_EQUIVALENT,True,1.0,0.0,1.0,1.0,1.0,BALANCED_INTENT_WEIGHTED
PUBLIC_bf1fef16468bcfd86f535b77,TOWN06_JUNCTION_838_UNIT01|CFG_LONGER_VS_STRAIGHTER|DC-M1V3-OBS-T06-J838-A-20260804T063014Z|P1,Town06:junction:838,HIST,Ambiguity-Only,TASK_EQUIVALENT,True,1.0,0.0,1.0,1.0,1.0,BALANCED_INTENT_WEIGHTED
PUBLIC_bf1fef16468bcfd86f535b77,TOWN06_JUNCTION_838_UNIT01|CFG_LONGER_VS_STRAIGHTER|DC-M1V3-OBS-T06-J838-A-20260804T063014Z|P1,Town06:junction:838,HIST,Trajectory-Distance,TASK_EQUIVALENT,True,1.0,0.0,1.0,1.0,1.0,BALANCED_INTENT_WEIGHTED
PUBLIC_bf1fef16468bcfd86f535b77,TOWN06_JUNCTION_838_UNIT01|CFG_LONGER_VS_STRAIGHTER|DC-M1V3-OBS-T06-J838-A-20260804T063014Z|P1,Town06:junction:838,HIST,Random-Query@matched-rate,TASK_EQUIVALENT,True,1.0,0.0,0.3333333333333333,0.3333333333333333,1.0,RANDOMIZATION_EXPECTATION
PUBLIC_bf1fef16468bcfd86f535b77,TOWN06_JUNCTION_838_UNIT01|CFG_LONGER_VS_STRAIGHTER|DC-M1V3-OBS-T06-J838-A-20260804T063014Z|P1,Town06:junction:838,HIST,DriveClarify,TASK_EQUIVALENT,True,1.0,0.0,0.0,0.0,1.0,BALANCED_INTENT_WEIGHTED
PUBLIC_7d54e7c9dce9040eedf6240f,TOWN06_JUNCTION_838_UNIT01|CFG_LONGER_VS_STRAIGHTER|DC-M1V3-OBS-T06-J838-A-20260804T063014Z|P2,Town06:junction:838,HIST,Never Clarify,TASK_EQUIVALENT,True,1.0,0.0,0.0,0.0,1.0,BALANCED_INTENT_WEIGHTED
PUBLIC_7d54e7c9dce9040eedf6240f,TOWN06_JUNCTION_838_UNIT01|CFG_LONGER_VS_STRAIGHTER|DC-M1V3-OBS-T06-J838-A-20260804T063014Z|P2,Town06:junction:838,HIST,Always Clarify,TASK_EQUIVALENT,True,1.0,0.0,1.0,1.0,1.0,BALANCED_INTENT_WEIGHTED
PUBLIC_7d54e7c9dce9040eedf6240f,TOWN06_JUNCTION_838_UNIT01|CFG_LONGER_VS_STRAIGHTER|DC-M1V3-OBS-T06-J838-A-20260804T063014Z|P2,Town06:junction:838,HIST,Ambiguity-Only,TASK_EQUIVALENT,True,1.0,0.0,1.0,1.0,1.0,BALANCED_INTENT_WEIGHTED
PUBLIC_7d54e7c9dce9040eedf6240f,TOWN06_JUNCTION_838_UNIT01|CFG_LONGER_VS_STRAIGHTER|DC-M1V3-OBS-T06-J838-A-20260804T063014Z|P2,Town06:junction:838,HIST,Trajectory-Distance,TASK_EQUIVALENT,True,1.0,0.0,0.0,0.0,1.0,BALANCED_INTENT_WEIGHTED
PUBLIC_7d54e7c9dce9040eedf6240f,TOWN06_JUNCTION_838_UNIT01|CFG_LONGER_VS_STRAIGHTER|DC-M1V3-OBS-T06-J838-A-20260804T063014Z|P2,Town06:junction:838,HIST,Random-Query@matched-rate,TASK_EQUIVALENT,True,1.0,0.0,0.3333333333333333,0.3333333333333333,1.0,RANDOMIZATION_EXPECTATION
PUBLIC_7d54e7c9dce9040eedf6240f,TOWN06_JUNCTION_838_UNIT01|CFG_LONGER_VS_STRAIGHTER|DC-M1V3-OBS-T06-J838-A-20260804T063014Z|P2,Town06:junction:838,HIST,DriveClarify,TASK_EQUIVALENT,True,1.0,0.0,0.0,0.0,1.0,BALANCED_INTENT_WEIGHTED
PUBLIC_8a703ad0de19c1add81694cb,TOWN06_JUNCTION_838_UNIT01|CFG_LONGER_VS_SHARPER|DC-M1V3-OBS-T06-J838-A-20260804T063014Z|P1,Town06:junction:838,HIST,Never Clarify,TASK_DIVERGENT,True,0.5,0.5,0.0,,1.0,BALANCED_INTENT_WEIGHTED
PUBLIC_8a703ad0de19c1add81694cb,TOWN06_JUNCTION_838_UNIT01|CFG_LONGER_VS_SHARPER|DC-M1V3-OBS-T06-J838-A-20260804T063014Z|P1,Town06:junction:838,HIST,Always Clarify,TASK_DIVERGENT,True,1.0,0.0,1.0,,1.0,BALANCED_INTENT_WEIGHTED
PUBLIC_8a703ad0de19c1add81694cb,TOWN06_JUNCTION_838_UNIT01|CFG_LONGER_VS_SHARPER|DC-M1V3-OBS-T06-J838-A-20260804T063014Z|P1,Town06:junction:838,HIST,Ambiguity-Only,TASK_DIVERGENT,True,1.0,0.0,1.0,,1.0,BALANCED_INTENT_WEIGHTED
PUBLIC_8a703ad0de19c1add81694cb,TOWN06_JUNCTION_838_UNIT01|CFG_LONGER_VS_SHARPER|DC-M1V3-OBS-T06-J838-A-20260804T063014Z|P1,Town06:junction:838,HIST,Trajectory-Distance,TASK_DIVERGENT,True,0.5,0.5,0.0,,1.0,BALANCED_INTENT_WEIGHTED
PUBLIC_8a703ad0de19c1add81694cb,TOWN06_JUNCTION_838_UNIT01|CFG_LONGER_VS_SHARPER|DC-M1V3-OBS-T06-J838-A-20260804T063014Z|P1,Town06:junction:838,HIST,Random-Query@matched-rate,TASK_DIVERGENT,True,0.6666666666666666,0.33333333333333337,0.3333333333333333,,1.0,RANDOMIZATION_EXPECTATION
PUBLIC_8a703ad0de19c1add81694cb,TOWN06_JUNCTION_838_UNIT01|CFG_LONGER_VS_SHARPER|DC-M1V3-OBS-T06-J838-A-20260804T063014Z|P1,Town06:junction:838,HIST,DriveClarify,TASK_DIVERGENT,True,1.0,0.0,1.0,,1.0,BALANCED_INTENT_WEIGHTED
PUBLIC_6f2946a8bdf3c52903510e3c,TOWN06_JUNCTION_838_UNIT01|CFG_LONGER_VS_SHARPER|DC-M1V3-OBS-T06-J838-A-20260804T063014Z|P2,Town06:junction:838,HIST,Never Clarify,TASK_DIVERGENT,True,0.5,0.5,0.0,,1.0,BALANCED_INTENT_WEIGHTED
PUBLIC_6f2946a8bdf3c52903510e3c,TOWN06_JUNCTION_838_UNIT01|CFG_LONGER_VS_SHARPER|DC-M1V3-OBS-T06-J838-A-20260804T063014Z|P2,Town06:junction:838,HIST,Always Clarify,TASK_DIVERGENT,True,1.0,0.0,1.0,,1.0,BALANCED_INTENT_WEIGHTED
PUBLIC_6f2946a8bdf3c52903510e3c,TOWN06_JUNCTION_838_UNIT01|CFG_LONGER_VS_SHARPER|DC-M1V3-OBS-T06-J838-A-20260804T063014Z|P2,Town06:junction:838,HIST,Ambiguity-Only,TASK_DIVERGENT,True,1.0,0.0,1.0,,1.0,BALANCED_INTENT_WEIGHTED
PUBLIC_6f2946a8bdf3c52903510e3c,TOWN06_JUNCTION_838_UNIT01|CFG_LONGER_VS_SHARPER|DC-M1V3-OBS-T06-J838-A-20260804T063014Z|P2,Town06:junction:838,HIST,Trajectory-Distance,TASK_DIVERGENT,True,0.5,0.5,0.0,,1.0,BALANCED_INTENT_WEIGHTED
PUBLIC_6f2946a8bdf3c52903510e3c,TOWN06_JUNCTION_838_UNIT01|CFG_LONGER_VS_SHARPER|DC-M1V3-OBS-T06-J838-A-20260804T063014Z|P2,Town06:junction:838,HIST,Random-Query@matched-rate,TASK_DIVERGENT,True,0.6666666666666666,0.33333333333333337,0.3333333333333333,,1.0,RANDOMIZATION_EXPECTATION
PUBLIC_6f2946a8bdf3c52903510e3c,TOWN06_JUNCTION_838_UNIT01|CFG_LONGER_VS_SHARPER|DC-M1V3-OBS-T06-J838-A-20260804T063014Z|P2,Town06:junction:838,HIST,DriveClarify,TASK_DIVERGENT,True,1.0,0.0,1.0,,1.0,BALANCED_INTENT_WEIGHTED
PUBLIC_3061bcdb0b9874fe0745a820,TOWN06_JUNCTION_838_UNIT01|CFG_SAME_EXPRESSION|DC-M1V3-OBS-T06-J838-A-20260804T063014Z|P1,Town06:junction:838,HIST,Never Clarify,TASK_EQUIVALENT,True,1.0,0.0,0.0,0.0,1.0,BALANCED_INTENT_WEIGHTED
PUBLIC_3061bcdb0b9874fe0745a820,TOWN06_JUNCTION_838_UNIT01|CFG_SAME_EXPRESSION|DC-M1V3-OBS-T06-J838-A-20260804T063014Z|P1,Town06:junction:838,HIST,Always Clarify,TASK_EQUIVALENT,True,1.0,0.0,1.0,1.0,1.0,BALANCED_INTENT_WEIGHTED
PUBLIC_3061bcdb0b9874fe0745a820,TOWN06_JUNCTION_838_UNIT01|CFG_SAME_EXPRESSION|DC-M1V3-OBS-T06-J838-A-20260804T063014Z|P1,Town06:junction:838,HIST,Ambiguity-Only,TASK_EQUIVALENT,True,1.0,0.0,1.0,1.0,1.0,BALANCED_INTENT_WEIGHTED
PUBLIC_3061bcdb0b9874fe0745a820,TOWN06_JUNCTION_838_UNIT01|CFG_SAME_EXPRESSION|DC-M1V3-OBS-T06-J838-A-20260804T063014Z|P1,Town06:junction:838,HIST,Trajectory-Distance,TASK_EQUIVALENT,True,1.0,0.0,0.0,0.0,1.0,BALANCED_INTENT_WEIGHTED
PUBLIC_3061bcdb0b9874fe0745a820,TOWN06_JUNCTION_838_UNIT01|CFG_SAME_EXPRESSION|DC-M1V3-OBS-T06-J838-A-20260804T063014Z|P1,Town06:junction:838,HIST,Random-Query@matched-rate,TASK_EQUIVALENT,True,1.0,0.0,0.3333333333333333,0.3333333333333333,1.0,RANDOMIZATION_EXPECTATION
PUBLIC_3061bcdb0b9874fe0745a820,TOWN06_JUNCTION_838_UNIT01|CFG_SAME_EXPRESSION|DC-M1V3-OBS-T06-J838-A-20260804T063014Z|P1,Town06:junction:838,HIST,DriveClarify,TASK_EQUIVALENT,True,1.0,0.0,0.0,0.0,1.0,BALANCED_INTENT_WEIGHTED
PUBLIC_f6bcee4f9f98b38e7fb71f61,TOWN06_JUNCTION_838_UNIT01|CFG_SAME_EXPRESSION|DC-M1V3-OBS-T06-J838-A-20260804T063014Z|P2,Town06:junction:838,HIST,Never Clarify,TASK_EQUIVALENT,True,1.0,0.0,0.0,0.0,1.0,BALANCED_INTENT_WEIGHTED
PUBLIC_f6bcee4f9f98b38e7fb71f61,TOWN06_JUNCTION_838_UNIT01|CFG_SAME_EXPRESSION|DC-M1V3-OBS-T06-J838-A-20260804T063014Z|P2,Town06:junction:838,HIST,Always Clarify,TASK_EQUIVALENT,True,1.0,0.0,1.0,1.0,1.0,BALANCED_INTENT_WEIGHTED
PUBLIC_f6bcee4f9f98b38e7fb71f61,TOWN06_JUNCTION_838_UNIT01|CFG_SAME_EXPRESSION|DC-M1V3-OBS-T06-J838-A-20260804T063014Z|P2,Town06:junction:838,HIST,Ambiguity-Only,TASK_EQUIVALENT,True,1.0,0.0,1.0,1.0,1.0,BALANCED_INTENT_WEIGHTED
PUBLIC_f6bcee4f9f98b38e7fb71f61,TOWN06_JUNCTION_838_UNIT01|CFG_SAME_EXPRESSION|DC-M1V3-OBS-T06-J838-A-20260804T063014Z|P2,Town06:junction:838,HIST,Trajectory-Distance,TASK_EQUIVALENT,True,1.0,0.0,0.0,0.0,1.0,BALANCED_INTENT_WEIGHTED
PUBLIC_f6bcee4f9f98b38e7fb71f61,TOWN06_JUNCTION_838_UNIT01|CFG_SAME_EXPRESSION|DC-M1V3-OBS-T06-J838-A-20260804T063014Z|P2,Town06:junction:838,HIST,Random-Query@matched-rate,TASK_EQUIVALENT,True,1.0,0.0,0.3333333333333333,0.3333333333333333,1.0,RANDOMIZATION_EXPECTATION
PUBLIC_f6bcee4f9f98b38e7fb71f61,TOWN06_JUNCTION_838_UNIT01|CFG_SAME_EXPRESSION|DC-M1V3-OBS-T06-J838-A-20260804T063014Z|P2,Town06:junction:838,HIST,DriveClarify,TASK_EQUIVALENT,True,1.0,0.0,0.0,0.0,1.0,BALANCED_INTENT_WEIGHTED
PUBLIC_879132f9f290e4bee691e929,TOWN06_JUNCTION_838_UNIT01|CFG_EVIDENCE_INSUFFICIENT|DC-M1V3-OBS-T06-J838-A-20260804T063014Z|P1,Town06:junction:838,HIST,Never Clarify,,False,,,0.0,,1.0,BALANCED_INTENT_WEIGHTED
PUBLIC_879132f9f290e4bee691e929,TOWN06_JUNCTION_838_UNIT01|CFG_EVIDENCE_INSUFFICIENT|DC-M1V3-OBS-T06-J838-A-20260804T063014Z|P1,Town06:junction:838,HIST,Always Clarify,,False,,,1.0,,1.0,BALANCED_INTENT_WEIGHTED
PUBLIC_879132f9f290e4bee691e929,TOWN06_JUNCTION_838_UNIT01|CFG_EVIDENCE_INSUFFICIENT|DC-M1V3-OBS-T06-J838-A-20260804T063014Z|P1,Town06:junction:838,HIST,Ambiguity-Only,,False,,,1.0,,1.0,BALANCED_INTENT_WEIGHTED
PUBLIC_879132f9f290e4bee691e929,TOWN06_JUNCTION_838_UNIT01|CFG_EVIDENCE_INSUFFICIENT|DC-M1V3-OBS-T06-J838-A-20260804T063014Z|P1,Town06:junction:838,HIST,Trajectory-Distance,,False,,,0.0,,1.0,BALANCED_INTENT_WEIGHTED
PUBLIC_879132f9f290e4bee691e929,TOWN06_JUNCTION_838_UNIT01|CFG_EVIDENCE_INSUFFICIENT|DC-M1V3-OBS-T06-J838-A-20260804T063014Z|P1,Town06:junction:838,HIST,Random-Query@matched-rate,,False,,,0.3333333333333333,,1.0,RANDOMIZATION_EXPECTATION
PUBLIC_879132f9f290e4bee691e929,TOWN06_JUNCTION_838_UNIT01|CFG_EVIDENCE_INSUFFICIENT|DC-M1V3-OBS-T06-J838-A-20260804T063014Z|P1,Town06:junction:838,HIST,DriveClarify,,False,,,0.0,,0.0,BALANCED_INTENT_WEIGHTED
PUBLIC_04155cadd54760fb1effdab5,TOWN06_JUNCTION_838_UNIT01|CFG_EVIDENCE_INSUFFICIENT|DC-M1V3-OBS-T06-J838-A-20260804T063014Z|P2,Town06:junction:838,HIST,Never Clarify,,False,,,0.0,,1.0,BALANCED_INTENT_WEIGHTED
PUBLIC_04155cadd54760fb1effdab5,TOWN06_JUNCTION_838_UNIT01|CFG_EVIDENCE_INSUFFICIENT|DC-M1V3-OBS-T06-J838-A-20260804T063014Z|P2,Town06:junction:838,HIST,Always Clarify,,False,,,1.0,,1.0,BALANCED_INTENT_WEIGHTED
PUBLIC_04155cadd54760fb1effdab5,TOWN06_JUNCTION_838_UNIT01|CFG_EVIDENCE_INSUFFICIENT|DC-M1V3-OBS-T06-J838-A-20260804T063014Z|P2,Town06:junction:838,HIST,Ambiguity-Only,,False,,,1.0,,1.0,BALANCED_INTENT_WEIGHTED
PUBLIC_04155cadd54760fb1effdab5,TOWN06_JUNCTION_838_UNIT01|CFG_EVIDENCE_INSUFFICIENT|DC-M1V3-OBS-T06-J838-A-20260804T063014Z|P2,Town06:junction:838,HIST,Trajectory-Distance,,False,,,0.0,,1.0,BALANCED_INTENT_WEIGHTED
PUBLIC_04155cadd54760fb1effdab5,TOWN06_JUNCTION_838_UNIT01|CFG_EVIDENCE_INSUFFICIENT|DC-M1V3-OBS-T06-J838-A-20260804T063014Z|P2,Town06:junction:838,HIST,Random-Query@matched-rate,,False,,,0.3333333333333333,,1.0,RANDOMIZATION_EXPECTATION
PUBLIC_04155cadd54760fb1effdab5,TOWN06_JUNCTION_838_UNIT01|CFG_EVIDENCE_INSUFFICIENT|DC-M1V3-OBS-T06-J838-A-20260804T063014Z|P2,Town06:junction:838,HIST,DriveClarify,,False,,,0.0,,0.0,BALANCED_INTENT_WEIGHTED
PUBLIC_6ee556f652e9fe1a0616b047,TOWN07_JUNCTION_358_UNIT01|CFG_LONGER_VS_STRAIGHTER|DC-M1V3-OBS-T07-J358-A-20260804T063018Z|P1,Town07:junction:358,HIST,Never Clarify,TASK_EQUIVALENT,True,1.0,0.0,0.0,0.0,1.0,BALANCED_INTENT_WEIGHTED
PUBLIC_6ee556f652e9fe1a0616b047,TOWN07_JUNCTION_358_UNIT01|CFG_LONGER_VS_STRAIGHTER|DC-M1V3-OBS-T07-J358-A-20260804T063018Z|P1,Town07:junction:358,HIST,Always Clarify,TASK_EQUIVALENT,True,1.0,0.0,1.0,1.0,1.0,BALANCED_INTENT_WEIGHTED
PUBLIC_6ee556f652e9fe1a0616b047,TOWN07_JUNCTION_358_UNIT01|CFG_LONGER_VS_STRAIGHTER|DC-M1V3-OBS-T07-J358-A-20260804T063018Z|P1,Town07:junction:358,HIST,Ambiguity-Only,TASK_EQUIVALENT,True,1.0,0.0,1.0,1.0,1.0,BALANCED_INTENT_WEIGHTED
PUBLIC_6ee556f652e9fe1a0616b047,TOWN07_JUNCTION_358_UNIT01|CFG_LONGER_VS_STRAIGHTER|DC-M1V3-OBS-T07-J358-A-20260804T063018Z|P1,Town07:junction:358,HIST,Trajectory-Distance,TASK_EQUIVALENT,True,1.0,0.0,1.0,1.0,1.0,BALANCED_INTENT_WEIGHTED
PUBLIC_6ee556f652e9fe1a0616b047,TOWN07_JUNCTION_358_UNIT01|CFG_LONGER_VS_STRAIGHTER|DC-M1V3-OBS-T07-J358-A-20260804T063018Z|P1,Town07:junction:358,HIST,Random-Query@matched-rate,TASK_EQUIVALENT,True,1.0,0.0,0.3333333333333333,0.3333333333333333,1.0,RANDOMIZATION_EXPECTATION
PUBLIC_6ee556f652e9fe1a0616b047,TOWN07_JUNCTION_358_UNIT01|CFG_LONGER_VS_STRAIGHTER|DC-M1V3-OBS-T07-J358-A-20260804T063018Z|P1,Town07:junction:358,HIST,DriveClarify,TASK_EQUIVALENT,True,1.0,0.0,0.0,0.0,1.0,BALANCED_INTENT_WEIGHTED
PUBLIC_e9b6a53e10b86ef1078e8a86,TOWN07_JUNCTION_358_UNIT01|CFG_LONGER_VS_STRAIGHTER|DC-M1V3-OBS-T07-J358-A-20260804T063018Z|P2,Town07:junction:358,HIST,Never Clarify,TASK_EQUIVALENT,True,1.0,0.0,0.0,0.0,1.0,BALANCED_INTENT_WEIGHTED
PUBLIC_e9b6a53e10b86ef1078e8a86,TOWN07_JUNCTION_358_UNIT01|CFG_LONGER_VS_STRAIGHTER|DC-M1V3-OBS-T07-J358-A-20260804T063018Z|P2,Town07:junction:358,HIST,Always Clarify,TASK_EQUIVALENT,True,1.0,0.0,1.0,1.0,1.0,BALANCED_INTENT_WEIGHTED
PUBLIC_e9b6a53e10b86ef1078e8a86,TOWN07_JUNCTION_358_UNIT01|CFG_LONGER_VS_STRAIGHTER|DC-M1V3-OBS-T07-J358-A-20260804T063018Z|P2,Town07:junction:358,HIST,Ambiguity-Only,TASK_EQUIVALENT,True,1.0,0.0,1.0,1.0,1.0,BALANCED_INTENT_WEIGHTED
PUBLIC_e9b6a53e10b86ef1078e8a86,TOWN07_JUNCTION_358_UNIT01|CFG_LONGER_VS_STRAIGHTER|DC-M1V3-OBS-T07-J358-A-20260804T063018Z|P2,Town07:junction:358,HIST,Trajectory-Distance,TASK_EQUIVALENT,True,1.0,0.0,1.0,1.0,1.0,BALANCED_INTENT_WEIGHTED
PUBLIC_e9b6a53e10b86ef1078e8a86,TOWN07_JUNCTION_358_UNIT01|CFG_LONGER_VS_STRAIGHTER|DC-M1V3-OBS-T07-J358-A-20260804T063018Z|P2,Town07:junction:358,HIST,Random-Query@matched-rate,TASK_EQUIVALENT,True,1.0,0.0,0.3333333333333333,0.3333333333333333,1.0,RANDOMIZATION_EXPECTATION
PUBLIC_e9b6a53e10b86ef1078e8a86,TOWN07_JUNCTION_358_UNIT01|CFG_LONGER_VS_STRAIGHTER|DC-M1V3-OBS-T07-J358-A-20260804T063018Z|P2,Town07:junction:358,HIST,DriveClarify,TASK_EQUIVALENT,True,1.0,0.0,0.0,0.0,1.0,BALANCED_INTENT_WEIGHTED
PUBLIC_0fabacb3532202b873334e1a,TOWN07_JUNCTION_358_UNIT01|CFG_LONGER_VS_SHARPER|DC-M1V3-OBS-T07-J358-A-20260804T063018Z|P1,Town07:junction:358,HIST,Never Clarify,TASK_DIVERGENT,True,0.5,0.5,0.0,,1.0,BALANCED_INTENT_WEIGHTED
PUBLIC_0fabacb3532202b873334e1a,TOWN07_JUNCTION_358_UNIT01|CFG_LONGER_VS_SHARPER|DC-M1V3-OBS-T07-J358-A-20260804T063018Z|P1,Town07:junction:358,HIST,Always Clarify,TASK_DIVERGENT,True,1.0,0.0,1.0,,1.0,BALANCED_INTENT_WEIGHTED
PUBLIC_0fabacb3532202b873334e1a,TOWN07_JUNCTION_358_UNIT01|CFG_LONGER_VS_SHARPER|DC-M1V3-OBS-T07-J358-A-20260804T063018Z|P1,Town07:junction:358,HIST,Ambiguity-Only,TASK_DIVERGENT,True,1.0,0.0,1.0,,1.0,BALANCED_INTENT_WEIGHTED
PUBLIC_0fabacb3532202b873334e1a,TOWN07_JUNCTION_358_UNIT01|CFG_LONGER_VS_SHARPER|DC-M1V3-OBS-T07-J358-A-20260804T063018Z|P1,Town07:junction:358,HIST,Trajectory-Distance,TASK_DIVERGENT,True,1.0,0.0,1.0,,1.0,BALANCED_INTENT_WEIGHTED
PUBLIC_0fabacb3532202b873334e1a,TOWN07_JUNCTION_358_UNIT01|CFG_LONGER_VS_SHARPER|DC-M1V3-OBS-T07-J358-A-20260804T063018Z|P1,Town07:junction:358,HIST,Random-Query@matched-rate,TASK_DIVERGENT,True,0.6666666666666666,0.33333333333333337,0.3333333333333333,,1.0,RANDOMIZATION_EXPECTATION
PUBLIC_0fabacb3532202b873334e1a,TOWN07_JUNCTION_358_UNIT01|CFG_LONGER_VS_SHARPER|DC-M1V3-OBS-T07-J358-A-20260804T063018Z|P1,Town07:junction:358,HIST,DriveClarify,TASK_DIVERGENT,True,1.0,0.0,1.0,,1.0,BALANCED_INTENT_WEIGHTED
PUBLIC_d9d8c16d1662bdc8b93f92e8,TOWN07_JUNCTION_358_UNIT01|CFG_LONGER_VS_SHARPER|DC-M1V3-OBS-T07-J358-A-20260804T063018Z|P2,Town07:junction:358,HIST,Never Clarify,TASK_DIVERGENT,True,0.5,0.5,0.0,,1.0,BALANCED_INTENT_WEIGHTED
PUBLIC_d9d8c16d1662bdc8b93f92e8,TOWN07_JUNCTION_358_UNIT01|CFG_LONGER_VS_SHARPER|DC-M1V3-OBS-T07-J358-A-20260804T063018Z|P2,Town07:junction:358,HIST,Always Clarify,TASK_DIVERGENT,True,1.0,0.0,1.0,,1.0,BALANCED_INTENT_WEIGHTED
PUBLIC_d9d8c16d1662bdc8b93f92e8,TOWN07_JUNCTION_358_UNIT01|CFG_LONGER_VS_SHARPER|DC-M1V3-OBS-T07-J358-A-20260804T063018Z|P2,Town07:junction:358,HIST,Ambiguity-Only,TASK_DIVERGENT,True,1.0,0.0,1.0,,1.0,BALANCED_INTENT_WEIGHTED
PUBLIC_d9d8c16d1662bdc8b93f92e8,TOWN07_JUNCTION_358_UNIT01|CFG_LONGER_VS_SHARPER|DC-M1V3-OBS-T07-J358-A-20260804T063018Z|P2,Town07:junction:358,HIST,Trajectory-Distance,TASK_DIVERGENT,True,1.0,0.0,1.0,,1.0,BALANCED_INTENT_WEIGHTED
PUBLIC_d9d8c16d1662bdc8b93f92e8,TOWN07_JUNCTION_358_UNIT01|CFG_LONGER_VS_SHARPER|DC-M1V3-OBS-T07-J358-A-20260804T063018Z|P2,Town07:junction:358,HIST,Random-Query@matched-rate,TASK_DIVERGENT,True,0.6666666666666666,0.33333333333333337,0.3333333333333333,,1.0,RANDOMIZATION_EXPECTATION
PUBLIC_d9d8c16d1662bdc8b93f92e8,TOWN07_JUNCTION_358_UNIT01|CFG_LONGER_VS_SHARPER|DC-M1V3-OBS-T07-J358-A-20260804T063018Z|P2,Town07:junction:358,HIST,DriveClarify,TASK_DIVERGENT,True,1.0,0.0,1.0,,1.0,BALANCED_INTENT_WEIGHTED
PUBLIC_b9b80be5f6dec4d1be1cc6b9,TOWN07_JUNCTION_358_UNIT01|CFG_SAME_EXPRESSION|DC-M1V3-OBS-T07-J358-A-20260804T063018Z|P1,Town07:junction:358,HIST,Never Clarify,TASK_EQUIVALENT,True,1.0,0.0,0.0,0.0,1.0,BALANCED_INTENT_WEIGHTED
PUBLIC_b9b80be5f6dec4d1be1cc6b9,TOWN07_JUNCTION_358_UNIT01|CFG_SAME_EXPRESSION|DC-M1V3-OBS-T07-J358-A-20260804T063018Z|P1,Town07:junction:358,HIST,Always Clarify,TASK_EQUIVALENT,True,1.0,0.0,1.0,1.0,1.0,BALANCED_INTENT_WEIGHTED
PUBLIC_b9b80be5f6dec4d1be1cc6b9,TOWN07_JUNCTION_358_UNIT01|CFG_SAME_EXPRESSION|DC-M1V3-OBS-T07-J358-A-20260804T063018Z|P1,Town07:junction:358,HIST,Ambiguity-Only,TASK_EQUIVALENT,True,1.0,0.0,1.0,1.0,1.0,BALANCED_INTENT_WEIGHTED
PUBLIC_b9b80be5f6dec4d1be1cc6b9,TOWN07_JUNCTION_358_UNIT01|CFG_SAME_EXPRESSION|DC-M1V3-OBS-T07-J358-A-20260804T063018Z|P1,Town07:junction:358,HIST,Trajectory-Distance,TASK_EQUIVALENT,True,1.0,0.0,1.0,1.0,1.0,BALANCED_INTENT_WEIGHTED
PUBLIC_b9b80be5f6dec4d1be1cc6b9,TOWN07_JUNCTION_358_UNIT01|CFG_SAME_EXPRESSION|DC-M1V3-OBS-T07-J358-A-20260804T063018Z|P1,Town07:junction:358,HIST,Random-Query@matched-rate,TASK_EQUIVALENT,True,1.0,0.0,0.3333333333333333,0.3333333333333333,1.0,RANDOMIZATION_EXPECTATION
PUBLIC_b9b80be5f6dec4d1be1cc6b9,TOWN07_JUNCTION_358_UNIT01|CFG_SAME_EXPRESSION|DC-M1V3-OBS-T07-J358-A-20260804T063018Z|P1,Town07:junction:358,HIST,DriveClarify,TASK_EQUIVALENT,True,1.0,0.0,0.0,0.0,1.0,BALANCED_INTENT_WEIGHTED
PUBLIC_58f9a127b2d049a1b4863478,TOWN07_JUNCTION_358_UNIT01|CFG_SAME_EXPRESSION|DC-M1V3-OBS-T07-J358-A-20260804T063018Z|P2,Town07:junction:358,HIST,Never Clarify,TASK_EQUIVALENT,True,1.0,0.0,0.0,0.0,1.0,BALANCED_INTENT_WEIGHTED
PUBLIC_58f9a127b2d049a1b4863478,TOWN07_JUNCTION_358_UNIT01|CFG_SAME_EXPRESSION|DC-M1V3-OBS-T07-J358-A-20260804T063018Z|P2,Town07:junction:358,HIST,Always Clarify,TASK_EQUIVALENT,True,1.0,0.0,1.0,1.0,1.0,BALANCED_INTENT_WEIGHTED
PUBLIC_58f9a127b2d049a1b4863478,TOWN07_JUNCTION_358_UNIT01|CFG_SAME_EXPRESSION|DC-M1V3-OBS-T07-J358-A-20260804T063018Z|P2,Town07:junction:358,HIST,Ambiguity-Only,TASK_EQUIVALENT,True,1.0,0.0,1.0,1.0,1.0,BALANCED_INTENT_WEIGHTED
PUBLIC_58f9a127b2d049a1b4863478,TOWN07_JUNCTION_358_UNIT01|CFG_SAME_EXPRESSION|DC-M1V3-OBS-T07-J358-A-20260804T063018Z|P2,Town07:junction:358,HIST,Trajectory-Distance,TASK_EQUIVALENT,True,1.0,0.0,1.0,1.0,1.0,BALANCED_INTENT_WEIGHTED
PUBLIC_58f9a127b2d049a1b4863478,TOWN07_JUNCTION_358_UNIT01|CFG_SAME_EXPRESSION|DC-M1V3-OBS-T07-J358-A-20260804T063018Z|P2,Town07:junction:358,HIST,Random-Query@matched-rate,TASK_EQUIVALENT,True,1.0,0.0,0.3333333333333333,0.3333333333333333,1.0,RANDOMIZATION_EXPECTATION
PUBLIC_58f9a127b2d049a1b4863478,TOWN07_JUNCTION_358_UNIT01|CFG_SAME_EXPRESSION|DC-M1V3-OBS-T07-J358-A-20260804T063018Z|P2,Town07:junction:358,HIST,DriveClarify,TASK_EQUIVALENT,True,1.0,0.0,0.0,0.0,1.0,BALANCED_INTENT_WEIGHTED
PUBLIC_b8698ef990766c43325b0d85,TOWN07_JUNCTION_358_UNIT01|CFG_EVIDENCE_INSUFFICIENT|DC-M1V3-OBS-T07-J358-A-20260804T063018Z|P1,Town07:junction:358,HIST,Never Clarify,,False,,,0.0,,1.0,BALANCED_INTENT_WEIGHTED
PUBLIC_b8698ef990766c43325b0d85,TOWN07_JUNCTION_358_UNIT01|CFG_EVIDENCE_INSUFFICIENT|DC-M1V3-OBS-T07-J358-A-20260804T063018Z|P1,Town07:junction:358,HIST,Always Clarify,,False,,,1.0,,1.0,BALANCED_INTENT_WEIGHTED
PUBLIC_b8698ef990766c43325b0d85,TOWN07_JUNCTION_358_UNIT01|CFG_EVIDENCE_INSUFFICIENT|DC-M1V3-OBS-T07-J358-A-20260804T063018Z|P1,Town07:junction:358,HIST,Ambiguity-Only,,False,,,1.0,,1.0,BALANCED_INTENT_WEIGHTED
PUBLIC_b8698ef990766c43325b0d85,TOWN07_JUNCTION_358_UNIT01|CFG_EVIDENCE_INSUFFICIENT|DC-M1V3-OBS-T07-J358-A-20260804T063018Z|P1,Town07:junction:358,HIST,Trajectory-Distance,,False,,,1.0,,1.0,BALANCED_INTENT_WEIGHTED
PUBLIC_b8698ef990766c43325b0d85,TOWN07_JUNCTION_358_UNIT01|CFG_EVIDENCE_INSUFFICIENT|DC-M1V3-OBS-T07-J358-A-20260804T063018Z|P1,Town07:junction:358,HIST,Random-Query@matched-rate,,False,,,0.3333333333333333,,1.0,RANDOMIZATION_EXPECTATION
PUBLIC_b8698ef990766c43325b0d85,TOWN07_JUNCTION_358_UNIT01|CFG_EVIDENCE_INSUFFICIENT|DC-M1V3-OBS-T07-J358-A-20260804T063018Z|P1,Town07:junction:358,HIST,DriveClarify,,False,,,0.0,,0.0,BALANCED_INTENT_WEIGHTED
PUBLIC_ce456cb489ec1443e30755de,TOWN07_JUNCTION_358_UNIT01|CFG_EVIDENCE_INSUFFICIENT|DC-M1V3-OBS-T07-J358-A-20260804T063018Z|P2,Town07:junction:358,HIST,Never Clarify,,False,,,0.0,,1.0,BALANCED_INTENT_WEIGHTED
PUBLIC_ce456cb489ec1443e30755de,TOWN07_JUNCTION_358_UNIT01|CFG_EVIDENCE_INSUFFICIENT|DC-M1V3-OBS-T07-J358-A-20260804T063018Z|P2,Town07:junction:358,HIST,Always Clarify,,False,,,1.0,,1.0,BALANCED_INTENT_WEIGHTED
PUBLIC_ce456cb489ec1443e30755de,TOWN07_JUNCTION_358_UNIT01|CFG_EVIDENCE_INSUFFICIENT|DC-M1V3-OBS-T07-J358-A-20260804T063018Z|P2,Town07:junction:358,HIST,Ambiguity-Only,,False,,,1.0,,1.0,BALANCED_INTENT_WEIGHTED
PUBLIC_ce456cb489ec1443e30755de,TOWN07_JUNCTION_358_UNIT01|CFG_EVIDENCE_INSUFFICIENT|DC-M1V3-OBS-T07-J358-A-20260804T063018Z|P2,Town07:junction:358,HIST,Trajectory-Distance,,False,,,1.0,,1.0,BALANCED_INTENT_WEIGHTED
PUBLIC_ce456cb489ec1443e30755de,TOWN07_JUNCTION_358_UNIT01|CFG_EVIDENCE_INSUFFICIENT|DC-M1V3-OBS-T07-J358-A-20260804T063018Z|P2,Town07:junction:358,HIST,Random-Query@matched-rate,,False,,,0.3333333333333333,,1.0,RANDOMIZATION_EXPECTATION
PUBLIC_ce456cb489ec1443e30755de,TOWN07_JUNCTION_358_UNIT01|CFG_EVIDENCE_INSUFFICIENT|DC-M1V3-OBS-T07-J358-A-20260804T063018Z|P2,Town07:junction:358,HIST,DriveClarify,,False,,,0.0,,0.0,BALANCED_INTENT_WEIGHTED
PUBLIC_38a413439a74f966c29aa42a,TOWN07_JUNCTION_605_UNIT01|CFG_LONGER_VS_STRAIGHTER|DC-M1V3-OBS-T07-J605-A-20260804T063019Z|P1,Town07:junction:605,HIST,Never Clarify,TASK_DIVERGENT,True,0.5,0.5,0.0,,1.0,BALANCED_INTENT_WEIGHTED
PUBLIC_38a413439a74f966c29aa42a,TOWN07_JUNCTION_605_UNIT01|CFG_LONGER_VS_STRAIGHTER|DC-M1V3-OBS-T07-J605-A-20260804T063019Z|P1,Town07:junction:605,HIST,Always Clarify,TASK_DIVERGENT,True,1.0,0.0,1.0,,1.0,BALANCED_INTENT_WEIGHTED
PUBLIC_38a413439a74f966c29aa42a,TOWN07_JUNCTION_605_UNIT01|CFG_LONGER_VS_STRAIGHTER|DC-M1V3-OBS-T07-J605-A-20260804T063019Z|P1,Town07:junction:605,HIST,Ambiguity-Only,TASK_DIVERGENT,True,1.0,0.0,1.0,,1.0,BALANCED_INTENT_WEIGHTED
PUBLIC_38a413439a74f966c29aa42a,TOWN07_JUNCTION_605_UNIT01|CFG_LONGER_VS_STRAIGHTER|DC-M1V3-OBS-T07-J605-A-20260804T063019Z|P1,Town07:junction:605,HIST,Trajectory-Distance,TASK_DIVERGENT,True,0.5,0.5,0.0,,1.0,BALANCED_INTENT_WEIGHTED
PUBLIC_38a413439a74f966c29aa42a,TOWN07_JUNCTION_605_UNIT01|CFG_LONGER_VS_STRAIGHTER|DC-M1V3-OBS-T07-J605-A-20260804T063019Z|P1,Town07:junction:605,HIST,Random-Query@matched-rate,TASK_DIVERGENT,True,0.6666666666666666,0.33333333333333337,0.3333333333333333,,1.0,RANDOMIZATION_EXPECTATION
PUBLIC_38a413439a74f966c29aa42a,TOWN07_JUNCTION_605_UNIT01|CFG_LONGER_VS_STRAIGHTER|DC-M1V3-OBS-T07-J605-A-20260804T063019Z|P1,Town07:junction:605,HIST,DriveClarify,TASK_DIVERGENT,True,1.0,0.0,1.0,,1.0,BALANCED_INTENT_WEIGHTED
PUBLIC_4d916f7198a4b9cf72ec8351,TOWN07_JUNCTION_605_UNIT01|CFG_LONGER_VS_STRAIGHTER|DC-M1V3-OBS-T07-J605-A-20260804T063019Z|P2,Town07:junction:605,HIST,Never Clarify,TASK_DIVERGENT,True,0.5,0.5,0.0,,1.0,BALANCED_INTENT_WEIGHTED
PUBLIC_4d916f7198a4b9cf72ec8351,TOWN07_JUNCTION_605_UNIT01|CFG_LONGER_VS_STRAIGHTER|DC-M1V3-OBS-T07-J605-A-20260804T063019Z|P2,Town07:junction:605,HIST,Always Clarify,TASK_DIVERGENT,True,1.0,0.0,1.0,,1.0,BALANCED_INTENT_WEIGHTED
PUBLIC_4d916f7198a4b9cf72ec8351,TOWN07_JUNCTION_605_UNIT01|CFG_LONGER_VS_STRAIGHTER|DC-M1V3-OBS-T07-J605-A-20260804T063019Z|P2,Town07:junction:605,HIST,Ambiguity-Only,TASK_DIVERGENT,True,1.0,0.0,1.0,,1.0,BALANCED_INTENT_WEIGHTED
PUBLIC_4d916f7198a4b9cf72ec8351,TOWN07_JUNCTION_605_UNIT01|CFG_LONGER_VS_STRAIGHTER|DC-M1V3-OBS-T07-J605-A-20260804T063019Z|P2,Town07:junction:605,HIST,Trajectory-Distance,TASK_DIVERGENT,True,0.5,0.5,0.0,,1.0,BALANCED_INTENT_WEIGHTED
PUBLIC_4d916f7198a4b9cf72ec8351,TOWN07_JUNCTION_605_UNIT01|CFG_LONGER_VS_STRAIGHTER|DC-M1V3-OBS-T07-J605-A-20260804T063019Z|P2,Town07:junction:605,HIST,Random-Query@matched-rate,TASK_DIVERGENT,True,0.6666666666666666,0.33333333333333337,0.3333333333333333,,1.0,RANDOMIZATION_EXPECTATION
PUBLIC_4d916f7198a4b9cf72ec8351,TOWN07_JUNCTION_605_UNIT01|CFG_LONGER_VS_STRAIGHTER|DC-M1V3-OBS-T07-J605-A-20260804T063019Z|P2,Town07:junction:605,HIST,DriveClarify,TASK_DIVERGENT,True,1.0,0.0,1.0,,1.0,BALANCED_INTENT_WEIGHTED
PUBLIC_55ff484b6bcd20aee1b8fa27,TOWN07_JUNCTION_605_UNIT01|CFG_LONGER_VS_SHARPER|DC-M1V3-OBS-T07-J605-A-20260804T063019Z|P1,Town07:junction:605,HIST,Never Clarify,TASK_EQUIVALENT,True,1.0,0.0,0.0,0.0,1.0,BALANCED_INTENT_WEIGHTED
PUBLIC_55ff484b6bcd20aee1b8fa27,TOWN07_JUNCTION_605_UNIT01|CFG_LONGER_VS_SHARPER|DC-M1V3-OBS-T07-J605-A-20260804T063019Z|P1,Town07:junction:605,HIST,Always Clarify,TASK_EQUIVALENT,True,1.0,0.0,1.0,1.0,1.0,BALANCED_INTENT_WEIGHTED
PUBLIC_55ff484b6bcd20aee1b8fa27,TOWN07_JUNCTION_605_UNIT01|CFG_LONGER_VS_SHARPER|DC-M1V3-OBS-T07-J605-A-20260804T063019Z|P1,Town07:junction:605,HIST,Ambiguity-Only,TASK_EQUIVALENT,True,1.0,0.0,1.0,1.0,1.0,BALANCED_INTENT_WEIGHTED
PUBLIC_55ff484b6bcd20aee1b8fa27,TOWN07_JUNCTION_605_UNIT01|CFG_LONGER_VS_SHARPER|DC-M1V3-OBS-T07-J605-A-20260804T063019Z|P1,Town07:junction:605,HIST,Trajectory-Distance,TASK_EQUIVALENT,True,1.0,0.0,0.0,0.0,1.0,BALANCED_INTENT_WEIGHTED
PUBLIC_55ff484b6bcd20aee1b8fa27,TOWN07_JUNCTION_605_UNIT01|CFG_LONGER_VS_SHARPER|DC-M1V3-OBS-T07-J605-A-20260804T063019Z|P1,Town07:junction:605,HIST,Random-Query@matched-rate,TASK_EQUIVALENT,True,1.0,0.0,0.3333333333333333,0.3333333333333333,1.0,RANDOMIZATION_EXPECTATION
PUBLIC_55ff484b6bcd20aee1b8fa27,TOWN07_JUNCTION_605_UNIT01|CFG_LONGER_VS_SHARPER|DC-M1V3-OBS-T07-J605-A-20260804T063019Z|P1,Town07:junction:605,HIST,DriveClarify,TASK_EQUIVALENT,True,1.0,0.0,0.0,0.0,1.0,BALANCED_INTENT_WEIGHTED
PUBLIC_de1f560201d776a71c241413,TOWN07_JUNCTION_605_UNIT01|CFG_LONGER_VS_SHARPER|DC-M1V3-OBS-T07-J605-A-20260804T063019Z|P2,Town07:junction:605,HIST,Never Clarify,TASK_EQUIVALENT,True,1.0,0.0,0.0,0.0,1.0,BALANCED_INTENT_WEIGHTED
PUBLIC_de1f560201d776a71c241413,TOWN07_JUNCTION_605_UNIT01|CFG_LONGER_VS_SHARPER|DC-M1V3-OBS-T07-J605-A-20260804T063019Z|P2,Town07:junction:605,HIST,Always Clarify,TASK_EQUIVALENT,True,1.0,0.0,1.0,1.0,1.0,BALANCED_INTENT_WEIGHTED
PUBLIC_de1f560201d776a71c241413,TOWN07_JUNCTION_605_UNIT01|CFG_LONGER_VS_SHARPER|DC-M1V3-OBS-T07-J605-A-20260804T063019Z|P2,Town07:junction:605,HIST,Ambiguity-Only,TASK_EQUIVALENT,True,1.0,0.0,1.0,1.0,1.0,BALANCED_INTENT_WEIGHTED
PUBLIC_de1f560201d776a71c241413,TOWN07_JUNCTION_605_UNIT01|CFG_LONGER_VS_SHARPER|DC-M1V3-OBS-T07-J605-A-20260804T063019Z|P2,Town07:junction:605,HIST,Trajectory-Distance,TASK_EQUIVALENT,True,1.0,0.0,0.0,0.0,1.0,BALANCED_INTENT_WEIGHTED
PUBLIC_de1f560201d776a71c241413,TOWN07_JUNCTION_605_UNIT01|CFG_LONGER_VS_SHARPER|DC-M1V3-OBS-T07-J605-A-20260804T063019Z|P2,Town07:junction:605,HIST,Random-Query@matched-rate,TASK_EQUIVALENT,True,1.0,0.0,0.3333333333333333,0.3333333333333333,1.0,RANDOMIZATION_EXPECTATION
PUBLIC_de1f560201d776a71c241413,TOWN07_JUNCTION_605_UNIT01|CFG_LONGER_VS_SHARPER|DC-M1V3-OBS-T07-J605-A-20260804T063019Z|P2,Town07:junction:605,HIST,DriveClarify,TASK_EQUIVALENT,True,1.0,0.0,0.0,0.0,1.0,BALANCED_INTENT_WEIGHTED
PUBLIC_6062a8b1bfa8a2f9d7209ebc,TOWN07_JUNCTION_605_UNIT01|CFG_SAME_EXPRESSION|DC-M1V3-OBS-T07-J605-A-20260804T063019Z|P1,Town07:junction:605,HIST,Never Clarify,TASK_EQUIVALENT,True,1.0,0.0,0.0,0.0,1.0,BALANCED_INTENT_WEIGHTED
PUBLIC_6062a8b1bfa8a2f9d7209ebc,TOWN07_JUNCTION_605_UNIT01|CFG_SAME_EXPRESSION|DC-M1V3-OBS-T07-J605-A-20260804T063019Z|P1,Town07:junction:605,HIST,Always Clarify,TASK_EQUIVALENT,True,1.0,0.0,1.0,1.0,1.0,BALANCED_INTENT_WEIGHTED
PUBLIC_6062a8b1bfa8a2f9d7209ebc,TOWN07_JUNCTION_605_UNIT01|CFG_SAME_EXPRESSION|DC-M1V3-OBS-T07-J605-A-20260804T063019Z|P1,Town07:junction:605,HIST,Ambiguity-Only,TASK_EQUIVALENT,True,1.0,0.0,1.0,1.0,1.0,BALANCED_INTENT_WEIGHTED
PUBLIC_6062a8b1bfa8a2f9d7209ebc,TOWN07_JUNCTION_605_UNIT01|CFG_SAME_EXPRESSION|DC-M1V3-OBS-T07-J605-A-20260804T063019Z|P1,Town07:junction:605,HIST,Trajectory-Distance,TASK_EQUIVALENT,True,1.0,0.0,0.0,0.0,1.0,BALANCED_INTENT_WEIGHTED
PUBLIC_6062a8b1bfa8a2f9d7209ebc,TOWN07_JUNCTION_605_UNIT01|CFG_SAME_EXPRESSION|DC-M1V3-OBS-T07-J605-A-20260804T063019Z|P1,Town07:junction:605,HIST,Random-Query@matched-rate,TASK_EQUIVALENT,True,1.0,0.0,0.3333333333333333,0.3333333333333333,1.0,RANDOMIZATION_EXPECTATION
PUBLIC_6062a8b1bfa8a2f9d7209ebc,TOWN07_JUNCTION_605_UNIT01|CFG_SAME_EXPRESSION|DC-M1V3-OBS-T07-J605-A-20260804T063019Z|P1,Town07:junction:605,HIST,DriveClarify,TASK_EQUIVALENT,True,1.0,0.0,0.0,0.0,1.0,BALANCED_INTENT_WEIGHTED
PUBLIC_1890c897e1745e5f0e4d8010,TOWN07_JUNCTION_605_UNIT01|CFG_SAME_EXPRESSION|DC-M1V3-OBS-T07-J605-A-20260804T063019Z|P2,Town07:junction:605,HIST,Never Clarify,TASK_EQUIVALENT,True,1.0,0.0,0.0,0.0,1.0,BALANCED_INTENT_WEIGHTED
PUBLIC_1890c897e1745e5f0e4d8010,TOWN07_JUNCTION_605_UNIT01|CFG_SAME_EXPRESSION|DC-M1V3-OBS-T07-J605-A-20260804T063019Z|P2,Town07:junction:605,HIST,Always Clarify,TASK_EQUIVALENT,True,1.0,0.0,1.0,1.0,1.0,BALANCED_INTENT_WEIGHTED
PUBLIC_1890c897e1745e5f0e4d8010,TOWN07_JUNCTION_605_UNIT01|CFG_SAME_EXPRESSION|DC-M1V3-OBS-T07-J605-A-20260804T063019Z|P2,Town07:junction:605,HIST,Ambiguity-Only,TASK_EQUIVALENT,True,1.0,0.0,1.0,1.0,1.0,BALANCED_INTENT_WEIGHTED
PUBLIC_1890c897e1745e5f0e4d8010,TOWN07_JUNCTION_605_UNIT01|CFG_SAME_EXPRESSION|DC-M1V3-OBS-T07-J605-A-20260804T063019Z|P2,Town07:junction:605,HIST,Trajectory-Distance,TASK_EQUIVALENT,True,1.0,0.0,0.0,0.0,1.0,BALANCED_INTENT_WEIGHTED
PUBLIC_1890c897e1745e5f0e4d8010,TOWN07_JUNCTION_605_UNIT01|CFG_SAME_EXPRESSION|DC-M1V3-OBS-T07-J605-A-20260804T063019Z|P2,Town07:junction:605,HIST,Random-Query@matched-rate,TASK_EQUIVALENT,True,1.0,0.0,0.3333333333333333,0.3333333333333333,1.0,RANDOMIZATION_EXPECTATION
PUBLIC_1890c897e1745e5f0e4d8010,TOWN07_JUNCTION_605_UNIT01|CFG_SAME_EXPRESSION|DC-M1V3-OBS-T07-J605-A-20260804T063019Z|P2,Town07:junction:605,HIST,DriveClarify,TASK_EQUIVALENT,True,1.0,0.0,0.0,0.0,1.0,BALANCED_INTENT_WEIGHTED
PUBLIC_79c3e1239ff10bc4df8c7a69,TOWN07_JUNCTION_605_UNIT01|CFG_EVIDENCE_INSUFFICIENT|DC-M1V3-OBS-T07-J605-A-20260804T063019Z|P1,Town07:junction:605,HIST,Never Clarify,,False,,,0.0,,1.0,BALANCED_INTENT_WEIGHTED
PUBLIC_79c3e1239ff10bc4df8c7a69,TOWN07_JUNCTION_605_UNIT01|CFG_EVIDENCE_INSUFFICIENT|DC-M1V3-OBS-T07-J605-A-20260804T063019Z|P1,Town07:junction:605,HIST,Always Clarify,,False,,,1.0,,1.0,BALANCED_INTENT_WEIGHTED
PUBLIC_79c3e1239ff10bc4df8c7a69,TOWN07_JUNCTION_605_UNIT01|CFG_EVIDENCE_INSUFFICIENT|DC-M1V3-OBS-T07-J605-A-20260804T063019Z|P1,Town07:junction:605,HIST,Ambiguity-Only,,False,,,1.0,,1.0,BALANCED_INTENT_WEIGHTED
PUBLIC_79c3e1239ff10bc4df8c7a69,TOWN07_JUNCTION_605_UNIT01|CFG_EVIDENCE_INSUFFICIENT|DC-M1V3-OBS-T07-J605-A-20260804T063019Z|P1,Town07:junction:605,HIST,Trajectory-Distance,,False,,,0.0,,1.0,BALANCED_INTENT_WEIGHTED
PUBLIC_79c3e1239ff10bc4df8c7a69,TOWN07_JUNCTION_605_UNIT01|CFG_EVIDENCE_INSUFFICIENT|DC-M1V3-OBS-T07-J605-A-20260804T063019Z|P1,Town07:junction:605,HIST,Random-Query@matched-rate,,False,,,0.3333333333333333,,1.0,RANDOMIZATION_EXPECTATION
PUBLIC_79c3e1239ff10bc4df8c7a69,TOWN07_JUNCTION_605_UNIT01|CFG_EVIDENCE_INSUFFICIENT|DC-M1V3-OBS-T07-J605-A-20260804T063019Z|P1,Town07:junction:605,HIST,DriveClarify,,False,,,0.0,,0.0,BALANCED_INTENT_WEIGHTED
PUBLIC_a63d6b0db0883c86354e7c0b,TOWN07_JUNCTION_605_UNIT01|CFG_EVIDENCE_INSUFFICIENT|DC-M1V3-OBS-T07-J605-A-20260804T063019Z|P2,Town07:junction:605,HIST,Never Clarify,,False,,,0.0,,1.0,BALANCED_INTENT_WEIGHTED
PUBLIC_a63d6b0db0883c86354e7c0b,TOWN07_JUNCTION_605_UNIT01|CFG_EVIDENCE_INSUFFICIENT|DC-M1V3-OBS-T07-J605-A-20260804T063019Z|P2,Town07:junction:605,HIST,Always Clarify,,False,,,1.0,,1.0,BALANCED_INTENT_WEIGHTED
PUBLIC_a63d6b0db0883c86354e7c0b,TOWN07_JUNCTION_605_UNIT01|CFG_EVIDENCE_INSUFFICIENT|DC-M1V3-OBS-T07-J605-A-20260804T063019Z|P2,Town07:junction:605,HIST,Ambiguity-Only,,False,,,1.0,,1.0,BALANCED_INTENT_WEIGHTED
PUBLIC_a63d6b0db0883c86354e7c0b,TOWN07_JUNCTION_605_UNIT01|CFG_EVIDENCE_INSUFFICIENT|DC-M1V3-OBS-T07-J605-A-20260804T063019Z|P2,Town07:junction:605,HIST,Trajectory-Distance,,False,,,1.0,,1.0,BALANCED_INTENT_WEIGHTED
PUBLIC_a63d6b0db0883c86354e7c0b,TOWN07_JUNCTION_605_UNIT01|CFG_EVIDENCE_INSUFFICIENT|DC-M1V3-OBS-T07-J605-A-20260804T063019Z|P2,Town07:junction:605,HIST,Random-Query@matched-rate,,False,,,0.3333333333333333,,1.0,RANDOMIZATION_EXPECTATION
PUBLIC_a63d6b0db0883c86354e7c0b,TOWN07_JUNCTION_605_UNIT01|CFG_EVIDENCE_INSUFFICIENT|DC-M1V3-OBS-T07-J605-A-20260804T063019Z|P2,Town07:junction:605,HIST,DriveClarify,,False,,,0.0,,0.0,BALANCED_INTENT_WEIGHTED
